id,ghost_prob_mlp,ghost_pred
1274691077561855573,0.036607305916486726,0
1274722590671904755,0.3670829276161441,0
1274773188072371454,0.8067529994786663,1
1274820999428562667,0.815067390415389,1
1274826163511555978,0.4298652225549032,0
1274909412180886814,0.20402608050588497,0
1274943629134607784,0.3519902448646336,0
1275276318052624457,0.2390422118313912,0
1279691717688251905,0.8157309128973104,1
1279699245295400653,0.8131707491264415,1
1279717291672022825,0.24973544588300997,0
1279747786358341953,0.15907012539292567,0
1275404590621392936,0.8513162406220947,1
1275475475744269192,0.2686583285723429,0
1275489843344572046,0.8154708107667747,1
1275564905070237292,0.380444360708984,0
1279759802665836048,0.1061609964434245,0
1279846130440111446,0.5129410092019704,0
1279894814266093381,0.8147620711230966,1
1280015420663996112,0.8108607366025482,1
1280374394750477239,0.39959666111961756,0
1275569928037006283,0.3944892472226896,0
1276167665304314021,0.7658804810536303,1
1276211315180548863,0.16366722622538582,0
1276222246131959855,0.8314202411954513,1
1276256657123457100,0.26651223135957597,0
1276897674278796299,0.399088525452566,0
1277514540857908776,0.4478559485555865,0
1277574482013322658,0.18157027364383743,0
1277579374332627051,0.19554619442271712,0
1277595699583112534,0.035595842956048625,0
1277613014804999034,0.019294520864839636,0
1280653458160564660,0.8175513399196351,1
1281059918783004753,0.7937839693651724,1
1281096465598617765,0.7622469856345755,1
1281263542832791722,0.3788858153530984,0
1281410200551469789,0.029631665539951207,0
1281431427554747842,0.8293657042959021,1
1281820673375045314,0.2758939181251345,0
1277634170164164364,0.17441447200333124,0
1277646948639349904,0.007591001241481394,0
1277860842634805302,0.025898504726551544,0
1278193226346803183,0.8151876084936824,1
1278280058999972839,0.7832643088433715,1
1278297719419174824,0.7608184570897276,1
1282016228474687397,0.3927903293519378,0
1282195238698316151,0.444862715680413,0
1282241919059204971,0.025315298958544327,0
1282471756802376451,0.49222475238890084,0
1282569577400814799,0.4254740629342018,0
1282656672679723087,0.519370638198282,0
1282704567522101611,0.4509865490180505,0
1278406710373611529,0.25767867831450747,0
1278475838727257843,0.8151922920636776,1
1278590472981134772,0.8191409297953167,1
1278904415560190202,0.4487065796454747,0
1278911804539268712,0.7784746693567444,1
1278911812432173026,0.7771551534837465,1
1278911823574122037,0.7809590015441114,1
1278970052705793205,0.783491649007453,1
1278970062508865019,0.7832643088433715,1
1278970073440413132,0.783491649007453,1
1282750052496655155,0.806761657905453,1
1282794995978969622,0.07307070556478948,0
1282846683845296215,0.4136800670273499,0
1283288496701391251,0.814162240174366,1
1283288978980733529,0.7513623154832239,1
1283352602978328068,0.7639966874162972,1
1283471496919072863,0.5666886420059793,0
1283474297986632743,0.42588216741026425,0
1278970081538305840,0.7826967597713134,1
1278970092972845475,0.782922847190509,1
1278970102927438086,0.7832643088433715,1
1278970113945077990,0.7832643088433715,1
1278970122752651280,0.7832643088433715,1
1278970132978023428,0.783491649007453,1
1278970143578030549,0.7830356831092498,1
1279026320984012410,0.30081467712353266,0
1279234564318920127,0.4641145169704052,0
1279514114428942589,0.8232539886413507,1
1279514923594862712,0.7515030463749423,1
1279519143494010495,0.7525072459367477,1
1283496810330563673,0.8470055275208969,1
1283501553251837845,0.7650470467933906,1
1283505503486436282,0.7618897170152024,1
1283506218457392780,0.7618897170152024,1
1283508781489380600,0.7618897170152024,1
1283990392173732051,0.8284111686154825,1
1284003032517870374,0.4663185549696921,0
1284082088801058932,0.6869431312451542,0
1284088122525984677,0.7721935034140833,1
1284091919702963789,0.3956854905882579,0
1279566973107195248,0.7537560663809131,1
1279567318975314832,0.8157176882355981,1
1279572005150250480,0.7511258541307719,1
1279572331775151473,0.7493360345932973,1
1279659842295891774,0.8019749094931006,1
1279662145155502966,0.7210443207984278,0
1289231744576245243,0.8167956222847097,1
1289278904502725053,0.4878434650671891,0
1289291705269129881,0.45270139530801445,0
1289364238716530216,0.8210071338944112,1
1289377257599144405,0.05787266617593919,0
1284093467523634742,0.7721935034140833,1
1284095106577481696,0.636543900744544,0
1284145570317315848,0.41169016842558837,0
1284243113357022358,0.5236781932063936,0
1284251494613331028,0.7781002375607955,1
1284305290711173883,0.7710303290605748,1
1284343037656878070,0.03359303220449367,0
1284388451174158810,0.01118934917243403,0
1284527126924891439,0.815445833047559,1
1284724376820989449,0.8097599334744111,1
1289464795198464231,0.7552672127321907,1
1289499175425676755,0.40674860140610075,0
1289900598795323291,0.8220692255788908,1
1289900853572333017,0.7534776841897531,1
1289901188619086090,0.7489002037880329,1
1289901494862642475,0.8168821404485196,1
1289911415132474925,0.8123025695135165,1
1289922974425687983,0.4152552513899254,0
1289945114068321574,0.010449698469832841,0
1284746007352463996,0.8200293157891726,1
1284751162775341865,0.7523558891623984,1
1284758582776262790,0.8067340072729278,1
1284863603199231535,0.8220952349986282,1
1284904964981044019,0.7665980736474384,1
1284913460751502924,0.39115849107111694,0
1285057395908288186,0.08194134965152239,0
1285131670173788352,0.29038570304191275,0
1289967817982388835,0.38759109457520813,0
1290020957072695464,0.8040129879491201,1
1290057302083185194,0.2077642749118612,0
1290058989653954657,0.5342262983552413,0
1290483407607835840,0.8080189810928056,1
1290483805186562618,0.7482387815492012,1
1290484171421571176,0.8113614441600104,1
1290484977399958477,0.8100929986080486,1
1290485761324301723,0.749679091995714,1
1290486157149814495,0.7524317183450981,1
1290486543911857603,0.7520869532255146,1
1290486953855587158,0.813237061638164,1
1290487391295933082,0.8137462084320879,1
1285410521873706384,0.5798180166166155,0
1285410920221186569,0.7788342089545577,1
1285415424054691845,0.7511258541307719,1
1285415763125619804,0.7451837094968055,0
1285417546013881978,0.757459981660797,1
1285418221161460244,0.7520094410813702,1
1285526805122933419,0.7559649451956952,1
1285600385879569184,0.8274626542781348,1
1285625643936118380,0.8035315176413983,1
1290487837661408556,0.7518281406164332,1
1290488256716908443,0.7526199988240337,1
1290488631237451972,0.7523558891623984,1
1290488993311067006,0.8186540351767605,1
1290490963940818185,0.8196262742705106,1
1290526529867690092,0.058820392705575396,0
1290532803928703719,0.5461112399075728,0
1290540076071378632,0.8453456533266365,1
1290543288000956841,0.7511258541307719,1
1290547153584774862,0.4101245956224039,0
1290592430548307969,0.49324675685869207,0
1285665525322635572,0.39339314928712077,0
1285887172744396690,0.11380911253701531,0
1286220872740967386,0.7814856710650333,1
1286230517484892193,0.6337342363716425,0
1286235718022470886,0.704738787095063,0
1286317209270568929,0.8039710144965395,1
1286376625557078941,0.7811845500166221,1
1286532155164209258,0.05231541277903806,0
1286942890913481818,0.8334308426052758,1
1287085243477928046,0.03550344447204175,0
1287085775345275722,0.7997814856709109,1
1290712572437787645,0.02600584325831991,0
1290748192328149709,0.3815789335335696,0
1290755893548044343,0.8403134400413096,1
1290758282015059804,0.8198917929540152,1
1290760416487867943,0.4989154328005587,0
1290768376240023755,0.0325203335301071,0
1290782983190685992,0.48671636683021674,0
1290816484307146814,0.8148549413622959,1
1291307990966527081,0.8285452803234907,1
1291676391644596684,0.3319498188962072,0
1287114426742259858,0.022789155743976948,0
1287234932645522194,0.66092121383774,0
1287296794548498236,0.40734371317583395,0
1287708947890620799,0.5048637041573919,0
1287739461481439132,0.4167210150987293,0
1287801525313977680,0.03990730449408178,0
1287828599090091641,0.014089376361254824,0
1287836731919078808,0.7942876195421197,1
1288407043479912515,0.44494159878708567,0
1291680070107054691,0.040544383114855254,0
1291882163274642166,0.3928055807293976,0
1292112304025287413,0.8236269160862287,1
1292222260992487501,0.7929997824645233,1
1288412762209251262,0.8248466376296723,1
1288458900430568120,0.7011024778074443,0
1288477502663878693,0.710082130052249,0
1288577662192155172,0.8262967052095598,1
1289091754673176311,0.5763797797347382,0
1289092106931616887,0.815986231749442,1
1289092454645037008,0.7427224602377819,0
1292243575838036094,0.2623321143171199,0
1292271677964805116,0.42403707321641343,0
1292314114066531212,0.7966312851067928,1
1292771601232690670,0.37903143940583356,0
1292797757047068752,0.48841570721068894,0
1292806829994884564,0.019307609843898125,0
1289093096431602029,0.8009498959925033,1
1289093627448198684,0.7528026724782572,1
1289094324927322753,0.7492784187399582,1
1289094659917078154,0.7506273329906851,1
1289098804404621589,0.7522794211081223,1
1289115633376306496,0.8074488191201211,1
1293188439818227261,0.7864154380979003,1
1293465649301168871,0.8105762408926576,1
1293526602357369979,0.82166599541457,1
1293536330974359411,0.04993945669480069,0
1292855173673167580,0.6497581278094612,0
1292859461638994844,0.04386009462445771,0
1292875175964979290,0.32704789293111214,0
1292887062326268292,0.008145177550344253,0
1292914943931257528,0.7659003124055574,1
1293015118025187989,0.3190073253741869,0
1293591775252383462,0.7854852415553509,1
1293603263406451329,0.054857165000628164,0
1293615937418692641,0.803212627585774,1
1293618881653216345,0.41934784844727907,0
1293622383383726855,0.803212627585774,1
1293623674511945169,0.803212627585774,1
1293624395435033229,0.803212627585774,1
1293625371508952494,0.803212627585774,1
1293626162517601483,0.803212627585774,1
1293660931410399186,0.8066187675787898,1
1293032378200701704,0.7724060246873763,1
1293119775453249994,0.2784544931597669,0
1293150378298907267,0.8106774474578029,1
2595,0.025633537227191482,0
6848,0.004691842249220504,0
6872,0.3099802852006791,0
6990,0.0028979615836598263,0
7097,0.002310946402975094,0
1293682501063425305,0.7753788894986484,1
1293804915955170254,0.7950778471363222,1
1293887002113007059,0.8211653812960902,1
1294276473817755259,0.8378058116862795,1
1294357209917236393,0.8078642760771937,1
1294387352531114501,0.1742219096333939,0
1294388669495954876,0.539584347287463,0
1294389252493707420,0.3692381814036679,0
1294390363264990691,0.4921631127411452,0
1294401352932112105,0.45787619011712943,0
7801,0.10574128379520636,0
9357,0.019196097901974178,0
10452,0.016646052237048355,0
1294401898458773751,0.06450478181719968,0
1294403149481742101,0.45026820851973104,0
1294404569677291746,0.2289282386232558,0
1294405057305124160,0.45026820851973104,0
1294484908559399175,0.829041908818679,1
1294910428499824072,0.4983766447744738,0
1294971440473634529,0.29770771048134054,0
1294981504390916248,0.3794809279959333,0
1294997733780901648,0.4961493815701873,0
1295019599160645328,0.017611923487712303,0
12937,0.0015963519932206418,0
12940,0.012568066614012172,0
14314,0.005328890105545115,0
15341,0.024947577905883214,0
15385,0.01218929145366582,0
16338,0.02756825606996638,0
16580,0.0014493368302708038,0
16821,0.003281801714748772,0
1295045557421449986,0.8268442100657637,1
1295054021439479562,0.028902616838196563,0
1295058207773420592,0.020614514685483202,0
1295060868803166653,0.7725620374701236,1
1295082372288955428,0.8109269854577217,1
1295194110768365332,0.024549748912190524,0
1295689847244408136,0.806675422317424,1
1295691703768509551,0.7545322514871026,1
1295692047470088652,0.8169939448098595,1
1295693412922616190,0.815601644463888,1
16974,0.003171667695672138,0
17037,0.017595190652666796,0
18152,0.0060744638468605795,0
18728,0.002816335706247122,0
19174,0.014970999298429332,0
19812,0.018590405679664534,0
1295697218556420361,0.7496222271441237,1
1295697579887184978,0.5424614321064426,0
1295697993602464014,0.7793701565905835,1
1295698421350347539,0.7796916395654726,1
1295698600322874906,0.7710920681770628,1
1295698918555148007,0.7789834316730209,1
1295699403133151277,0.7779710562703225,1
1295699768902276025,0.7461831069617407,0
1295700430287482572,0.816320458978651,1
21456,0.009177654054726583,0
21794,0.018336938749383018,0
23545,0.004338522944900391,0
24285,0.008996823006411995,0
25696,0.004008859893317621,0
26785,0.0023708652110775094,0
1295704285126526163,0.7487365158869884,1
1295704636780424648,0.7515963956828622,1
1295705038190222304,0.7477410856039048,1
1295758338755859808,0.8243265931704489,1
1295764760496006192,0.8243265931704489,1
1295766997019581532,0.8243265931704489,1
1295767781283506188,0.8243265931704489,1
1295774180041434930,0.8243265931704489,1
1295815857667486155,0.46076901089880634,0
27883,0.03790384409850335,0
29013,0.016663561525137545,0
29628,0.0016217907653256036,0
31130,0.014474331773426946,0
31994,0.0019989986330401694,0
33009,0.0028801122017895987,0
1295816599469836035,0.8007151837802423,1
1295948259529518223,0.8158355405529276,1
1296339138060192620,0.24927866286844172,0
1296551910916884721,0.8115177772678417,1
1296669420470600650,0.40925255418844947,0
60611,0.005811671446333658,0
38663,0.03176390750937448,0
38833,0.0027261902545017746,0
39282,0.003439503101022754,0
60680,0.008477717340052444,0
61406,0.3445721260713544,0
62925,0.004703004994969624,0
63610,0.03633284283061305,0
64314,0.015297830609754388,0
64365,0.003953409698901441,0
42300,0.01497658633339884,0
42729,0.005843280322539323,0
44229,0.004628632824564962,0
45910,0.19857473861246572,0
45936,0.006454953987756708,0
46911,0.013621324577477048,0
49048,0.03810513009675043,0
65660,0.005840729295320658,0
66008,0.01131817420816038,0
66251,0.00447564229588742,0
66974,0.003738140049328148,0
67299,0.008296669387490973,0
68735,0.023988421109824357,0
68974,0.004108731629643327,0
52689,0.004949335145888238,0
53469,0.052560729605109956,0
53470,0.3851055757026141,0
53477,0.11699961817266435,0
54466,0.7772117908144199,1
54508,0.005000839485876886,0
54860,0.00242912320887901,0
75635,0.002258093915147874,0
75658,0.05227726292215051,0
77765,0.03268766577052955,0
80684,0.1992391555705593,0
80700,0.22109283628365128,0
81739,0.5785278242786079,0
82638,0.003286472230680485,0
82928,0.009701744962725188,0
55959,0.007752046588500117,0
57166,0.004855732070996056,0
57297,0.002946948581648153,0
57874,0.002678277640166338,0
58059,0.0015357390209311437,0
83243,0.004261753651328928,0
83474,0.23461238715515711,0
84010,0.06242951094665395,0
89427,0.8512776112829479,1
92242,0.012911821987069524,0
93313,0.005883007849230971,0
94783,0.005188662201384384,0
96471,0.07480662976630711,0
59014,0.017501635842557522,0
59121,0.3320177413173431,0
166006,0.0051265315853630655,0
170761,0.0029743758820280674,0
171562,0.0288502538428145,0
174966,0.14972861816840838,0
176135,0.03606711168875764,0
98663,0.061513048596121174,0
100002,0.005274182592645302,0
100186,0.006014071994781694,0
103311,0.32646255194990775,0
103555,0.002722336062546411,0
105469,0.04409682427252602,0
106363,0.0016125364790698675,0
177606,0.007043663449226184,0
179670,0.005773970271019705,0
182069,0.006891676072788617,0
189135,0.0037933342972564744,0
106647,0.00595548739543865,0
106906,0.08708841840731234,0
107630,0.002978403396989425,0
112435,0.006085863863666145,0
113265,0.003757755459931364,0
115748,0.02150975711945985,0
116551,0.0058073777326999474,0
118061,0.009109288906867383,0
190974,0.0034640979670340364,0
191610,0.004566893233493149,0
195240,0.009459973397707525,0
195989,0.003409885085683269,0
198744,0.006716072808127722,0
199733,0.009018942233561053,0
125163,0.009381374105362765,0
135465,0.005806091055565716,0
136493,0.009778051603090065,0
140133,0.003368635516380517,0
141335,0.04648124339604509,0
144087,0.035790163348183995,0
200955,0.06195760969228427,0
201992,0.0071504987921681305,0
204065,0.012775143359285375,0
205485,0.005335866166630725,0
206957,0.006984077011023721,0
146726,0.0624378247985559,0
148259,0.007184893126552842,0
148825,0.003206068466660839,0
150804,0.006783077621910779,0
151199,0.0015283485874679423,0
152263,0.0023152608377421517,0
208889,0.01494317497276589,0
209310,0.0020604965356180328,0
213330,0.006547953282681243,0
216080,0.00569351479799804,0
157673,0.011906894025511431,0
158061,0.05008026150918223,0
162508,0.04013170213086807,0
253803,0.042925172095974025,0
253806,0.03738767965003371,0
253811,0.02547334111368593,0
253828,0.16780856466743035,0
253839,0.221986005312382,0
253842,0.15419374873206093,0
253846,0.0800106718094056,0
217580,0.09547104909085698,0
218358,0.020285366188154134,0
219066,0.025238952277724037,0
222304,0.02737991910350183,0
223930,0.05344691810949343,0
225354,0.09998151529588356,0
254168,0.3054528843256179,0
255476,0.016953158822204245,0
255601,0.0031085507134871095,0
255957,0.04212077841904391,0
257097,0.020506820137821437,0
225976,0.008665851806879017,0
227495,0.00915584408024424,0
228317,0.0077397580773993,0
230877,0.008259918592612535,0
232612,0.0014908612302572087,0
233638,0.023059139208664148,0
235552,0.02308621205843035,0
260755,0.029502713439564877,0
263232,0.8047896144421981,1
263888,0.003182293668670325,0
266449,0.012386240515836242,0
235960,0.00783276665153518,0
245544,0.018934214343301035,0
245574,0.003005406995808082,0
248865,0.05552897236634079,0
266753,0.016527532179145966,0
267376,0.046578942282221286,0
267652,0.010840872418865841,0
268335,0.5084656891188674,0
269404,0.03884345046574397,0
248966,0.01955027454100673,0
249704,0.033396452128118946,0
249867,0.2152069043364971,0
250536,0.06463382165555212,0
250537,0.8245418268454395,1
251277,0.0033601430267997372,0
253332,0.034283810296721985,0
270231,0.0029930257014683967,0
270345,0.026794790237834726,0
271083,0.00852299414448154,0
272026,0.0677238810766584,0
274743,0.4167184578765348,0
275976,0.004360674377625335,0
276021,0.3876379948908828,0
276317,0.004038928664100663,0
253466,0.03830451413152045,0
253471,0.06491679929758475,0
253475,0.01754666797488613,0
253800,0.039398323273359646,0
321136,0.011235313770738387,0
322037,0.002637049856765656,0
325429,0.005611860386912705,0
279857,0.00818100371370213,0
281851,0.005422339165751915,0
287845,0.00476904920887671,0
328744,0.007227908258601021,0
332208,0.3563039301459213,0
292800,0.007397268968207962,0
294227,0.036929125407891665,0
294242,0.0200308461842549,0
294259,0.009304459039936038,0
294263,0.010618608746959472,0
294280,0.038359898254959376,0
333323,0.005207277017834001,0
342995,0.00844978262016188,0
343276,0.00355481637410322,0
344082,0.017634916258773937,0
350168,0.15254359121280284,0
351859,0.00521936711034975,0
352651,0.12413624151519155,0
353317,0.0054522510266496686,0
355563,0.5099009606111544,0
295998,0.012970673329374943,0
298759,0.02207413972010979,0
299531,0.007873436959376244,0
301034,0.01136692153173158,0
302238,0.13551664286610593,0
373618,0.005108403057210085,0
385824,0.009881975234430681,0
386744,0.007709838783268511,0
387666,0.04685950648507343,0
389482,0.012811010462009803,0
302309,0.20525074886467584,0
302705,0.08542177910786791,0
302758,0.1137596352897635,0
305245,0.13789007332502598,0
310325,0.03488068277050084,0
310524,0.004211706218703529,0
392948,0.09430772955532338,0
394111,0.05103287749032178,0
396636,0.025625548437866453,0
397034,0.035288215380466954,0
408983,0.005634912069586289,0
409262,0.03325160176774297,0
411918,0.005816952634015118,0
413504,0.0041033557572726295,0
314982,0.004095305318637373,0
318021,0.00654019493668759,0
476983,0.0016273741917617029,0
479002,0.010367210826984287,0
479285,0.235386039595729,0
483414,0.03480477989407541,0
416557,0.01961913824649264,0
417685,0.00248658390191935,0
423275,0.022072732439777264,0
424767,0.003616435876372909,0
431865,0.005193378680190427,0
487684,0.2592896945509728,0
491123,0.003913407498803508,0
496166,0.08621786664725219,0
498052,0.002825842844711213,0
499763,0.7841478738571694,1
432823,0.13743558961398178,0
433414,0.0075174444482030665,0
433914,0.015833487239100993,0
437352,0.03531604748324112,0
439750,0.09222907110432209,0
504362,0.009518873333561478,0
507393,0.017145102976989054,0
513343,0.4648992401861177,0
513688,0.0030494397488568673,0
439870,0.32741067968980603,0
442636,0.002791324377226296,0
443646,0.029069551101168614,0
447766,0.46944809451335,0
448011,0.029578812797663993,0
514548,0.8322607231931995,1
519310,0.003322095740792132,0
523123,0.030286403254298568,0
528485,0.058462759881258375,0
530576,0.00782838826489537,0
449660,0.006065651070989007,0
450577,0.00662240884035531,0
453094,0.0022847524146985525,0
456190,0.0025803984576927156,0
456578,0.3910438087771041,0
531455,0.03823704879452025,0
532288,0.010170622882135372,0
533506,0.014376894830015564,0
536578,0.018899476052170232,0
540057,0.0029430590006622307,0
541725,0.020081739839771382,0
543792,0.005322454020847698,0
545261,0.39381917453001003,0
463042,0.010180107282115701,0
465706,0.10498666179473065,0
466277,0.0035891668098079832,0
466457,0.0027555154194370602,0
545586,0.0539433108696982,0
545651,0.06696917703002635,0
550653,0.15734994222582743,0
552502,0.04334115847618065,0
552519,0.004545963739869295,0
552639,0.003165416456694773,0
467569,0.02488735953129409,0
602070,0.020057891194884537,0
560078,0.004841022179262621,0
606269,0.010672518906560766,0
607781,0.0037742400838293327,0
607891,0.0061310411300576845,0
611156,0.022453977492011373,0
613528,0.0031209497473114003,0
570797,0.02887981310329631,0
571564,0.009617286490873553,0
573671,0.041961942491159004,0
576227,0.1387511636239583,0
581180,0.010706637265285987,0
581488,0.025945715972671465,0
634353,0.04382807198804202,0
639199,0.007889736371834887,0
582372,0.022327832561396567,0
587698,0.007681699106776767,0
590903,0.016587858513377164,0
591135,0.005524935377895063,0
641012,0.29220638455035847,0
641768,0.11074523906085856,0
643328,0.005546212031669915,0
644575,0.0331500573141734,0
645075,0.001630286469703448,0
597544,0.01715928632961648,0
597668,0.04792079300426137,0
600775,0.010706965428292428,0
736187,0.025590587513026126,0
645693,0.006528055469735935,0
646458,0.13205405655135294,0
651375,0.00908872923923678,0
739239,0.06365762589920275,0
739242,0.06322766488463216,0
740754,0.009131394771086734,0
747316,0.008958579811966495,0
748118,0.006034457034851825,0
651648,0.005056458489576827,0
658932,0.016880306621736393,0
749276,0.009844147449732717,0
752289,0.07242105118399395,0
753622,0.009669587159835104,0
753687,0.00512540508065267,0
753991,0.00320041434923895,0
754353,0.09506845897077576,0
758919,0.5021436632929448,0
664047,0.07298687021552058,0
666613,0.00529660574293622,0
666837,0.007530495389728269,0
669640,0.04869893734408656,0
675793,0.21174760055465777,0
759901,0.031192609257710294,0
761835,0.004676037885728571,0
762145,0.07243866545208431,0
765563,0.013876952631212745,0
765569,0.008532169839390851,0
680225,0.4074616683982925,0
681599,0.027052734044553686,0
684808,0.03257721673697372,0
684991,0.047646879090177126,0
767286,0.011851747676455965,0
774791,0.02207629768539533,0
777097,0.3616075193198518,0
690603,0.012934610735813725,0
690934,0.004867154459120868,0
692137,0.012903454707522103,0
698132,0.001953234410208572,0
777327,0.013162269073483626,0
779596,0.12801831984272996,0
779838,0.08575082438297384,0
783202,0.002826035007990381,0
783341,0.009683505275306072,0
784122,0.012010959375525782,0
699472,0.0014293128029279575,0
703971,0.06838150132665562,0
704838,0.010690071949809463,0
705749,0.014405268955258193,0
705997,0.04194053334901406,0
707396,0.0050056753175569246,0
784124,0.014094570322744738,0
786685,0.0037872700962726384,0
787060,0.1449809433497293,0
789302,0.11413226236365366,0
711635,0.010157252352604411,0
712127,0.03464913875379914,0
712260,0.006510290289160732,0
713538,0.001801210870467623,0
714028,0.012983770920755634,0
714049,0.015511913543000131,0
715070,0.8113367065677358,1
794156,0.016059485192815314,0
721762,0.01022208026012672,0
727512,0.015101467766295954,0
727547,0.010506614254297638,0
819956,0.020453090163536337,0
820953,0.1035902873569373,0
825129,0.004261821748293672,0
795641,0.08444744811790651,0
804194,0.007732553733761704,0
811238,0.13785709042064606,0
826685,0.00931954377331038,0
828130,0.009378276465849439,0
828553,0.02967771410670103,0
828616,0.13016728409231632,0
814327,0.014228619218481856,0
816888,0.03740310288204618,0
817113,0.013113208632449542,0
818084,0.008411519208270681,0
819206,0.007440157682847042,0
819228,0.01439743607356547,0
836720,0.015221557243687896,0
837503,0.003634094151114538,0
838070,0.013519143752221527,0
840731,0.010997598441577773,0
844319,0.0036852324728453806,0
945297,0.001148410357721678,0
951365,0.005791889248497907,0
951439,0.17308684601118526,0
953314,0.009371741628617482,0
958444,0.014940777260115928,0
846854,0.007979505446517229,0
847648,0.07598046022526853,0
848071,0.010210273909671656,0
848718,0.00804909426724454,0
850338,0.0038209955181365295,0
973535,0.0065068822098211,0
973653,0.7999102159496349,1
975250,0.02340553264561534,0
978386,0.0037424950831470745,0
982038,0.057079159662988176,0
982276,0.010835288625540805,0
850517,0.027342811457130776,0
850712,0.03264496843176081,0
850943,0.028728160409623095,0
852118,0.011329308447039934,0
852632,0.003140789056696644,0
854396,0.13749874131176273,0
856918,0.051616307943636607,0
857810,0.024230556961369627,0
983625,0.006023564832220495,0
986727,0.002570508242002267,0
990367,0.04505311381844385,0
990529,0.549249274807345,0
993514,0.09749968726311349,0
993575,0.053431560427404864,0
864981,0.015568030496189052,0
867020,0.0932885586056082,0
873701,0.003942996011545874,0
993576,0.04942533123296231,0
995187,0.009318244781314017,0
1009883,0.009394818543952474,0
1010785,0.00890645522258059,0
874706,0.0037400870940336593,0
876355,0.05732333374764994,0
883480,0.011359139536042074,0
886808,0.0020754850454430796,0
1023529,0.003561642736666957,0
1024647,0.27930982522715353,0
1025786,0.053332461629552366,0
1026683,0.026870985429701507,0
1027808,0.016452366740692132,0
1030254,0.010918780509262914,0
1035120,0.01785663954087411,0
887355,0.8373944547370046,1
890794,0.7941260857525032,1
890839,0.019603378535359137,0
1036498,0.009291610152192903,0
1038802,0.1334008337860061,0
1039984,0.012669449073692895,0
1040156,0.00545355301248423,0
1040182,0.019342028594455926,0
1042806,0.0016221554126207606,0
1043493,0.03933169917141916,0
896535,0.01853192409950952,0
904060,0.017892500094693897,0
918049,0.014870132194385405,0
918239,0.0070826666258878585,0
919830,0.0036270673967795444,0
1044731,0.01166682254549362,0
1045897,0.004557980062775507,0
1049224,0.03891540990993768,0
1056445,0.010571735574631792,0
1057022,0.061164238123709386,0
1059607,0.8375322030526142,1
1060019,0.004372011563052807,0
1063020,0.004225467696028964,0
921500,0.3695535791290813,0
924600,0.004154485962888514,0
927408,0.012722276948049008,0
936218,0.01570130446181731,0
1076324,0.13751932175350368,0
1080543,0.008603226420723177,0
1087215,0.014084198781135836,0
938022,0.00553570609659939,0
939657,0.011428087188063053,0
940116,0.01594915886195797,0
1137093,0.02558580970580664,0
1137270,0.06737424421818851,0
1138727,0.011516398796412497,0
1146653,0.1054140994279392,0
1150382,0.016569350205613162,0
1157522,0.004550923629387736,0
1098863,0.007568061432858451,0
1100421,0.017376536508851334,0
1101035,0.003045155269211139,0
1101224,0.016486578337342673,0
1102942,0.014070627058264899,0
1108309,0.012924360196522523,0
1117706,0.03379203419758404,0
1118031,0.01493556933651675,0
1166947,0.7908020987548928,1
1167658,0.006779898906374674,0
1180296,0.006370395757743522,0
1187643,0.01303720381534047,0
1123960,0.05675283597948066,0
1126492,0.055421199767766514,0
1127770,0.04724408079907134,0
1131804,0.0321759987806011,0
1195260,0.005995073252458293,0
1205103,0.0036910641714768544,0
1213745,0.22491480070375827,0
1215627,0.003345366717820824,0
1220548,0.028192865806038622,0
1221962,0.04903115746397132,0
1407633,0.301025247413644,0
1411811,0.0032870164343392124,0
1438870,0.01044504376253849,0
1440363,0.0031096351833861846,0
1245479,0.0057483170250510465,0
1251681,0.03243073787655317,0
1255828,0.0023200867241426424,0
1256670,0.37510520103483247,0
1444400,0.001657244422799339,0
1461965,0.007356920470636434,0
1258651,0.004473378368665519,0
1263964,0.002654294464040387,0
1268154,0.003286769181072409,0
1474752,0.03823731567112523,0
1476238,0.23367040190847746,0
1479283,0.03028382624705105,0
1480002,0.4720072748698791,0
1491991,0.07913973897330863,0
1278784,0.008189182784592441,0
1279234,0.1621991219346431,0
1284776,0.0189738506136114,0
1291020,0.8032217583730532,1
1506985,0.01388133466060587,0
1511303,0.01066664929248431,0
1524017,0.015738976922151624,0
1530386,0.010905782323779289,0
1533652,0.00896956282913734,0
1534212,0.014570207946045651,0
1549413,0.006843616712141751,0
1300216,0.00309240111858002,0
1304459,0.003992134733272248,0
1305346,0.057443492044260136,0
1555491,0.2633168596528158,0
1581579,0.0023223847377830046,0
1591811,0.005201612503113482,0
1307228,0.18651451716378084,0
1307723,0.019753917390939027,0
1313711,0.002363320410290993,0
1325432,0.009378042973821795,0
1326566,0.034787496082769494,0
1332473,0.04970026985406397,0
1604488,0.003274465208461994,0
1604489,0.3426483690414351,0
1617443,0.02941833236355905,0
1617488,0.008607206668211919,0
1621235,0.07509981289377894,0
1623431,0.6346183317863923,0
1628156,0.0027962323525840653,0
1640995,0.013920183239717863,0
1336223,0.04033185595554661,0
1336230,0.03784913881047784,0
1342443,0.290804887820225,0
1354973,0.0036581674452104743,0
1355654,0.046097931738938114,0
1357021,0.014816602584900446,0
1359130,0.1254931977768512,0
1645181,0.0035245380832335097,0
1645667,0.0024539587272038696,0
1649957,0.04514057615922498,0
1654929,0.0039333664688852975,0
1655550,0.32952291742091583,0
1656585,0.015056865605421573,0
1656621,0.0021988635167176813,0
1380326,0.005859708435346957,0
1386742,0.0022919047669171556,0
1392079,0.006711911543308494,0
1392144,0.03367032993834353,0
1396458,0.01941891759027574,0
1398234,0.36168921558814754,0
1668328,0.00516190656911279,0
1669149,0.010045370739088889,0
1672977,0.16949603889468964,0
1673040,0.11552266062718272,0
1688914,0.007788894292920118,0
1696381,0.013616209273499451,0
1731245,0.008925938404916792,0
1731365,0.007191616374034181,0
1734724,0.00396204028131408,0
1739847,0.026206677050895487,0
1707850,0.4342958598164285,0
1717058,0.01112355256401523,0
1717226,0.06713783237421747,0
1742654,0.006589815968350741,0
1744709,0.3518089920863812,0
1745358,0.019493979269016498,0
1753671,0.017330220865385288,0
1754876,0.05581666839805743,0
1722101,0.04484354854547793,0
1724731,0.46451925697342694,0
1944155,0.09837877622710568,0
1945115,0.006776433600546123,0
1948494,0.0023567349234671843,0
1759154,0.006176477149219566,0
1766846,0.0015434556143732567,0
1776732,0.005623309139822458,0
1780748,0.024771322424835266,0
1952271,0.008108213536721356,0
1953928,0.009413858572957462,0
1956677,0.08005749763391741,0
1958765,0.008109579790373467,0
1793091,0.0034867786999423136,0
1797025,0.005147706349163633,0
1971540,0.004990515107464457,0
1974700,0.07352965139062984,0
1976123,0.1851405777208621,0
1979127,0.010778144104595551,0
1831227,0.02905096655990733,0
1835367,0.11285946043533729,0
1846580,0.004367743357182897,0
1855846,0.027487155900516144,0
1981590,0.005062017718940682,0
1984378,0.04208738688748441,0
1984486,0.014451296998963312,0
1988823,0.0039567596327516035,0
1870228,0.007336244331579976,0
1876511,0.07753103853720358,0
1876811,0.0031168740900631388,0
1885714,0.01162961132480323,0
2000576,0.004675057826028467,0
2015168,0.0028540179928208025,0
2017397,0.009989430226806751,0
1886820,0.8364767499495526,1
1893225,0.031735573624305305,0
1897447,0.0021687658718407585,0
1901154,0.04110200810227182,0
2028291,0.008597482703961717,0
2028677,0.017862552024657065,0
1903198,0.0131273296594983,0
1914231,0.0020581067670411243,0
1918693,0.0019117860362536526,0
1921859,0.013701953622689644,0
2044889,0.05851668510242913,0
1932110,0.035048018300820584,0
1934804,0.02109887232563463,0
1935302,0.0042217814001762255,0
2051352,0.023415876542498888,0
2053940,0.2626192129038486,0
1936633,0.011245260046040585,0
1941435,0.07780117901449514,0
1941439,0.012276977069853394,0
1943394,0.8244927926121328,1
2083749,0.01681368989715306,0
2065538,0.05261686458680036,0
2069359,0.004354985385342053,0
2078120,0.07339351242824392,0
2092827,0.11934239121327901,0
2093064,0.06120505637337802,0
2093304,0.012095644014281662,0
2098030,0.014307221577929036,0
2081850,0.2773596537875901,0
2243548,0.01875635994690265,0
2111422,0.26375022668553727,0
2250790,0.1015929511119208,0
2254817,0.03219777181916999,0
2255549,0.002195519991672029,0
2261367,0.19491983102240248,0
2127713,0.024258648943368263,0
2134697,0.11856452582101547,0
2145599,0.004080523202612526,0
2267177,0.0024608260077778627,0
2281147,0.00686396279042945,0
2151479,0.0026379958994028605,0
2151558,0.04051789789314288,0
2153153,0.013100149060820339,0
2154075,0.0029200939158912976,0
2155610,0.2993616992667304,0
2284670,0.048303588263988013,0
2296024,0.1170325257100523,0
2298731,0.010964462717694867,0
2165933,0.4430021058957915,0
2171821,0.037205018475132745,0
2183423,0.005122096701643045,0
2187682,0.018781040139948225,0
2310594,0.005106198557623557,0
2314392,0.020139233551294915,0
2339096,0.004518574403385697,0
2194038,0.02431742985233221,0
2209835,0.0031589181231357474,0
2349737,0.11587508166022273,0
2373238,0.004739508966862361,0
2222886,0.46062486881437287,0
2385779,0.004118631257445349,0
2400614,0.015542005971047795,0
2404708,0.04580851854310256,0
2435198,0.02863692456994302,0
2468186,0.04320448828771652,0
2473861,0.0028519752112594206,0
2484057,0.03595957006907198,0
2485774,0.0031683125580936273,0
2440357,0.07946183048774205,0
2446430,0.006824297356521223,0
2451647,0.0021038456703213367,0
2454507,0.16177718315630996,0
2461439,0.0041795275034056285,0
2465699,0.02217391875535982,0
2508374,0.006740499555484514,0
2510394,0.01636216886223784,0
2467377,0.01772751039210053,0
2723019,0.058428155131779756,0
2538248,0.006700120403189779,0
2748094,0.010891261533509616,0
2754179,0.1319000937566389,0
2563997,0.04183584950328606,0
2569808,0.013640665856775987,0
2574386,0.29764890935334404,0
2578731,0.067451171397709,0
2781747,0.008126879400344308,0
2786015,0.008289089041496544,0
2794584,0.4959284071716889,0
2586556,0.10522455313988249,0
2607583,0.148522181706589,0
2619549,0.1753040592648862,0
2619802,0.15998863703830118,0
2620068,0.2049683223087316,0
2806791,0.003519233401035731,0
2817967,0.1349563904651617,0
2830518,0.0169458511580358,0
2629613,0.0037584923261632873,0
2636532,0.1841625770402203,0
2847652,0.0037391435522583926,0
2847932,0.20171304756476297,0
2863408,0.1952944531577271,0
2659448,0.020423120578113636,0
2659732,0.05884657130396326,0
2677779,0.008282792403430063,0
2683387,0.00881423158324397,0
2684223,0.00948213836955976,0
2865117,0.05969290135035358,0
2870840,0.005761159550050569,0
2872353,0.12704638399991708,0
2888088,0.004003362865108345,0
2889377,0.012501898898881914,0
2686412,0.006045449336420622,0
2698984,0.19947866618496593,0
2700296,0.006500471198172927,0
2700596,0.005699804789973183,0
2922197,0.005886538855399809,0
2936054,0.019979885491876986,0
2939670,0.009608149859353269,0
2716009,0.023295702282898772,0
2999527,0.4218643088495495,0
3012871,0.01920976168844085,0
2940007,0.04655954761716252,0
2942129,0.007066590033670636,0
2949128,0.0028548733531350277,0
2968070,0.0013140195814311255,0
3043467,0.04426483448270847,0
3052426,0.07774119231760844,0
2974479,0.06490350777564075,0
2976105,0.43445292029874544,0
2979097,0.20035007777934954,0
2979714,0.004035118126300225,0
2987465,0.12269990488114944,0
3068145,0.08097962404610773,0
3068852,0.09169564000377146,0
3081771,0.0035496506106904233,0
3083197,0.009659564528543062,0
2995000,0.0026319102353602707,0
2995209,0.3871188912971186,0
3271893,0.023268804322713325,0
3272201,0.09248622872537543,0
3279671,0.004689249883430085,0
3091425,0.13303077376351885,0
3111416,0.04602071955030372,0
3112284,0.015392696864142392,0
3283409,0.004230958284205973,0
3288496,0.059747106752909,0
3297016,0.012910611526470855,0
3301484,0.7719197446866048,1
3311834,0.019001646706108963,0
3123479,0.026967126668440256,0
3145484,0.041451590030013925,0
3153464,0.07353589045440988,0
3156969,0.002518902367139369,0
3339399,0.08418357937338887,0
3344237,0.00485087149236506,0
3352608,0.1264603444562884,0
3167768,0.018801927634733873,0
3187925,0.01691804698427097,0
3191678,0.0704710751919037,0
3360707,0.0051498039246040605,0
3364802,0.31582058207824004,0
3198365,0.005234256562479249,0
3198709,0.011115433359158012,0
3200522,0.004434431650968388,0
3202590,0.007353427967670407,0
3207986,0.005157032839323767,0
3369100,0.0020549537828391798,0
3379914,0.03617825299341529,0
3236977,0.2355746605211367,0
3401271,0.0038862163569563842,0
3415102,0.028107493824679818,0
3247291,0.00241710314354038,0
3258196,0.00632397423127474,0
3431922,0.22911288407099847,0
3445138,0.028197036111937152,0
3450210,0.004452703653369675,0
3455983,0.8134821309872229,1
3512428,0.0026292760904432794,0
3513052,0.399431117976231,0
3518682,0.013839375724614576,0
3519172,0.03593556584199992,0
3465651,0.0028744067573829657,0
3485449,0.01481335264547718,0
3489095,0.7553697587832944,1
3489242,0.19489951571667022,0
3490317,0.001243486316807987,0
3522244,0.01010005290480888,0
3527764,0.01609818995044677,0
3529500,0.020292823822720768,0
3499016,0.38265527075011785,0
3503627,0.047873893843254446,0
3507112,0.15455585903360247,0
3511778,0.10196791789806106,0
3553768,0.004811525496572292,0
3554230,0.0072553265532687905,0
3710685,0.012521539581328772,0
3715638,0.0023963408980800555,0
3563271,0.006712524888200742,0
3585452,0.0026903475380871586,0
3738815,0.1019502372111585,0
3741728,0.007165589888589343,0
3743048,0.0034319716591430936,0
3605524,0.00717606878823741,0
3616173,0.006628794025171066,0
3749140,0.015747516925036044,0
3760029,0.00484349877021635,0
3760824,0.02466526821207516,0
3625870,0.0054383187227693315,0
3626426,0.16774407219591767,0
3627326,0.03397792357459187,0
3765095,0.16819508591972576,0
3767156,0.002666163350819152,0
3769052,0.019790460417094362,0
3783016,0.04891535582716558,0
3785438,0.072263220489467,0
3644017,0.01674753731186509,0
3645284,0.09470181380935398,0
3652230,0.009892423325764873,0
3791244,0.06509226954165749,0
3791325,0.021845430222527867,0
3793161,0.09235403030289291,0
3803622,0.08720376302850984,0
3817666,0.25693873996666006,0
3659544,0.0018517174907589703,0
3662795,0.025944195765358384,0
3663984,0.132050061219024,0
3835681,0.003591132468713621,0
3839717,0.2208671716557541,0
3670659,0.06422773472900765,0
3677436,0.19726194553892745,0
3685704,0.003000248493761627,0
3848105,0.03775219243974175,0
3848431,0.04128055752581713,0
3850493,0.004232086600091889,0
3851911,0.007737062668309326,0
3852261,0.009913417788951504,0
3689140,0.0038959822193377317,0
3902156,0.035335662249554665,0
3866888,0.09166254349789803,0
3923128,0.1759950727809842,0
3889997,0.11387916494458092,0
3891031,0.0891796157868777,0
4070025,0.0033460623672887627,0
3945636,0.16583335124286142,0
3962389,0.09592550360778529,0
4110645,0.009765527491535843,0
4121363,0.030276386787543665,0
4126676,0.0173827804345035,0
3963635,0.01808346054562199,0
3979611,0.08719158249735433,0
3985673,0.05231889298486308,0
4128337,0.003907072754813464,0
4128428,0.050560876417057136,0
4132116,0.00519251200811064,0
4134035,0.0034539379901069632,0
4140776,0.016528704562493293,0
3987571,0.0018119638463914803,0
3987599,0.03953333496804514,0
3989564,0.0022476429560984814,0
3998977,0.44356550122574573,0
4152752,0.0010767330214876926,0
4162119,0.020400534548024988,0
4162519,0.004999991251799892,0
4162667,0.2810335748675548,0
4169094,0.02189828689362378,0
4010865,0.3799515785429509,0
4016142,0.011708943175982863,0
4016173,0.02122536489325529,0
4020425,0.06210694429871692,0
4174847,0.010492045415874056,0
4183424,0.039395342551815433,0
4183801,0.005773869425728038,0
4183989,0.01179096807378907,0
4026150,0.003968598516580479,0
4031463,0.011679129613893377,0
4033422,0.014468350812052784,0
4033444,0.004104330674162282,0
4033521,0.005776900943286004,0
4037522,0.035096558827561755,0
4198695,0.12520385192795863,0
4211459,0.13198903275778848,0
4216813,0.003199377479155708,0
4233006,0.03280908216600425,0
4235620,0.02476129468883684,0
4241028,0.0015721564973305313,0
4058515,0.11874487150768942,0
4059620,0.0037179041212179876,0
4060446,0.011820627502295648,0
4249342,0.006387776519153064,0
4260964,0.008978259417057896,0
4263802,0.014795573312708752,0
4264049,0.10704192797840117,0
4264071,0.34578644342591575,0
4264127,0.057195689797968095,0
4067820,0.009901788576144531,0
4285522,0.020268364027866928,0
4293935,0.017001268485336587,0
4265471,0.03884118008021351,0
4268286,0.0031058636412052425,0
4271877,0.0055054185005566445,0
4296710,0.01720456776566953,0
4297952,0.0027056012171380456,0
4299536,0.00936991227080613,0
4303600,0.031167319537922244,0
4305170,0.00887496745866246,0
4338548,0.01467676737033609,0
4464508,0.01907903450218021,0
4465274,0.02310095488023159,0
4472978,0.0028021632506928,0
4352537,0.015972061599886574,0
4492303,0.02952953415347124,0
4498688,0.07308664693398836,0
4354764,0.006007308209331916,0
4355934,0.005101947461488407,0
4504115,0.012267967390039273,0
4509560,0.11502103187051846,0
4514042,0.022967616173435186,0
4517848,0.18020104901687753,0
4359718,0.007674507732884499,0
4377929,0.0029270679741731117,0
4378951,0.0029599233427577932,0
4530432,0.17328148096604606,0
4387152,0.005773291846839171,0
4397455,0.009503871812850872,0
4537500,0.37843130042496015,0
4538012,0.011003130608575391,0
4538274,0.02054517079057336,0
4539480,0.08051133562786286,0
4539943,0.011578123632738,0
4399443,0.10284727359241001,0
4405156,0.009788711769967496,0
4541102,0.02404248701355151,0
4545999,0.01558733135485303,0
4549557,0.20728977221548928,0
4550602,0.00825703782364803,0
4550747,0.021667753129496457,0
4428854,0.004470499601378777,0
4431674,0.035931861630879296,0
4436944,0.03660703706893465,0
4556564,0.041361873159368824,0
4557370,0.07171477294318868,0
4559096,0.0016653968044985758,0
4440751,0.028963044092684184,0
4573728,0.004893340415298221,0
4576206,0.003634464378108631,0
4452723,0.06514833949576114,0
4453484,0.0026089758830852095,0
4455301,0.0026483839488950084,0
4456312,0.040232774556588226,0
4594389,0.07111164671816393,0
4742068,0.009180104876292986,0
4614091,0.1168809809415375,0
4614838,0.206282164708814,0
4621213,0.014252654480981725,0
4621217,0.13060952480451374,0
4747624,0.0033022921135099376,0
4621713,0.14508338609519,0
4629870,0.05230889177400287,0
4632795,0.1927770019948606,0
4637053,0.005748556613126312,0
4753918,0.8096671660158685,1
4756551,0.003114156207409942,0
4759680,0.03828390883869232,0
4760085,0.0025637672208786823,0
4643199,0.2037898236121921,0
4644669,0.007513638673586774,0
4645319,0.005120676577264377,0
4654374,0.36259624874865803,0
4760107,0.05850610748730948,0
4660022,0.006745781677183443,0
4668252,0.05238023836619934,0
4677654,0.11453882821137809,0
4782569,0.008405385114106033,0
4783902,0.773854044461349,1
4705670,0.006140592333665694,0
4707959,0.04919004022176255,0
4786675,0.02496904279090823,0
4790969,0.011997730325870452,0
4711396,0.40693144566251577,0
4714854,0.16249988186489422,0
4798723,0.27258946699804876,0
4807244,0.0039993086881877325,0
4808239,0.3061486616780112,0
4824310,0.028476405487644796,0
4824361,0.06015442393106038,0
4813342,0.2186172314541172,0
4822181,0.18751562124122392,0
4823386,0.006552055928300816,0
4823529,0.004583681157343347,0
4963237,0.04980778786165183,0
4963511,0.08906389014746358,0
4830799,0.010769810045227124,0
4968633,0.0037201466249679217,0
4968798,0.018901124574206524,0
4976848,0.010237394353257538,0
4978241,0.003850772850136222,0
4987238,0.02138373273611866,0
4845290,0.35965278825782704,0
4987929,0.011486112591112051,0
5010368,0.012534887951454075,0
5013564,0.16713961542871505,0
4860430,0.0039532334912801064,0
4860650,0.006966234166807714,0
4862917,0.40581439426937116,0
5020687,0.004303521885660857,0
5050156,0.015748566568394445,0
4880542,0.02000656113967701,0
4881420,0.011565585317680866,0
4885569,0.014315141175225051,0
4885673,0.00938470215153046,0
4886168,0.7990545329859281,1
5065185,0.01045375661819996,0
5085803,0.0787638987778612,0
4904582,0.2699357770639964,0
5094593,0.07913865335542444,0
5095468,0.007411766283331581,0
5106041,0.014229629455635927,0
5106749,0.011135497457855751,0
5113910,0.009337859710469732,0
4916340,0.0055008463448603245,0
4920338,0.8099824744123698,1
4920448,0.8099824744123698,1
4920489,0.8108850714456194,1
5144689,0.0031912625898288505,0
4928303,0.009070787591101002,0
4936254,0.0028672702289869708,0
5175054,0.005786332031929936,0
4947515,0.008895485283197264,0
4956469,0.004289242777862303,0
4963215,0.16640090895017395,0
5195568,0.36837998646258463,0
5199439,0.08788516638342947,0
5224210,0.01183918499469217,0
5519207,0.0033678305188520334,0
5520934,0.10818429481571479,0
5525510,0.012499395555918056,0
5237336,0.0026156937531731064,0
5251340,0.005545223131070964,0
5269840,0.011347768895441814,0
5274268,0.03779359614124742,0
5538410,0.7974637852880215,1
5545560,0.0031224744142047713,0
5287414,0.00950531315450347,0
5287733,0.003331811810441501,0
5291956,0.03116725066416976,0
5297292,0.007212151440071562,0
5567361,0.0019341488073478475,0
5568524,0.8012388010388055,1
5298896,0.0023796917216832468,0
5301003,0.0026668231409142243,0
5309959,0.007580551450597563,0
5579240,0.019418323931262967,0
5590262,0.1494648760809161,0
5592990,0.3579283502243406,0
5320325,0.006789735313909404,0
5320983,0.0023402497481346375,0
5336588,0.011361732971355216,0
5343821,0.0057247711335165295,0
5593679,0.15354030383358253,0
5606308,0.01555280769475852,0
5616298,0.3069974884432529,0
5627090,0.10394463008160972,0
5353312,0.07359593360655708,0
5353612,0.0016590942811285485,0
5358354,0.05014450543261374,0
5362041,0.00875416000641315,0
5363874,0.07181441567281123,0
5628539,0.13406959860950424,0
5647213,0.011621384651830945,0
5649163,0.06495563687956431,0
5649623,0.2908863674246134,0
5389907,0.0507844756765814,0
5397568,0.006100711697776848,0
5661631,0.7974637852880215,1
5663222,0.0032505245811013093,0
5679938,0.2697149505475419,0
5406041,0.0019978105280344756,0
5413565,0.008347446983333782,0
5433746,0.005518969389351162,0
5434150,0.01278811393660933,0
5442054,0.1240829363550751,0
5442313,0.29106807166260096,0
5691347,0.03073510204104988,0
5693879,0.07528305409241605,0
5695055,0.26911470821137756,0
5442584,0.03625601133208881,0
5443318,0.18003989600376274,0
5445314,0.0043567491929619295,0
5454050,0.09391064991277873,0
5469274,0.3990617820250973,0
5478741,0.01882991955614104,0
5697237,0.2841534588071588,0
5705775,0.2589896363311582,0
5706280,0.15409534477390952,0
5715049,0.002055725551481813,0
5509771,0.003904956681793757,0
5511036,0.007700040043845961,0
5756464,0.15242009581986168,0
5719742,0.05655650802930148,0
5748301,0.0029440564479927896,0
6031001,0.18848737007705538,0
6040757,0.021935226809537772,0
5761908,0.07124715116197629,0
5770483,0.009263028648127558,0
5771366,0.004812789474200804,0
6066563,0.007689082990063461,0
6069703,0.012472384087227223,0
6071870,0.060807467770669615,0
5783517,0.009912293260914674,0
5797144,0.3275762006143118,0
6079079,0.022892136978221136,0
6091850,0.0021209955661784644,0
6094046,0.006479282607475948,0
6101104,0.018540913984188275,0
5811500,0.008273926239279217,0
5815437,0.10703529974231649,0
5831012,0.411093993257772,0
5839268,0.4512620124754067,0
6105742,0.0664326142369266,0
6130145,0.00388567065446267,0
5846745,0.002545511651745508,0
5856685,0.052592513251322616,0
5860123,0.10677165178695369,0
6131606,0.0059446529553293425,0
6138423,0.160683824634951,0
6146783,0.0055671337608016,0
5866656,0.7993415480724464,1
5873714,0.0413821848276363,0
5889379,0.02440518188290229,0
5931103,0.006021168104642954,0
5944801,0.017756837558979156,0
5947617,0.7708253428955868,1
5965198,0.03323282483344679,0
6181131,0.03265212194989866,0
6185599,0.014632153802795074,0
5979363,0.07470604689656643,0
5979675,0.0024206800305991956,0
5989528,0.34559495832688863,0
5990467,0.005845917034020653,0
6000898,0.007621159350897703,0
6194461,0.011951659564920768,0
6195564,0.005436566278360645,0
6005868,0.019398561284610025,0
6018589,0.01669047055843074,0
6221877,0.012273463926612604,0
6225968,0.056105152918125824,0
6226794,0.011532934744407626,0
6255597,0.016799285978197066,0
6269945,0.008802412077204863,0
6227680,0.021703089786347815,0
6228461,0.011527853646519268,0
6237443,0.0018378233223341174,0
6237974,0.003072911585063534,0
6282629,0.019104244297768753,0
6291371,0.013072782626293213,0
6407534,0.03637497863850318,0
6421429,0.19273119747636905,0
6303845,0.05360275271658912,0
6304002,0.0510728285354594,0
6422511,0.0019029904979312611,0
6326681,0.06659668303389005,0
6327601,0.013378492453446546,0
6329973,0.007089768072239114,0
6333994,0.004532883952896047,0
6447136,0.015706228844614423,0
6343641,0.01689012737081883,0
6452188,0.003951641180742791,0
6460353,0.0377345542778691,0
6356070,0.011077889618845323,0
6357128,0.010194136312917037,0
6359111,0.012744339598292,0
6465850,0.2973196745652741,0
6474699,0.006214162295417921,0
6476333,0.11621322806525748,0
6477558,0.12598305579914398,0
6492185,0.007639758630913079,0
6380118,0.17722657273899456,0
6384275,0.006316319856201422,0
6500246,0.01093332676958768,0
6501082,0.04810357877942884,0
6505927,0.0068768670601072205,0
6507084,0.18782434097580555,0
6520350,0.009811797258462065,0
6522426,0.36869659916759706,0
6576336,0.0053350602129979,0
6585028,0.0186678240768408,0
6586663,0.004167140001757033,0
6590570,0.005872411836328102,0
6596747,0.00492935826566032,0
6601284,0.002558996698567303,0
6613106,0.012270886028145704,0
6619589,0.012330569038722898,0
6559615,0.016036990153528365,0
6717053,0.0034067386260931407,0
6634590,0.03430605644075624,0
6640144,0.011408491056125973,0
6726337,0.05276432434942899,0
6730582,0.032276710779604055,0
6737249,0.04284490741653409,0
6746003,0.004840416933260417,0
6645788,0.18537709792476934,0
6647114,0.0066683469758417905,0
6654323,0.09231772384094034,0
6747685,0.008423238805222057,0
6764316,0.00167985129118308,0
6659165,0.022177903169771813,0
6660511,0.014314942776614784,0
6660518,0.03013955013948489,0
6767047,0.03742641650405741,0
6780285,0.13927954231495834,0
6670064,0.010707542911823801,0
6670191,0.21876880079384414,0
6678082,0.00794931827467797,0
6784207,0.014055615878112876,0
6787310,0.006745988836380568,0
6692633,0.04834645733094068,0
6704737,0.015579733432834794,0
6799692,0.006447026448643191,0
6799814,0.0080365963364313,0
6799895,0.0051532032108335835,0
6799932,0.004928377500304371,0
6799999,0.007018709529109586,0
6800277,0.005724321731700538,0
6808818,0.004245253649961159,0
6716020,0.1709169924043453,0
6812690,0.025758055493447896,0
6833395,0.031076058976995235,0
6887127,0.01748360177643208,0
6887755,0.00294938981633666,0
6896737,0.011201490183164265,0
6897066,0.37722452658889555,0
6900168,0.0023622008422264354,0
6913773,0.2604113934714604,0
6913969,0.2529650010565943,0
6863691,0.034499423686239754,0
6921831,0.05051362712600997,0
6867325,0.01883782054751057,0
6880480,0.09574913374262677,0
6883096,0.01328724639507455,0
6939597,0.012824098779596988,0
7019195,0.12514852004859864,0
7020266,0.019426553133803662,0
7024138,0.003683934884936806,0
6946841,0.8107586795735062,1
7034787,0.7778230771738828,1
7037791,0.004753743370949147,0
7037918,0.0030126764433121133,0
7038801,0.009572295841760831,0
6977204,0.0025277254740276975,0
6992300,0.031872725040417556,0
7053502,0.0021516900917763573,0
7053815,0.005126078477030901,0
7054797,0.06532756225740756,0
7071657,0.006272712750925017,0
6992831,0.002155547250421915,0
6994259,0.012704285512199312,0
7004408,0.0055628928004746335,0
7072541,0.007233635745819805,0
7177666,0.02755440566378161,0
7094112,0.045894927481332295,0
7194538,0.00848875730107732,0
7202368,0.004783908211722407,0
7116071,0.00485180733880517,0
7205064,0.008066366390587915,0
7132891,0.032449207558244535,0
7254952,0.15756889474337754,0
7149452,0.2085841496239658,0
7254986,0.07742875588265825,0
7265079,0.003195211021064315,0
7272680,0.017775847024902498,0
7368173,0.4953804546776845,0
7376952,0.055877685126298406,0
7278762,0.0053548861558212575,0
7294773,0.07438456889113945,0
7381236,0.01867668725154988,0
7389120,0.013229084081751713,0
7331070,0.004526518148540596,0
7426597,0.002936028190549153,0
7436186,0.008213827450302452,0
7556153,0.03262166904921599,0
7556669,0.058499897146324524,0
7557546,0.0033182693529992895,0
7461611,0.008013029267462751,0
7462019,0.007036336329445412,0
7480520,0.008441463352034845,0
7483910,0.028976409823227377,0
7498074,0.12459023999910178,0
7594252,0.27210906204923,0
7501694,0.10206598784973535,0
7502146,0.08404021138859429,0
7516218,0.020826150152992124,0
7603716,0.008741408777494677,0
7615496,0.0025215787329215707,0
7673007,0.08373800417723025,0
7630422,0.0042475810387762845,0
7632731,0.27342219291957587,0
7679697,0.01373589210752197,0
7643399,0.19514808668716946,0
7645359,0.10705573768047195,0
7647268,0.009723724242282341,0
7692660,0.07571709347660859,0
7692870,0.0029500700978158,0
7698593,0.03937777079373523,0
7698722,0.0049102352614073435,0
7651547,0.038874188068628454,0
7654931,0.003035181450519711,0
7657879,0.0030959002806670013,0
7823495,0.023216064735009534,0
7837816,0.001681308310889319,0
7843390,0.011568991388139577,0
7843604,0.0025053561353647015,0
7746286,0.016068782475327833,0
7754697,0.029556464822225674,0
7760808,0.019480018534863523,0
7768661,0.04980798941095396,0
7856749,0.06109535073696468,0
7860155,0.002880671933481015,0
7782176,0.012548830182206932,0
7787799,0.42882028287415364,0
7788438,0.23739417323573794,0
7871818,0.0033843523743144945,0
7887966,0.011147473853382378,0
7891403,0.01308893198511289,0
7894007,0.0088571236201069,0
7788565,0.48357546839622906,0
7800835,0.0030341998309380775,0
7803828,0.032317350868613384,0
7806322,0.009171555333782824,0
7809878,0.028882233085697918,0
7816449,0.017171705793648816,0
7915542,0.05785763361254525,0
7919372,0.009515916274888984,0
8011605,0.05835335857180227,0
7937553,0.020162307776602297,0
7951281,0.0024553722152163317,0
7952963,0.011114967209704837,0
7953819,0.11061848647562274,0
7972210,0.025577258978635314,0
8040050,0.033195638721881415,0
8045552,0.002951304487360821,0
8054523,0.06393355881933874,0
8054651,0.00274286461744974,0
8055508,0.0027986234093964127,0
8055582,0.0024687282279698933,0
8055721,0.0023828818735636467,0
8055778,0.0024671738113259635,0
8225997,0.3472366599169063,0
8228217,0.26899956090922333,0
8070252,0.09350928180083834,0
8071687,0.0042588496630601045,0
8088779,0.009059670153217842,0
8240016,0.004573811340325916,0
8241545,0.08509701302353342,0
8256749,0.005108864638977595,0
8108376,0.016474859139259015,0
8115321,0.0038005082432200103,0
8127517,0.8287724534060732,1
8131995,0.42182250278718875,0
8272327,0.00505926874150191,0
8275676,0.003747163952696364,0
8281889,0.3209384005462968,0
8283594,0.053746723851225746,0
8135144,0.005650302090646189,0
8151183,0.009599808077189645,0
8293281,0.002975459026875863,0
8299030,0.03428646297853699,0
8167884,0.0051856027410893965,0
8173001,0.0013335116655390795,0
8182759,0.1483487356871824,0
8304809,0.004910320644058209,0
8322478,0.002317175292685464,0
8323015,0.012728617116284357,0
8327773,0.0021787264880860488,0
8190747,0.3179986020927259,0
8192789,0.05671641054294304,0
8206060,0.08847066555287547,0
8330254,0.017623750338193328,0
8343222,0.0031019618393958457,0
8365750,0.8383823112190304,1
8208285,0.003454238854659806,0
8219648,0.0034481196271679213,0
8458966,0.010573409427539026,0
8370236,0.003330107295025749,0
8392929,0.024503630506572137,0
8472812,0.02777308355123627,0
8479799,0.003114134563395494,0
8484824,0.3932908515141192,0
8411164,0.0691269938937597,0
8423666,0.006721903279942325,0
8489589,0.7709977651974961,1
8499719,0.005406379543873868,0
8426874,0.2159745510645971,0
8426915,0.0036034479811455997,0
8431906,0.23625491865836096,0
8511404,0.009109236249036647,0
8518051,0.018521010530763247,0
8520667,0.4192733249162232,0
8651132,0.045118650414602286,0
8664611,0.0034337287607107774,0
8530517,0.09330778189979828,0
8533225,0.004792388369307153,0
8536270,0.002346080428580659,0
8541991,0.00796255565297107,0
8667280,0.005660306988822207,0
8668115,0.0852667581574858,0
8671663,0.00939612031849928,0
8682875,0.1433270962606504,0
8684886,0.0035690094754789914,0
8554547,0.06797660769512488,0
8555250,0.004221456461694456,0
8687556,0.01062156969152114,0
8703711,0.008047184268389337,0
8704528,0.0016486385973429345,0
8709068,0.8344861691968242,1
8589729,0.003376952947624244,0
8597141,0.40253704815482794,0
8712309,0.004434018987614674,0
8730247,0.02038826897191362,0
8614204,0.010551686398696943,0
8623370,0.010809634385959065,0
8741124,0.021601835764643175,0
8629731,0.11847742366801757,0
8759876,0.21291472668636208,0
8763502,0.0023147708414086405,0
8866669,0.043540247237531145,0
8776329,0.2886979371446762,0
8793166,0.004469733973534436,0
8873479,0.0023067450864977185,0
8816465,0.02515614036486571,0
9050105,0.007560613669818775,0
8942272,0.339319970893253,0
8942467,0.008370509304015006,0
9061145,0.008355161786553775,0
8952816,0.004001694378713659,0
9064714,0.010314828026715286,0
9078222,0.007254292495769087,0
9079871,0.0041534438447275255,0
8955750,0.010491693300195374,0
9093219,0.004445801618303859,0
9097241,0.03297270890474825,0
9106711,0.15465717809872812,0
8973873,0.00781424243513168,0
8985316,0.0979039052938884,0
8989320,0.002280479619000112,0
8992894,0.01878539975049363,0
9111254,0.09698326746555189,0
9116018,0.02783240311344926,0
9117852,0.42405249688183994,0
8993871,0.00284847763323668,0
9004969,0.011407495687719062,0
9007767,0.08131377252921271,0
9118545,0.015816468773704344,0
9118958,0.010636178288049837,0
9127163,0.21912725032925856,0
9147025,0.008007099296470258,0
9155212,0.022906221497153843,0
9156676,0.0177204429082469,0
9167889,0.003599345992454726,0
9232861,0.08407436060643095,0
9181483,0.005417506737768935,0
9181806,0.004783615375371619,0
9182008,0.022308990937839,0
9237857,0.13467501967077034,0
9256750,0.005558345074665727,0
9271742,0.003549024950019602,0
9289159,0.012195989446139109,0
9372859,0.039178771574670986,0
9299164,0.5669007676751535,0
9312190,0.8052711227770775,1
9313531,0.7904069785593092,1
9381657,0.009144961808604225,0
9392048,0.04850744310666459,0
9392164,0.04845295932655337,0
9324841,0.12335434928082294,0
9325979,0.0037481635323044593,0
9328578,0.013565563644364847,0
9411467,0.036075752257901626,0
9341144,0.06799005061375125,0
9351006,0.00573125849760171,0
9355498,0.007066813648902611,0
9422573,0.008202922997042858,0
9426526,0.1870415556314076,0
9362344,0.005282768946782208,0
9435503,0.006095975186875409,0
9436038,0.21589726962979486,0
9445342,0.15047506233580504,0
9445501,0.1911325985317613,0
9445593,0.00489381042017022,0
9445789,0.3541650996048599,0
9450180,0.016635706913298923,0
9458704,0.006017765517094399,0
9461669,0.054631601298726296,0
9463039,0.08677487963355802,0
9464605,0.004837982462861879,0
9509218,0.01666516242266481,0
9510385,0.010063411460046624,0
9513511,0.12027763896383802,0
9472905,0.21252471211343826,0
9473889,0.020564235990736753,0
9476774,0.09599372910584777,0
9526314,0.0627671230598129,0
9486111,0.008224424399908762,0
9612938,0.024468731078733083,0
9536965,0.020750567633835815,0
9542259,0.00708388444389809,0
9614785,0.0031724856818682967,0
9617219,0.005352373674938349,0
9623722,0.004051785965858781,0
9544410,0.004416034974005217,0
9547361,0.08657737821885961,0
9560398,0.06339481364486219,0
9562872,0.006873176087995125,0
9626230,0.007460771124253605,0
9630344,0.2271718156295077,0
9635607,0.003745816146337097,0
9563873,0.009421601064886717,0
9576278,0.004333146463744112,0
9663062,0.07677250102782784,0
9685865,0.008808492786923203,0
9735957,0.007925237994649382,0
9750139,0.008865715411766072,0
9751043,0.0031260001604747965,0
9752005,0.0016689601545629477,0
9707498,0.006541968477669988,0
9708577,0.003961118493888222,0
9757875,0.05386630484350883,0
9720768,0.006368690889110947,0
9720809,0.06155622905165484,0
9725508,0.0485100508304504,0
9765276,0.06787677943368696,0
9767424,0.002573966780852709,0
9770459,0.020260137788915143,0
9729286,0.01195243867923536,0
9775146,0.03862642581420276,0
9786543,0.0180584614329062,0
9826628,0.004952410159373986,0
9839263,0.750044527023542,1
9788114,0.0035614066032464723,0
9843884,0.06802832034856121,0
9806634,0.006871963119416797,0
9809911,0.02698882049124479,0
9857854,0.8125560144901341,1
9858717,0.01794147510819192,0
9821370,0.02576308855632539,0
9863045,0.011377111400577641,0
9879796,0.5598988394856703,0
9919728,0.3153190727211948,0
9920363,0.39488237862893166,0
9887763,0.012513485026518495,0
9899132,0.003952118269442053,0
9901423,0.04779999448156453,0
9939843,0.06452362095496805,0
9915643,0.002945232681951574,0
9944788,0.011870664712961991,0
9944860,0.005034402462683553,0
9956834,0.005306756670589711,0
9958322,0.007983088884003522,0
10019312,0.00450448312144534,0
10031902,0.21140843417556787,0
10032487,0.04569675225809007,0
9976264,0.0035743009093938826,0
10034187,0.024925422430065652,0
10034817,0.40094176794964065,0
9987988,0.008457379260223585,0
10038170,0.18497625526070596,0
10038410,0.022219734790282285,0
10038693,0.030625185469357816,0
9994304,0.010706605303164488,0
9996642,0.001858014159930116,0
10041157,0.29890002393471354,0
10050536,0.028358762217983762,0
10052587,0.02536255305001432,0
10055925,0.05768945759619849,0
10000070,0.04170212252323871,0
10013750,0.017351171939709788,0
10057826,0.14247884428824756,0
10068653,0.2921247548559819,0
10142056,0.1209462727684303,0
10142499,0.004638316791388256,0
10073940,0.004304069828939027,0
10082057,0.10677232135071121,0
10085478,0.025243986364757297,0
10086307,0.004197229510517944,0
10089727,0.03768746682501756,0
10096515,0.1489281026924633,0
10155003,0.018909237325996305,0
10160215,0.03649763149895211,0
10165064,0.001679470917632153,0
10097957,0.056387256550639746,0
10101097,0.006371450822174389,0
10165181,0.0255616947629772,0
10165313,0.09370833791672883,0
10165663,0.002921677557475072,0
10174662,0.0023494278308201504,0
10183177,0.0855032688965849,0
10115137,0.004436502076569501,0
10298783,0.004271552894485454,0
10321100,0.027134003328432264,0
10199699,0.05121135934395746,0
10205130,0.009948455350335181,0
10207451,0.2123496742271667,0
10209973,0.13853880742342312,0
10338839,0.03447916943292971,0
10340705,0.015186866735183751,0
10341262,0.10212084458258645,0
10355146,0.013077551274289298,0
10357730,0.009029768966494702,0
10224321,0.8232658785484879,1
10243039,0.35936748543823294,0
10243895,0.0169886279089512,0
10385262,0.03746954950449428,0
10251082,0.0018520286191996192,0
10253159,0.011920302014081893,0
10267242,0.031917075516136116,0
10386341,0.0016013653658929696,0
10268073,0.12070910485941531,0
10279086,0.007955450542428247,0
10280345,0.0029441371700541343,0
10280549,0.0024406134259673607,0
10413492,0.16073760198898182,0
10413576,0.002205723318889567,0
10470258,0.004819443077045928,0
10289124,0.0049941368961274385,0
10569037,0.22802553416317,0
10478526,0.011293857757250872,0
10488505,0.15708057476662232,0
10489240,0.0026961836118631843,0
10611168,0.21045925708820024,0
10612564,0.0047979448243108515,0
10527274,0.0026295716407636065,0
10527546,0.08269355978212894,0
10634636,0.00803868215665003,0
10637554,0.0033659874104036806,0
10646179,0.17436707889670425,0
10649625,0.07697710737563128,0
10540876,0.012460850574361282,0
10542679,0.015040234693423317,0
10546254,0.024786499462133474,0
10553095,0.02344281491321981,0
10881164,0.054149991798328856,0
10709249,0.0026073595826156585,0
10710179,0.003392366454576708,0
10721891,0.12837431655232767,0
10748040,0.0029581980635203426,0
10886971,0.0046549326377729044,0
10887847,0.003507322027622916,0
10943915,0.01364143445199256,0
10980678,0.07985771240605417,0
10801094,0.022400900705250807,0
10812263,0.03212415401908551,0
10824871,0.30621801081545563,0
11014346,0.007542501670125774,0
11020169,0.004876034611021315,0
11033590,0.02844093528286937,0
11046927,0.045063199137732705,0
11069406,0.015625897577596488,0
11096888,0.7821824625222207,1
11100541,0.009040006017423469,0
11114607,0.10098393337489107,0
11302521,0.3189375287408448,0
11138823,0.00790324812620091,0
11147376,0.02799983106023678,0
11162564,0.24296756035882172,0
11340694,0.23421760978437983,0
11341728,0.4594002782096245,0
11343196,0.01222769884198137,0
11210829,0.807922802302268,1
11234747,0.018257722446443178,0
11352664,0.011480576479743598,0
11371535,0.013952292256149771,0
11371773,0.006880268630295849,0
11372267,0.25627826731473863,0
11243953,0.5332412034024007,0
11244568,0.3711305791263497,0
11528951,0.31484995467658555,0
11542467,0.0042423843708007435,0
11381526,0.20812710784815727,0
11546336,0.09255208428087505,0
11552749,0.3967991373309284,0
11565841,0.00478238646643666,0
11412980,0.0023115274720086976,0
11593727,0.026059999171934318,0
11437634,0.004054116265010553,0
11438189,0.005081891766998111,0
11452204,0.16914015650972125,0
11452547,0.08770596621426814,0
11452989,0.010077601236602509,0
11474011,0.5080919942390087,0
11604307,0.0076601305864677964,0
11609108,0.11391601751955764,0
11619832,0.006506099987823271,0
11649232,0.004771253291890765,0
11495797,0.058581884334934796,0
11496607,0.003975330792298379,0
11497938,0.17744264984855426,0
11511431,0.003298676637651225,0
11652872,0.09635837391809135,0
11653077,0.013372893941723883,0
11656367,0.8217954164601073,1
11674309,0.1598427624515725,0
11675279,0.010122599678928632,0
11804245,0.7993415480724464,1
11693193,0.003682235954346537,0
11715651,0.12441711933477237,0
11716127,0.39196103629588414,0
11720001,0.006597752724414725,0
11827451,0.008930593570761236,0
11840404,0.13604127737163857,0
11844776,0.1575753826569274,0
11753010,0.011607317734394867,0
11847204,0.2815122077077752,0
11863225,0.2388463096447627,0
11867485,0.49561557540901197,0
11872337,0.010334600729496034,0
11753792,0.18888936444234627,0
11758313,0.2294609878756823,0
11772032,0.04054210319533372,0
11790047,0.022047354258202263,0
11791673,0.021010290353228638,0
11905096,0.0035629011483795142,0
11909308,0.009986167451160967,0
11910742,0.5530840884013674,0
11803487,0.7993415480724464,1
12037401,0.24833012184858475,0
12039894,0.24907374698900636,0
12041170,0.012296630033256362,0
11927032,0.005882491308709792,0
12052143,0.015056706593338628,0
12052609,0.021493622422625522,0
12053427,0.009481970546289758,0
12068200,0.11938873618811617,0
11967410,0.24365438940008222,0
11973701,0.10240632771700685,0
12087785,0.03120483818082168,0
11984148,0.038011433218978825,0
12004547,0.004695721077467855,0
12109533,0.17235515067741886,0
12110663,0.004452811427453947,0
12112190,0.16073760198898182,0
12114040,0.08389403263713947,0
12006770,0.009282786237201524,0
12007175,0.30307468544198246,0
12009651,0.05332111027342875,0
12019589,0.32751426162097763,0
12024963,0.26587383555283495,0
12122102,0.003851849453676884,0
12135851,0.015254199434419063,0
12027791,0.2665985464357821,0
12272850,0.14300243001662963,0
12273048,0.0737956253974674,0
12325036,0.012228222483290705,0
12325045,0.005968067131791335,0
12190880,0.007018891544285848,0
12221970,0.12292805718857294,0
12223866,0.008188278479423427,0
12328112,0.07554183001105279,0
12333456,0.023928487728560686,0
12344456,0.0020140831327601547,0
12245694,0.04109965603756505,0
12359146,0.028957693982806943,0
12360207,0.01596423577452692,0
12360660,0.2970352975275365,0
12360843,0.3788110042389265,0
12252993,0.00897603912660337,0
12267599,0.004352689200823493,0
12518189,0.02627419529456403,0
12542485,0.10337363499224377,0
12386579,0.008732222220957993,0
12542544,0.003327593069969217,0
12567868,0.005187675680494472,0
12403252,0.004121227816612337,0
12590077,0.051818209275419254,0
12598128,0.3084548809618789,0
12598446,0.366699043251054,0
12409217,0.3186475129320734,0
12606349,0.06172844435247515,0
12610244,0.03438536510921546,0
12619450,0.15290409927944917,0
12624890,0.0118379839672491,0
12431649,0.3451324222745421,0
12645495,0.008309750078864022,0
12495831,0.010074239248278103,0
12658099,0.004227690249995033,0
12664893,0.006579585776432555,0
12681206,0.00949087304247017,0
12686241,0.014394282115669873,0
12778678,0.06964640051191097,0
12794791,0.006413428866422603,0
12701430,0.011378197435551504,0
12702291,0.40274058482970365,0
12703851,0.12658910183784858,0
12713863,0.008701866428439219,0
12804309,0.0030028797828323935,0
12806016,0.006633751509258971,0
12806356,0.031181233716995,0
12806940,0.008697978399531701,0
12810210,0.0257193170901226,0
12811459,0.035436098485957544,0
12812577,0.033494468507098425,0
12723066,0.10094591616712012,0
12737192,0.04003506191830988,0
12827964,0.030504415588477798,0
12829063,0.007541450686310529,0
12832371,0.5223808556429043,0
12832899,0.46374187546594603,0
12833187,0.5369567916999294,0
12836808,0.021479614927179598,0
12964763,0.34890202641902235,0
12965215,0.0206163729716944,0
12852083,0.03204284597693486,0
12856720,0.009007920221292725,0
12856987,0.7676261751877522,1
12985547,0.17533572486201462,0
12866207,0.018577524907999934,0
12867918,0.06265760673050574,0
12869930,0.3537934584502384,0
12888052,0.4719153310687798,0
13004961,0.01650382819191086,0
13004967,0.020285870891931932,0
13016783,0.844767148661936,1
13024560,0.4430798743782963,0
13031854,0.010986873154258853,0
12924969,0.4287831946133138,0
13042637,0.002961137870385689,0
13044689,0.028845548872138378,0
13046279,0.022095988760755515,0
13047541,0.05079658117513993,0
13055856,0.00556943733253629,0
12950991,0.007876582347225646,0
13113906,0.00423508542542053,0
13075158,0.014849322306885819,0
13117094,0.006803520756216975,0
13122932,0.3539700449397423,0
13125552,0.0022897424210961913,0
13130313,0.1896425502423567,0
13081306,0.28892107901537245,0
13091684,0.1128617672722596,0
13135589,0.15446937358096297,0
13135822,0.0032852760937519252,0
13139892,0.24654765788351893,0
13098705,0.023837994808521105,0
13101855,0.004670541698374246,0
13107627,0.02574096604893357,0
13108573,0.44514490555629815,0
13154343,0.015498913713912118,0
13156126,0.12558965263900557,0
13163474,0.3600883362331581,0
13169559,0.0035083868742018845,0
13170159,0.024877539465618093,0
13183826,0.02642257200395885,0
13276930,0.6555834209828929,0
13291508,0.011541429642974124,0
13294325,0.011971449348863706,0
13294471,0.0045334553301095365,0
13295613,0.10711265398711896,0
13295693,0.005539327159573301,0
13187006,0.049640978988911996,0
13209522,0.008371639115324622,0
13217170,0.024139637409640837,0
13218139,0.0071429260123924325,0
13222140,0.03165709092567204,0
13317650,0.021464751273662527,0
13332816,0.011995379870330997,0
13355002,0.0019377314660001127,0
13222669,0.012122174876933636,0
13231566,0.016137134179618557,0
13234457,0.4699902939592542,0
13236366,0.07022500046112048,0
13360675,0.023046145107404256,0
13361613,0.010695920618875069,0
13371699,0.00446166479633253,0
13373898,0.01254272155525086,0
13246042,0.005704849637698869,0
13246278,0.1660217749702062,0
13375642,0.01680450500137052,0
13384425,0.022484484055055702,0
13388210,0.09844247160873508,0
13388649,0.002394322215116031,0
13264690,0.010942482861620214,0
13436258,0.006755492587785235,0
13445057,0.43498619034663955,0
13451379,0.043945968758210885,0
13389280,0.8064520923330474,1
13392858,0.0677634350240233,0
13398340,0.001995950028691955,0
13398348,0.005121725321106027,0
13451811,0.021469363640422814,0
13474455,0.004784142481877051,0
13408222,0.010342757078327826,0
13478244,0.003564122040618317,0
13417071,0.029215354463598,0
13422992,0.015422845316598559,0
13424027,0.1456419051203772,0
13426615,0.009527201196893665,0
13494095,0.03225282466581131,0
13494532,0.005575400158289647,0
13621211,0.12125708056877892,0
13495012,0.1361462768947515,0
13507677,0.1913291460445432,0
13624873,0.0071434604388454824,0
13640966,0.006252472369007877,0
13522948,0.5090287055496957,0
13526398,0.06780209023523695,0
13548357,0.00918436283320899,0
13554710,0.003210689607060579,0
13556607,0.35965876086605847,0
13559208,0.0058677835628499495,0
13564134,0.00895730547572333,0
13669064,0.16659945460832018,0
13674349,0.008078533317474237,0
13674799,0.0013767834514965495,0
13680628,0.8017989182707772,1
13573828,0.1118458543377292,0
13587436,0.02543326393533018,0
13591017,0.005135698679382027,0
13685807,0.004032012291739529,0
13710241,0.026217019064915564,0
13603364,0.004955736567700982,0
13604994,0.14230483205878428,0
13605192,0.015120064533403851,0
13614714,0.08432787681155406,0
13724284,0.0014714859052768299,0
13727552,0.8316875013849706,1
13752815,0.008079188839810729,0
13766130,0.004227108672012124,0
13769545,0.0046588286676062145,0
13730290,0.005693123989825317,0
13732215,0.004932933791418012,0
13770996,0.015439641384956262,0
13771529,0.03574779055156113,0
13788132,0.0019403994809031077,0
13794689,0.161773496244247,0
13795744,0.014734344977656036,0
13745644,0.07178440805338372,0
13936824,0.010434512595399468,0
13938420,0.0032424632838678183,0
13813731,0.0037081936647544067,0
13821190,0.010814976443282776,0
13825154,0.010915539644140607,0
13827959,0.00745324561678677,0
13954583,0.2503678217268438,0
13959556,0.01921902040451738,0
13848005,0.005760147360422474,0
13854483,0.028071841894967576,0
13857291,0.008155219546329381,0
13980860,0.01015611610839632,0
13980911,0.007124570544470302,0
13990841,0.00872139515764829,0
13876681,0.027161619507411666,0
13879611,0.5512635497280552,0
13881135,0.011557603899495825,0
13997552,0.0027829916724571276,0
13997894,0.009379755422314945,0
13998223,0.003865240343817464,0
13881920,0.25475492684303647,0
13882394,0.5722555889492523,0
13891485,0.5383080043870798,0
13894813,0.03876451753577912,0
14006823,0.303028111951889,0
14012274,0.39322149228214687,0
14024651,0.021791770893461977,0
14025561,0.07478933091246202,0
13902725,0.004592388198725478,0
14028018,0.2506130193699402,0
14029633,0.004159727725514968,0
14030375,0.0053788711862570605,0
14043464,0.13832635186099035,0
13912712,0.050909436251934274,0
13914201,0.00544412633282172,0
14055238,0.0013311865385424659,0
13920801,0.006240975546869957,0
13926702,0.06044373836087712,0
14139553,0.06109939032588239,0
14140552,0.07039758984149067,0
14142298,0.010491669509263656,0
14103515,0.05025397525221958,0
14110407,0.09095464518592351,0
14143250,0.025965375999705755,0
14151487,0.055256094473139034,0
14151551,0.006769054374063223,0
14152775,0.024466657834630274,0
14153255,0.027992949347474122,0
14138302,0.384801766738157,0
14421383,0.005660026124871489,0
14177028,0.004499771159163135,0
14195437,0.49126796028547,0
14429976,0.003188430060860124,0
14444422,0.2540371463969399,0
14446717,0.03834596690392245,0
14450268,0.017996322946945108,0
14452731,0.004539525719828126,0
14462592,0.025566607618235666,0
14203693,0.004813584757187501,0
14213699,0.6488961103226163,0
14214403,0.0038867673902029044,0
14215652,0.00975768424180397,0
14216896,0.8137697232875054,1
14222252,0.004956493646845043,0
14463527,0.36528770910577196,0
14465415,0.027782927416269493,0
14467602,0.49968639301998563,0
14470437,0.006192503816991512,0
14471418,0.3091074647289097,0
14472272,0.004828090931949206,0
14237397,0.0067036478121392535,0
14485372,0.010201917723479979,0
14485877,0.007964600603931449,0
14489615,0.01774671152859801,0
14507274,0.009008725884023105,0
14262383,0.01022725019311023,0
14275887,0.013028402882806552,0
14281526,0.002615542229707211,0
14281865,0.006282931010967799,0
14296598,0.005054097526473082,0
14529806,0.009700888568886665,0
14316284,0.013799281179695809,0
14318774,0.003054405780628959,0
14557504,0.01117220098477682,0
14575138,0.2147128112074039,0
14588156,0.006893474710762726,0
14595903,0.029868651516616423,0
14322869,0.002564614712754802,0
14339989,0.015539235521546835,0
14341397,0.002388642418239518,0
14348580,0.010463088790795317,0
14351693,0.018927709381831984,0
14616377,0.00770109298860731,0
14619860,0.06871433987182263,0
14625676,0.021400687114329485,0
14628080,0.011057152931753016,0
14359772,0.004792283124611591,0
14654573,0.004457875215051443,0
14661553,0.0034964356196296046,0
14686840,0.3400617065013371,0
14686954,0.0061158886455768575,0
14383742,0.15256381342598327,0
14388889,0.005959038236163357,0
14692459,0.1746731361946719,0
14696542,0.002599731171679142,0
14707648,0.001964360005728108,0
14710763,0.002345876256659021,0
14406923,0.010232330099903349,0
14408114,0.48198784522203914,0
14728630,0.01752702085214965,0
14730708,0.3414836758801735,0
14420353,0.16048630625838842,0
15083571,0.12857013201932102,0
15083823,0.003208507316331317,0
15095589,0.011498764458564131,0
15115382,0.0013931459481792972,0
15124396,0.8098023983331724,1
15141938,0.001422992626861511,0
14787179,0.005035527388450597,0
14788009,0.0033765706800960504,0
15159731,0.1059993596308293,0
15188621,0.03870720559637049,0
14826817,0.009114658648456779,0
14838161,0.2646263122565261,0
14839995,0.009453793970413564,0
14843553,0.005564264170320127,0
14855614,0.20154109929603903,0
15206272,0.03810706747320815,0
15234773,0.021047857712950098,0
15247262,0.0031890074116754956,0
14858777,0.095360852509845,0
14864014,0.026160987027318974,0
14869215,0.046104518040838254,0
14872249,0.03130965306520757,0
15250033,0.003521767747344291,0
15250168,0.010160135404200174,0
14882046,0.02424864457700957,0
14882309,0.005473788428847213,0
14892623,0.006075316927892521,0
14911767,0.11585636024368888,0
14918238,0.0015778800651259427,0
14918404,0.009247173901781928,0
15260962,0.016406645911408408,0
15268654,0.005292071250537125,0
15268792,0.07516834001438341,0
15272484,0.23473669797535462,0
14925506,0.811095866379559,1
14931156,0.010283969385091194,0
14933521,0.010178636639080876,0
15301748,0.022612573328211386,0
15310919,0.01820915309644217,0
15312128,0.0031898623138207636,0
15314054,0.15711272027303005,0
15326243,0.04592732940296765,0
14961122,0.003983380601016007,0
14963736,0.4632838443793019,0
14968436,0.006762376774445753,0
14982260,0.00498492973718994,0
14987516,0.016700036007807634,0
15336596,0.029486594582750714,0
15338155,0.007239438841758533,0
15340854,0.033592179019213096,0
14994076,0.10660001866449471,0
15033685,0.004082825426914414,0
15037251,0.00485053234071661,0
15038469,0.0022492614110491845,0
15343302,0.18987077202557956,0
15345019,0.13117924121747268,0
15347268,0.4263152637568905,0
15360687,0.006756442749844328,0
15360787,0.008940317273983478,0
15371951,0.0055623807736356525,0
15066269,0.019722239732927332,0
15381675,0.003971237913776875,0
15393322,0.12135123424799471,0
15436836,0.0018454564614915829,0
15436871,0.01008189912950994,0
15444619,0.0028560965565038246,0
15411988,0.005818028232946752,0
15421244,0.0036337206218857382,0
15423552,0.05984870727841199,0
15473752,0.010556397894769934,0
15476794,0.802478109187872,1
15732919,0.7903272546913426,1
15733438,0.005127458932989846,0
15482966,0.029817732122014075,0
15485880,0.0028176718920172317,0
15767741,0.5307857153276585,0
15769077,0.04874982839489955,0
15495132,0.07886741056251476,0
15506009,0.19094035047597568,0
15507375,0.005060114356013199,0
15772447,0.0016004059194506621,0
15774003,0.0028131400235356023,0
15774629,0.0031055882508467685,0
15775085,0.8375322030526142,1
15781324,0.1281750598153369,0
15522627,0.008258369169411124,0
15527416,0.0037031605028889367,0
15549056,0.004048639603463833,0
15784377,0.38318492540911087,0
15785088,0.0017878217169837766,0
15790974,0.21627058871642124,0
15569019,0.10759717148877829,0
15581948,0.002101941982474634,0
15583957,0.44713860453447335,0
15597600,0.00626041877617648,0
15799340,0.00991093549756513,0
15815905,0.012158827848910397,0
15819665,0.0027654401957901806,0
15635167,0.0030968971238362255,0
15641341,0.2954916102268991,0
15822044,0.8068310323269219,1
15827829,0.2728833634829815,0
15844782,0.00512834844812695,0
15675520,0.12767894240050884,0
15845669,0.01916725700920715,0
15847347,0.05952933067314242,0
15854548,0.016213435862202426,0
15857118,0.009739623739577754,0
15857259,0.21841250315732177,0
15706863,0.0035769451583318786,0
15715486,0.13238733752543108,0
15723889,0.20268791678155618,0
15728780,0.022629430299332114,0
15857334,0.04173925332474541,0
15858847,0.0035851540410837897,0
15732405,0.8174835539291654,1
15732778,0.024630699241112282,0
15911729,0.8070545074066503,1
15928001,0.09612028418678906,0
15928635,0.0075644726757345985,0
15928835,0.009999254201137264,0
15992078,0.02741648770214358,0
15995824,0.21223928186441984,0
16004776,0.0031471490864549323,0
15929281,0.012284914464280013,0
15938836,0.01854740385681351,0
15939056,0.015367386839062067,0
15943497,0.005858327626425122,0
16005960,0.14415606407288928,0
16019792,0.009923060776541487,0
16055506,0.007546702102607443,0
15948069,0.323972075601749,0
15952447,0.0037782978352642153,0
16063885,0.005360457376082107,0
16070567,0.28438128742290386,0
16229170,0.0054278473764037775,0
16122024,0.0029409790519912262,0
16122082,0.22811465929661515,0
16253413,0.008581441216098001,0
16254609,0.00720035117668894,0
16123943,0.06672567483611966,0
16132114,0.036588556342197355,0
16140940,0.04637437793588829,0
16148036,0.04063724816193914,0
16157731,0.006825800714883847,0
16158343,0.16874394294990547,0
16269344,0.12602770575774375,0
16274061,0.12617195937889794,0
16299489,0.4549954534958264,0
16174233,0.06064130066801578,0
16180645,0.007867977517361157,0
16311616,0.05898343272906981,0
16312498,0.2904741398816442,0
16313547,0.347542911452985,0
16212767,0.06330539711622181,0
16216301,0.16730082180768935,0
16331234,0.007965370764369786,0
16332492,0.26885617139758716,0
16220003,0.04356495660767583,0
16377144,0.034477500815848015,0
16380794,0.0038028525488117207,0
16352982,0.050793514163380744,0
16396241,0.004079289174355035,0
16402746,0.012321768477756201,0
16405590,0.5486310938202007,0
16405668,0.5493133582043607,0
16365878,0.002753085923823035,0
16556049,0.027390198202427017,0
16409634,0.0315258810759112,0
16413797,0.06177047629706857,0
16556211,0.019316934915884983,0
16426123,0.0275022508128204,0
16428383,0.025834523042216066,0
16581779,0.012881095167735503,0
16584445,0.789302826989775,1
16584878,0.18888936444234627,0
16449771,0.013615294458806663,0
16454273,0.009155827184424587,0
16613747,0.003923387728094926,0
16620235,0.003374568425595509,0
16621121,0.03011548185463459,0
16467731,0.042726504395592405,0
16649739,0.003549602404018306,0
16659292,0.005352725714033142,0
16480273,0.00553270184232941,0
16488787,0.0028006990839987136,0
16506016,0.006959974192851793,0
16677170,0.003219176021381487,0
16683957,0.04574577149681079,0
16533105,0.001572436144099858,0
16534157,0.004975521826414487,0
16534321,0.13710947498522905,0
16721040,0.275335301207406,0
16855055,0.006620104256604424,0
16859099,0.016418457957462402,0
16873148,0.004668005443028793,0
16735133,0.07247160205147139,0
16735801,0.0018286049376830928,0
16769229,0.006054870479359136,0
16776959,0.3520587460897351,0
16778711,0.003338045034637638,0
16913950,0.3629235828881291,0
16793649,0.005725531210857196,0
16802965,0.01772534673759188,0
16806575,0.04371647975924865,0
16954330,0.007131155059842981,0
16812429,0.029864529029343275,0
16846366,0.030480918851490856,0
16962435,0.048049976868240835,0
16962471,0.3087561094153654,0
16965094,0.004731804432137257,0
16969156,0.036586237841848064,0
17249755,0.008232935708339155,0
17263207,0.035928800362893844,0
17263550,0.009505801831350462,0
17265284,0.0019752690679441637,0
17266124,0.0015686727741239701,0
17286647,0.027464610207048906,0
17297467,0.0684885078340018,0
17044854,0.030419894466092764,0
17095035,0.022489363764318263,0
17097495,0.011693322877039027,0
17321243,0.004542862620838066,0
17339881,0.0034690523786913307,0
17106014,0.007777720339947585,0
17107608,0.10149499892400576,0
17117631,0.014184154370482208,0
17122054,0.003963766582549016,0
17122439,0.0035724229682416032,0
17347938,0.004263659751886311,0
17367187,0.006849011534511057,0
17367484,0.40485839741264507,0
17122814,0.007112956952878527,0
17123646,0.026353934006448664,0
17370778,0.004730974201977381,0
17382091,0.09176215671034814,0
17383253,0.10909048372974589,0
17153913,0.003816531912424506,0
17157615,0.002368586005345164,0
17173473,0.005398285344529484,0
17177726,0.02408590749730754,0
17416959,0.8210801243409218,1
17419342,0.03279711985894388,0
17431995,0.019601240078646928,0
17433572,0.04411374357132141,0
17434184,0.026402739257592425,0
17447150,0.09445119417634286,0
17211583,0.008653055295249385,0
17218433,0.015280467770676615,0
17593421,0.02715963843020915,0
17603059,0.003770934262691631,0
17605478,0.02572930946398609,0
17489509,0.004449858790516851,0
17606753,0.025552697047080623,0
17607132,0.0876038180864398,0
17611001,0.005680590420632611,0
17624418,0.13628888146700952,0
17494614,0.22089754447534776,0
17512277,0.3285688956762779,0
17512466,0.10708829880651179,0
17515734,0.009231024185850728,0
17632840,0.006408811547387607,0
17652158,0.004675360052376055,0
17653243,0.2655509561612193,0
17653754,0.0057964121935378385,0
17653791,0.013711213144866136,0
17654611,0.008864820502833283,0
17669480,0.0023880256815848894,0
17685710,0.07854595835817917,0
17554298,0.0023584912977957432,0
17554981,0.14751033527395266,0
17556480,0.036481318936801926,0
17713865,0.007035687462215957,0
17716140,0.0070102508974061815,0
17731891,0.00755691382876382,0
17569080,0.26199230799726775,0
17587000,0.002379921480261034,0
17750380,0.011481370808426757,0
17759478,0.007145714113665301,0
17764355,0.004129731947886453,0
17781440,0.00423587667869844,0
17940029,0.004161165572688305,0
17943407,0.028548433522054474,0
17943732,0.031812976428098196,0
17951580,0.008172676111141428,0
17796480,0.004622204583115077,0
17810201,0.0042692706054698265,0
17971311,0.8146617416405992,1
17974244,0.8402080393870822,1
17980772,0.05066667029031586,0
17981267,0.01603003088835777,0
17832214,0.10376250047458886,0
17844132,0.8124656821293902,1
17857431,0.057338494636545514,0
17864665,0.08263922577612114,0
17866018,0.014099840344266649,0
17866206,0.006992409886639535,0
18009149,0.004487408925147202,0
18022636,0.0030530336784305207,0
17876530,0.0123392843682184,0
17899730,0.02431383586452527,0
17923261,0.004780325217353723,0
17925111,0.17858586895133552,0
18024561,0.0037719532891151253,0
18025228,0.10073076439833771,0
18039693,0.1894729940949579,0
18040970,0.011178495756457891,0
17929219,0.018643879839032318,0
17938337,0.005058724613574891,0
18210106,0.8241589733009546,1
18211851,0.03064154717912405,0
18215065,0.005648757459575924,0
18225912,0.008157494772774313,0
18071399,0.8246593786635941,1
18076911,0.01054097034116054,0
18226037,0.02945842489813853,0
18226108,0.005749757007829444,0
18240963,0.007882632019468941,0
18251681,0.002190700155530096,0
18077042,0.001962023095471248,0
18085447,0.02977939552963634,0
18087564,0.03174936820220841,0
18254314,0.05962462696917552,0
18268053,0.33278980163488503,0
18271282,0.1587981675950742,0
18274232,0.008967141706024686,0
18120404,0.02880562155849604,0
18120946,0.009568999775070067,0
18124558,0.008406944416505285,0
18286926,0.015428763653860103,0
18290561,0.008308401108076489,0
18303895,0.005445825147918298,0
18308486,0.012205105009690255,0
18133502,0.01551174811213191,0
18179365,0.31514667329075935,0
18342361,0.0031438240784048455,0
18345358,0.21416436065449074,0
18348512,0.010454115702847797,0
18188958,0.026597497342182874,0
18490141,0.023528808227922842,0
18358363,0.03433493962953333,0
18358606,0.0070323660018472576,0
18359018,0.20097135087248438,0
18499074,0.014462129983152572,0
18506841,0.002847313980717833,0
18385188,0.003679441956565608,0
18393354,0.40661611559507793,0
18404373,0.26233250334788893,0
18518380,0.4797958328576964,0
18543045,0.020676961656199856,0
18411427,0.017054481544208515,0
18412771,0.03291098943609765,0
18550867,0.006248761067421799,0
18560569,0.011339334440051715,0
18583467,0.0032004315426827266,0
18448446,0.3453737284665342,0
18449954,0.009202220954101182,0
18455830,0.004044595321648236,0
18459547,0.12168178867654894,0
18586873,0.013938832560572788,0
18596197,0.22058654709086536,0
18599352,0.22677965514402454,0
18721209,0.016668621453884012,0
18629154,0.00869056227740645,0
18632502,0.006796506464392351,0
18750465,0.22344294873847897,0
18753645,0.0024917254101033057,0
18757521,0.06115127188464156,0
18657204,0.006797845776127225,0
18768741,0.4061914821586935,0
18787858,0.478208533809306,0
18789421,0.0039124860578978,0
18792703,0.5441564259199863,0
18793922,0.2771908546981621,0
18795447,0.010477696251382881,0
18662619,0.008464002723396653,0
18668322,0.03732160519941706,0
18671835,0.0015615369828744345,0
18806323,0.0034723963205195016,0
18812046,0.017412098220787955,0
18812153,0.10397403321579647,0
18820446,0.3599916729204797,0
18823971,0.1607086892670393,0
18683879,0.3219108218255438,0
18689454,0.057432168394471926,0
18692028,0.006096952972172872,0
18824754,0.010966198101289692,0
18828846,0.014394295380928462,0
18836532,0.009621805378915898,0
18704413,0.0043592890844144335,0
18706893,0.384808798139193,0
18718195,0.006841204423695421,0
18993091,0.010580620469601969,0
18858192,0.005051269395781722,0
18872610,0.039437763317672875,0
18873598,0.49017091670941193,0
18873930,0.1674483988156258,0
18993398,0.006591505638266867,0
19001879,0.02360526373135587,0
18874640,0.26010511910450407,0
18893778,0.10237113459799152,0
19028078,0.05082297756373413,0
18895187,0.02310254813589189,0
18917771,0.007511718560449968,0
19057060,0.019490386675224913,0
19068933,0.06458479243779822,0
19069305,0.003216912474172891,0
18942735,0.10788659017131923,0
18970683,0.013122945364904715,0
19081472,0.8555094942762194,1
18971993,0.005984463290973873,0
19200270,0.007736992938216391,0
19094459,0.051034285398741365,0
19099720,0.015434739296144051,0
19102027,0.006570198230130275,0
19222766,0.030600536809972205,0
19226980,0.8615907540732608,1
19118963,0.058455132550126,0
19119686,0.0871424623136986,0
19120544,0.2659556353863464,0
19133220,0.011466764053824303,0
19227693,0.16956541582755819,0
19245930,0.009509040439358792,0
19138221,0.014099003545112874,0
19162180,0.005214241856507788,0
19246114,0.0038679968810322652,0
19250742,0.008858980687393804,0
19251668,0.03906481926110305,0
19164049,0.007211854053568979,0
19278895,0.00943032651196251,0
19284253,0.11899481736663524,0
19294842,0.02401598533583789,0
19404654,0.00778203868728791,0
19297780,0.8164408025322193,1
19314589,0.0019325317257213761,0
19319184,0.01768007924258247,0
19326306,0.08886358656232123,0
19407992,0.00993834436672782,0
19408914,0.42928017404673297,0
19409299,0.29262548207369327,0
19330704,0.005474891696967132,0
19412207,0.014942500801537622,0
19413467,0.11608203581319987,0
19360685,0.025460564477689213,0
19379952,0.09069925336092166,0
19424191,0.2551888258162929,0
19382819,0.05138345337874035,0
19470210,0.016374147600869467,0
19470370,0.18397642663005534,0
19401219,0.015020725376177572,0
19485668,0.7863024164575312,1
19660325,0.056293352760201976,0
19661733,0.015181344229749785,0
19505956,0.27190121033401465,0
19523894,0.00881329335921982,0
19528326,0.015095865695500194,0
19673107,0.3921906309433017,0
19673318,0.07327791985213832,0
19674497,0.17568948772116041,0
19554564,0.0018562951210845872,0
19692421,0.32604503345029207,0
19693245,0.4322393579910357,0
19696674,0.0035612581480245044,0
19699039,0.11879353647727385,0
19563107,0.48844294509696035,0
19566557,0.052391191070986456,0
19568889,0.00961847490982821,0
19710276,0.2941536534003415,0
19710742,0.0024933536728056547,0
19583985,0.42359249940930405,0
19590209,0.04420053332929187,0
19731551,0.053443852638800436,0
19596021,0.004504317245523927,0
19602390,0.007250236188398292,0
19618401,0.7681014489193697,1
19747278,0.007253601459693557,0
19748553,0.0038960250065034198,0
19757672,0.46076047849781093,0
19766791,0.012278993572527971,0
19811816,0.8441306370835289,1
19767924,0.02050547685148875,0
19768754,0.016326808955643108,0
19769912,0.003180256179630885,0
19769974,0.08299778686260123,0
19784085,0.12107926236450878,0
19831458,0.23053088861696086,0
19836734,0.26208501109141896,0
19841463,0.16573817866826895,0
19844482,0.22966349879696624,0
19786240,0.2633830522566553,0
19787245,0.0500799006320006,0
19801466,0.004369153953418311,0
19803042,0.01162187068455347,0
20009122,0.025017584916905384,0
20014072,0.014034893441768044,0
19862234,0.007692186498341881,0
19862301,0.015937746544810987,0
19867930,0.016401226650782266,0
19873282,0.02101193905932928,0
19876096,0.04261969056350379,0
19876256,0.020477993849735327,0
20017121,0.006532456847864353,0
20026248,0.010084808434415542,0
19888622,0.004136275117250873,0
19891590,0.015507089626454048,0
19894567,0.01871986112574823,0
19905347,0.07778653560708092,0
20040078,0.019224443789345683,0
20044329,0.03857325876424464,0
20055311,0.0490573443372606,0
19912065,0.01365162282587174,0
19912695,0.009018435343147205,0
19915204,0.005915889263903133,0
19915657,0.008114371262011016,0
20073959,0.021039807422100362,0
20089288,0.015960097816794333,0
20089645,0.013865225867041196,0
19915939,0.007056082203663881,0
19929209,0.4697386988665788,0
19930476,0.40172563156954655,0
19933967,0.7496867171364358,1
19944735,0.7879283146164252,1
20092176,0.007831365944329805,0
20119649,0.04499080546248495,0
20122197,0.4498780678245729,0
20131833,0.050809789798281574,0
19951170,0.42060502074987505,0
19952747,0.0066575629649693515,0
19968011,0.291230730783154,0
20137576,0.07410897116592663,0
20149318,0.04430608480987027,0
20151455,0.005337926451587471,0
20163793,0.11030534903628048,0
19991488,0.04028806107090556,0
20171179,0.00864558130794852,0
20177584,0.0036533916849415477,0
20187779,0.011592106016916353,0
20231480,0.08833439552916844,0
20193830,0.0052008847502325,0
20194791,0.0067944261314742726,0
20202650,0.5651317204455658,0
20202971,0.23425403227357725,0
20242938,0.005273495272192487,0
20245130,0.031019365976857085,0
20257840,0.003805542255157294,0
20209878,0.011032400492295282,0
20213659,0.021042547211154148,0
20213973,0.006897537661037027,0
20215323,0.051610661449830654,0
20267865,0.007584728711993369,0
20286539,0.04883873797072478,0
20304291,0.007962382612868657,0
20305160,0.8369144746544028,1
20325974,0.0034029626492507073,0
20326252,0.0018810897748940084,0
20553283,0.06041903619066183,0
20337158,0.011739344347238759,0
20353880,0.008340002595074591,0
20572472,0.0063647254419223346,0
20572848,0.02744426040740993,0
20573255,0.004515306642452299,0
20581903,0.005349074348418793,0
20582991,0.2118879058703747,0
20356917,0.003001191420670617,0
20369551,0.3218147980086685,0
20387644,0.007947701599161782,0
20583325,0.18082564598388087,0
20583769,0.007156251728611508,0
20590800,0.004216844485366725,0
20403568,0.013272074160700198,0
20407916,0.0164721862019678,0
20608954,0.016752146411234223,0
20612742,0.021816287150391987,0
20624817,0.0035036767901236213,0
20427684,0.013049172799928373,0
20624900,0.29320875420735776,0
20628186,0.06919291699810046,0
20640353,0.011117374548365958,0
20437726,0.004803974001522503,0
20459818,0.01253483769977255,0
20479960,0.0046970967429634004,0
20651581,0.003390833051950099,0
20662043,0.02260025308056308,0
20663839,0.016713559700471243,0
20480431,0.00892946473434476,0
20480983,0.004752334669849918,0
20481814,0.021678284894886633,0
20677750,0.8300857713876424,1
20678724,0.0018536062064016237,0
20678811,0.006140775282513354,0
20688524,0.07015323343136733,0
20692462,0.09343403301969014,0
20692563,0.19080100200950445,0
20714088,0.00903862193545411,0
20714171,0.012460230129230452,0
20714304,0.012882715729979873,0
20714517,0.030244774496307688,0
20698477,0.16801487575674268,0
20710022,0.12356953659648018,0
20926888,0.07714695068349198,0
20720290,0.11186037195303099,0
20723015,0.012054402488343949,0
20933293,0.0016222629464558488,0
20933850,0.050494136598611926,0
20934059,0.0624413775825907,0
20942873,0.04586035278450694,0
20744654,0.008235092393040745,0
20761404,0.25679631299053085,0
20763209,0.03100483993573719,0
20951141,0.02185884933948382,0
20960203,0.003984642830726766,0
20969532,0.029189273962100682,0
20970380,0.00966996818008854,0
20770969,0.007689024948322668,0
20772650,0.17591250115199453,0
20786225,0.006552490709876235,0
20970822,0.0016072385517444724,0
20989220,0.0036693192428243902,0
20990053,0.06276205868436634,0
20990607,0.062216700502233505,0
20990770,0.04273607604162533,0
20999025,0.0029588728450368057,0
20801864,0.0360264619380334,0
20812587,0.011921912074132695,0
21010586,0.02966584381294399,0
21013416,0.28608771202124855,0
20815350,0.8247880127779373,1
20816032,0.01881955837148403,0
20818955,0.0794466068516781,0
21027809,0.002203802790455437,0
21034242,0.013982174096338236,0
20835909,0.032784693608552025,0
20844580,0.008052610712512127,0
20845031,0.7512207274024177,1
20849060,0.0024728558714096774,0
20849101,0.1317014404228716,0
21073975,0.5080119300620599,0
21076625,0.009729026707876346,0
21080763,0.1798182744737413,0
20857108,0.47549658262731376,0
20857788,0.44856121557626927,0
20862285,0.013050089386700693,0
20886432,0.017989366905883753,0
21090094,0.031259200163283825,0
21091355,0.18628237236358752,0
21098717,0.36505736148219076,0
20897952,0.28121966564002493,0
20912594,0.0063904783648993345,0
21098980,0.430615521831502,0
21110709,0.005004141578419232,0
20914711,0.21786983922998523,0
20915427,0.026657335987962494,0
20916679,0.15621850278540697,0
20917909,0.05293289038469042,0
21118834,0.04032226796443588,0
21161707,0.004119588323940504,0
21173134,0.017100264711847262,0
21175036,0.04148611954806225,0
21182937,0.00664245183023361,0
21327397,0.01370601614228075,0
21192158,0.2986090392129955,0
21192430,0.7496867171364358,1
21199546,0.10213415981300661,0
21354525,0.004366437257589704,0
21356124,0.12690393841807304,0
21203987,0.0048579059295452255,0
21205650,0.7804881739839437,1
21206002,0.4533119774155688,0
21366948,0.0053950456211511654,0
21369232,0.02742292668724053,0
21378053,0.44594726171011,0
21383288,0.021995545887901,0
21216288,0.07905050476340045,0
21217074,0.12493114181418354,0
21223569,0.011104361558932949,0
21230082,0.0019832434817451646,0
21230233,0.02653935834167453,0
21398486,0.1575760523160812,0
21405904,0.034140124788270415,0
21410794,0.23307193349446245,0
21230688,0.0952239664191568,0
21239885,0.7878367794248098,1
21245112,0.007076724323401722,0
21247657,0.0040666427566688375,0
21411274,0.010986362579517581,0
21413190,0.3756837068366309,0
21421657,0.002048726570087877,0
21427369,0.0018706407353558554,0
21434692,0.010404184501169712,0
21262243,0.15860410750028395,0
21461282,0.03314961114492203,0
21264903,0.04461199974394598,0
21274308,0.022223471963472782,0
21280280,0.013738576524977402,0
21282152,0.005141279433838211,0
21477500,0.04498915660345323,0
21283507,0.059570098007984046,0
21293326,0.00483958302222177,0
21295951,0.02318136027938529,0
21296642,0.20022935296932717,0
21485026,0.13599246431300938,0
21496794,0.006092649545913834,0
21500449,0.13261631441376737,0
21501622,0.007692877846772039,0
21311240,0.0071040176920871625,0
21505197,0.008736770473691138,0
21524489,0.2061728685640276,0
21541423,0.006176901154696013,0
21551829,0.012037371494154675,0
21566909,0.006494960912371355,0
21568341,0.08883143749691173,0
21549554,0.005353731309720344,0
21732716,0.007417705441240844,0
21570741,0.050770969581852586,0
21577526,0.015878926793261607,0
21577856,0.0034779929554571614,0
21583199,0.009091261024831822,0
21745569,0.049975082462228086,0
21589780,0.0075937240725843045,0
21593310,0.002000371182828572,0
21595000,0.030242485033403,0
21596559,0.010962722707469254,0
21752880,0.07136763582082123,0
21755710,0.006907581004764035,0
21619569,0.0033164667188306245,0
21620762,0.0037634006940917256,0
21769638,0.009703959196764587,0
21621926,0.007113221073497533,0
21623610,0.047325111875971056,0
21635603,0.14640663244186478,0
21774455,0.03416389781355273,0
21778446,0.3072263282054327,0
21783251,0.002026795027402777,0
21643550,0.005139513732433293,0
21644783,0.02674011234484625,0
21646774,0.002320173722438144,0
21647932,0.007320998117219793,0
21786958,0.005359066034489026,0
21802923,0.016089021427736022,0
21804600,0.006742986870733989,0
21809773,0.005732326415594707,0
21664533,0.050505045427293234,0
21815074,0.041450610873114684,0
21817889,0.005673608621696096,0
21818110,0.022403884296654606,0
21822611,0.13566329894204457,0
21676677,0.12101450861975452,0
21689998,0.47684619122768146,0
21836754,0.028887122862920018,0
21694908,0.004993317465183201,0
21838230,0.004306992422977675,0
21851228,0.004754931059535229,0
21714930,0.019131082250791513,0
21715410,0.13032689125693106,0
21726358,0.027849234531199772,0
21852332,0.003185567226405656,0
21852759,0.3016386834931142,0
21853347,0.004782260979875296,0
21854495,0.794767144709664,1
21862155,0.00194063125404072,0
21989166,0.007057183300895885,0
21877805,0.005190522968433976,0
21878080,0.180624932659249,0
21882095,0.13088100302837935,0
21893129,0.28143331479558287,0
22019218,0.03452025403367407,0
22020696,0.7976111340508967,1
22028307,0.07540494720439869,0
21899575,0.008619012722307074,0
21901025,0.007885658828947914,0
21908184,0.41990603911370616,0
22050355,0.002153949186268746,0
21931508,0.011757934014763792,0
21934873,0.392416341349782,0
22082903,0.035966402338886386,0
21946495,0.003807754268192374,0
22087030,0.8112158735830337,1
22088301,0.003441907514992401,0
21956264,0.00577299775624982,0
22096182,0.09275268558943307,0
22100970,0.07385444700409449,0
21970487,0.005528425556547916,0
21973105,0.48057177874861,0
22109870,0.004074426301985024,0
22119195,0.1662028525969523,0
22142636,0.021968561846398844,0
22148073,0.03326252809929499,0
22173625,0.008567963680980397,0
22151092,0.028901714891968022,0
22289185,0.5525352156268755,0
22303888,0.0075765806052334505,0
22176062,0.024765728581710545,0
22187361,0.02281736750121401,0
22321716,0.0028451079215791398,0
22324683,0.8143434048883362,1
22340384,0.007162799205994845,0
22343909,0.007976423230006717,0
22224639,0.003981597249393522,0
22226334,0.06671227226041485,0
22229755,0.02841265465786496,0
22346131,0.0051515275469660605,0
22354598,0.2939227257897883,0
22360216,0.20287474439723988,0
22231811,0.008776226382167508,0
22245492,0.012782819250828725,0
22374799,0.012599273017112042,0
22251884,0.004979651237250602,0
22376093,0.007131580421852641,0
22389035,0.004568473703650193,0
22389296,0.005245598404776728,0
22276159,0.047848964291248096,0
22276602,0.3741605537851672,0
22396932,0.06595974121888598,0
22401504,0.0062500572361354565,0
22282513,0.0110359421291688,0
22448487,0.03581609290359205,0
22450143,0.009795980398313113,0
22409448,0.005689585304291396,0
22417648,0.010512608610195272,0
22431770,0.0016219699230164664,0
22452278,0.0022666506166454698,0
22463977,0.001168017258325752,0
22465327,0.062187679128673595,0
22435019,0.013201096333977876,0
22436287,0.0558572022171104,0
22440046,0.06023610175508558,0
22445948,0.03947464498280872,0
22445969,0.13582568678857132,0
22485658,0.16735853113736693,0
22766296,0.5338802260215212,0
22772191,0.08021410758356437,0
22772570,0.0758383810804569,0
22514608,0.0022819623851184443,0
22530764,0.06277296871800607,0
22531031,0.004657112407819057,0
22785118,0.0039033149065034974,0
22793472,0.030552954944052087,0
22794719,0.060135188944827465,0
22797978,0.49616809339422074,0
22567430,0.004761444707853269,0
22574255,0.0047092713969006696,0
22828487,0.19015124084666948,0
22851242,0.006914251852334158,0
22852435,0.038985412604919494,0
22588755,0.003506370088702605,0
22862877,0.0052398790449869675,0
22878715,0.051004722473290194,0
22881110,0.013980585509665357,0
22632338,0.022612576673901253,0
22634088,0.020898582593933457,0
22663674,0.003854164957738549,0
22683699,0.02147524992203806,0
22699847,0.02541285040404572,0
22705115,0.022466174386577876,0
22727785,0.3422365641497653,0
22964396,0.6426907141077834,0
22971234,0.8144707038442759,1
23040115,0.003105757278806865,0
23045873,0.024742103827204313,0
23052180,0.570353473327379,0
23052964,0.27249747939820634,0
22980907,0.0037533011101916662,0
22987769,0.02115176550191845,0
23054855,0.01691057623516946,0
23056508,0.2602618937629117,0
23059611,0.0850632435524613,0
23060916,0.06014673881306565,0
23061804,0.11784475527826498,0
23002904,0.08632588968283615,0
23004107,0.0808266961305602,0
23026309,0.00811036974503693,0
23027784,0.10823699947938734,0
23074259,0.128233715635322,0
23088947,0.01114131923007663,0
23034152,0.07324692929957237,0
23355382,0.016102150845687543,0
23092823,0.02548629171204171,0
23105764,0.003830585704583379,0
23116453,0.2117013691392956,0
23120142,0.03396902193464893,0
23376196,0.0048843417828849985,0
23393043,0.02160432628447612,0
23412268,0.012985993355683314,0
23128067,0.1323277305783821,0
23130144,0.002064105847775534,0
23139647,0.06575034930330455,0
23147808,0.8394726227317227,1
23413509,0.006032450508140448,0
23432542,0.10570320814942288,0
23149791,0.057056671622630215,0
23184752,0.037596696415900736,0
23200628,0.018260547099168554,0
23202549,0.042898947448752243,0
23435916,0.01085434555323418,0
23436437,0.4833279238417243,0
23437788,0.07567382952287247,0
23438247,0.0015824642779734544,0
23451337,0.12741917492234725,0
23219361,0.008089241084680543,0
23222680,0.00368754909753099,0
23224129,0.2589156328126662,0
23230395,0.11862510243969018,0
23235101,0.005512772557367375,0
23454165,0.024060470011877975,0
23469535,0.025777005082472597,0
23485307,0.005308751969321549,0
23271535,0.004277429719999244,0
23273907,0.01668200759180545,0
23275777,0.003177568642748956,0
23277230,0.005662620793664084,0
23288667,0.0720992048387304,0
23489726,0.22107407153284478,0
23536265,0.07572735973904099,0
23572577,0.0387399764562111,0
23301706,0.020449362322905812,0
23304812,0.00718776577332781,0
23322737,0.0040850460030936045,0
23340718,0.014272834367212571,0
23579705,0.11534508335774636,0
23593842,0.023383296375053125,0
23344243,0.3744738432313598,0
23712143,0.007829067293643127,0
23597076,0.007625460564372337,0
23718065,0.02519881267974882,0
23726935,0.008755545984908497,0
23727037,0.004382066463009584,0
23727923,0.02275085985627555,0
23728057,0.006913984817069278,0
23746794,0.02692034598575401,0
23631288,0.0030376269594095235,0
23650568,0.01711456195998688,0
23750601,0.0038269683040937407,0
23756498,0.007944251846460188,0
23760365,0.048797535840835134,0
23763367,0.0034676902438691495,0
23651443,0.011033142560804144,0
23656206,0.011569648118980737,0
23661533,0.029889222710569822,0
23772767,0.06116647984233152,0
23784779,0.0034975090364411502,0
23785875,0.0069323050395509855,0
23792656,0.0019454973612328269,0
23692933,0.005294592194708961,0
24057583,0.01058695916843109,0
24083125,0.09407703535230545,0
23809758,0.018270578639920747,0
23810123,0.07355452390036549,0
23810398,0.019863039865140413,0
24086457,0.01196168333173681,0
24115562,0.19927425249761346,0
24119876,0.017781954750954298,0
24136172,0.0204290478907214,0
24136557,0.06454882981066325,0
23840461,0.10948009454917193,0
23841481,0.17086070067124362,0
23844034,0.01887093208458774,0
24137869,0.6004862048866441,0
23876355,0.0444610554761354,0
23901779,0.23442028404603169,0
23923562,0.5799569641085327,0
23924234,0.03838524329637268,0
24162261,0.003130346916149648,0
24177410,0.009954748463930838,0
24181763,0.002267271918996133,0
23957636,0.8169642390481938,1
23958542,0.013840368688044087,0
23964830,0.0031546490219377795,0
24200751,0.005364383843787289,0
24206044,0.03505357288615842,0
23992058,0.19926201037902047,0
24016962,0.02598980302603782,0
24017521,0.0064524150051302395,0
24260247,0.2204874109144448,0
24269196,0.02597789569608464,0
24493475,0.03598966828280234,0
24497080,0.1327163736972015,0
24497152,0.18571131800423232,0
24497202,0.08574213148996875,0
24282118,0.13244879559524433,0
24288869,0.006624941399049622,0
24350254,0.3173649774151417,0
24351719,0.09020051555986063,0
24515198,0.002572378289975525,0
24525290,0.0067404887768341215,0
24535218,0.6493453522385104,0
24540842,0.03433678494434035,0
24370001,0.013491462166597225,0
24375566,0.23235407612626235,0
24376374,0.018255051761318034,0
24541153,0.038841734452414955,0
24578394,0.7860417616161921,1
24580943,0.11746654284966676,0
24398725,0.013164223465705912,0
24438437,0.016392962726100423,0
24438564,0.022689627494262652,0
24599452,0.008114956689178615,0
24604281,0.0105684027775349,0
24607378,0.05256474784932333,0
24453838,0.005162141476421071,0
24468390,0.12203613605772011,0
24473230,0.006152517207745941,0
24473713,0.08121968779339915,0
24607763,0.02675635641454263,0
24626621,0.0026697305956802286,0
24632516,0.005197287490747163,0
24633702,0.010395470131548245,0
24833279,0.08321980931387152,0
24834058,0.026056672330757768,0
24845719,0.03310274044548334,0
24644837,0.4334629846328681,0
24655390,0.19271444468049576,0
24657328,0.1620135544918388,0
24677926,0.005537625452139875,0
24866378,0.029687330943059562,0
24893756,0.0022844924580311993,0
24692025,0.006347630883507375,0
24699045,0.01190287430716664,0
24699301,0.02030896733675122,0
24700123,0.007270773654559652,0
24907920,0.8034961791112696,1
24910361,0.03539453709172368,0
24912129,0.05701256988604115,0
24736896,0.005910320211665046,0
24920771,0.006299498948550126,0
24757612,0.03505511257465919,0
24758664,0.01612061698012265,0
24784400,0.7985907185130273,1
24799807,0.46295754750985185,0
24943768,0.09510498589891912,0
24945253,0.05959582887650548,0
24960138,0.7511258541307719,1
24961967,0.5215642590541579,0
24805249,0.04136999187482293,0
25137887,0.06477502687509719,0
25140559,0.007822926787065806,0
25141552,0.03251905102306672,0
24968131,0.02118011532141913,0
24970982,0.00856025089036436,0
24973698,0.00432884135911119,0
25163519,0.020738877686059306,0
25182363,0.09295990640998966,0
25187576,0.00511036037610325,0
25188064,0.008622452465489825,0
24983084,0.04255369129880989,0
24990534,0.018314620437869494,0
24992683,0.02793379733208953,0
24993470,0.0070208930498630315,0
24996332,0.0013463584066396705,0
25188424,0.08961097339281034,0
25193004,0.04107420483369153,0
25221993,0.027521100682602447,0
25232008,0.44904007571526866,0
25235760,0.3939430075077723,0
25007110,0.016759974800438934,0
25033659,0.012925438216906839,0
25251220,0.16494388964445414,0
25255024,0.008781041084710273,0
25257884,0.32890034776230787,0
25274961,0.27573333912091647,0
25277702,0.43787388176062836,0
25033991,0.018800788606544754,0
25071113,0.0300327842897784,0
25071168,0.0031654501970036076,0
25082817,0.844935091859337,1
25294851,0.015273406285329992,0
25296394,0.25475664054604286,0
25313204,0.00909392974782085,0
25316571,0.4169126639112556,0
25108878,0.0036939775934280183,0
25125914,0.10717831151172891,0
25134311,0.01916003161989197,0
25317793,0.009638678383505794,0
25328184,0.004722541558884509,0
25346963,0.0033365525711751285,0
25350875,0.005818146906557258,0
25134894,0.009987453085535907,0
25517197,0.10386442026416456,0
25518572,0.02171328969979075,0
25519328,0.27604223483229245,0
25537456,0.10448027423629955,0
25369739,0.003562905519108305,0
25443451,0.06515721396809723,0
25543393,0.010181545256336015,0
25587778,0.005526242855460031,0
25448433,0.013207531975638242,0
25456714,0.031753958671611494,0
25458237,0.025793784725083917,0
25471574,0.011936746474971999,0
25476838,0.023330732882773913,0
25619849,0.012712314454672517,0
25626152,0.007258923168317394,0
25669472,0.012247558862278515,0
25674371,0.0026360906120744994,0
25486302,0.13939973052184754,0
25489369,0.15067568551073657,0
25502145,0.5078712947125146,0
25678522,0.024401257590121638,0
25689024,0.009720563926611794,0
25734018,0.0022567682728031947,0
25503835,0.0046367756457003995,0
25506725,0.3774815655891859,0
25997748,0.0245278307737217,0
25997937,0.13194368082802316,0
25765042,0.004359270566661971,0
25771285,0.01697164373670927,0
25779464,0.17626507016113138,0
25779937,0.18142529667806118,0
25781295,0.009884758845562456,0
25781535,0.007794970170747113,0
25782818,0.036079589807001954,0
26000019,0.008105616305663452,0
26002246,0.1795938215998262,0
26006376,0.4487389175557683,0
26010424,0.005389990279536507,0
26013177,0.002525178935312592,0
26026904,0.004032384671586382,0
25784618,0.02256033167047259,0
25812079,0.07399851286835628,0
26038825,0.003088364781187501,0
26043558,0.013689275340513035,0
25812700,0.01649147996710685,0
25813796,0.022319752936134654,0
25823670,0.5440951852331415,0
25842433,0.005428534304607069,0
25860068,0.21123976663678368,0
26064779,0.009801662835443899,0
26093497,0.2564616599318314,0
26127981,0.15906999179636208,0
25885278,0.06402596302329985,0
26131606,0.2539533520144692,0
26131794,0.14008031649116923,0
26137379,0.028477553421443556,0
25904988,0.8417129236655182,1
25917853,0.007531227258838127,0
25940097,0.041244795695679896,0
25943177,0.010684541752035334,0
26149494,0.01401181869590887,0
26157426,0.15570740368428268,0
26163413,0.12163602190163109,0
26167182,0.005641907985884738,0
26186295,0.6799414605941366,0
25970374,0.06491098684675377,0
26327565,0.008880857587602767,0
26221105,0.06538194907397869,0
26235873,0.027861975707184915,0
26249051,0.4973467976419314,0
26331103,0.04741204546010005,0
26332468,0.003009512947648054,0
26333975,0.13316733652763754,0
26357145,0.47223676508649487,0
26257823,0.014164649680939412,0
26271688,0.1748500939200054,0
26274490,0.035676839784264745,0
26357377,0.3224987160442932,0
26385422,0.2185935708771561,0
26297631,0.008830194355180275,0
26395296,0.06842270738199235,0
26422113,0.057523463311702466,0
26301985,0.012089607631199028,0
26327452,0.22254586313634195,0
26743923,0.0027986240568773292,0
26747248,0.007158068406721585,0
26450631,0.003872189080465431,0
26452047,0.3004563398603778,0
26456925,0.25002623278047786,0
26755702,0.1928445342454562,0
26771366,0.27334973740417345,0
26774025,0.013050691883933907,0
26786964,0.0041177073768823265,0
26803556,0.008110961099729431,0
26475612,0.005273748040496676,0
26476892,0.003650570322288547,0
26489146,0.09853508005312768,0
26496505,0.00844004745754439,0
26496511,0.30715536062117504,0
26499746,0.45846214863995344,0
26500082,0.29325355762776356,0
26835960,0.029106068917303368,0
26837834,0.018555064448368908,0
26842735,0.004018488376370777,0
26845561,0.007119984665878475,0
26552832,0.1971976457785809,0
26554937,0.010055922549562888,0
26558970,0.020092972608346745,0
26559313,0.01937045539810569,0
26865836,0.8159467050301424,1
26865972,0.24750146359460728,0
26867170,0.8235244552694002,1
26874326,0.039527491242459106,0
26874462,0.006270183450681452,0
26877222,0.1676883289529146,0
26602263,0.007700581725558253,0
26608302,0.22502853963014316,0
26887521,0.012193188153107106,0
26898028,0.3326440776814557,0
26900640,0.3898999868135222,0
26655705,0.009036610748246516,0
26660828,0.20822684184025503,0
26688045,0.22489491719580382,0
26690336,0.164215454763388,0
26925980,0.004717544530662924,0
26949866,0.02804287484650676,0
26953399,0.03346219357159049,0
26953727,0.01572329166870075,0
26953759,0.5631321445306714,0
26717141,0.003624827560757641,0
26741585,0.002441367814413267,0
26741642,0.020054229057223354,0
27088022,0.028686789363712765,0
27088254,0.003987188970662676,0
26954041,0.02071428604467049,0
26991656,0.590441277904245,0
27015594,0.17838305451715922,0
27016931,0.1333192514192224,0
27019732,0.005644401372847576,0
27089541,0.06126830427507977,0
27134257,0.2885530199488802,0
27136639,0.04891293042603524,0
27141013,0.012432952335014789,0
27032162,0.0051058465573065506,0
27054756,0.028779377101103457,0
27141191,0.3821766117560268,0
27166074,0.7683476801258071,1
27166833,0.5371310710898195,0
27067463,0.06733898776019939,0
27470676,0.09135468752273564,0
27483961,0.13677291707201342,0
27211525,0.009041621924542666,0
27225643,0.04251555208792151,0
27488806,0.00808473084063459,0
27498398,0.00723767738677956,0
27499097,0.006036421233456812,0
27503062,0.029946710381359327,0
27291497,0.007466390824114518,0
27295492,0.015500008581073602,0
27518599,0.006102366253769285,0
27519196,0.06444665502805447,0
27308432,0.008073540611539564,0
27312914,0.003394865879605536,0
27314650,0.0033129484289659665,0
27326744,0.008010133213912706,0
27523631,0.032312543233228234,0
27526520,0.3862466297762984,0
27527902,0.005884792757067973,0
27528305,0.008146857906786983,0
27329048,0.3174266628231203,0
27329928,0.1566359212685747,0
27333008,0.18953809072597674,0
27336179,0.05022804443089271,0
27338569,0.012617098870696066,0
27343189,0.010388358920941636,0
27529655,0.004931458436184967,0
27569888,0.008878847582978333,0
27359696,0.02377546077914525,0
27359897,0.018431599087710093,0
27371581,0.007464560214359108,0
27570485,0.25104516638365015,0
27606552,0.02817548911376736,0
27394897,0.020713565715391513,0
27395171,0.004434039114840896,0
27405246,0.05551332384209039,0
27409329,0.016092327297812528,0
27416658,0.15679694100216376,0
27426650,0.005300775075473804,0
27608063,0.7817780495525238,1
27610245,0.009280887490660115,0
27610367,0.01959881625601742,0
27611047,0.08805547600786268,0
27612876,0.0049168742355300225,0
27622210,0.02121943522546123,0
27427289,0.38051810491278215,0
27430644,0.004500368127540025,0
27637065,0.0025752359447850275,0
27658203,0.0037352245403650315,0
27672277,0.09568746057656795,0
27677869,0.15710889912210702,0
27454904,0.011426705665325776,0
27458304,0.13277224411466512,0
27468927,0.008511830228142938,0
27686998,0.19769021381705762,0
27697284,0.0057005163986296875,0
27702171,0.451037331666456,0
27703666,0.015557056580258547,0
27724217,0.0670092945586276,0
27731269,0.004630869529707525,0
27756639,0.06909951512503222,0
27705293,0.0063159944391355015,0
27714862,0.0016962851891276268,0
28082095,0.0073072436168939965,0
28084157,0.0038684700030592596,0
28085121,0.20550828592797193,0
28096425,0.18866177753955793,0
27781833,0.0073917936962612845,0
27783586,0.0047872268804400545,0
27785672,0.037057437060141536,0
27803575,0.0328342878343686,0
28100131,0.011225017682499219,0
28108773,0.06924495735705569,0
27806073,0.07447006414839218,0
27810880,0.14827502365588627,0
27823763,0.00476380509789693,0
27829177,0.04388769067950011,0
28136160,0.11812130136779143,0
28137157,0.25509750273031634,0
28137623,0.2756609304588867,0
28138470,0.00986307372244124,0
28155197,0.008395377816462048,0
27874237,0.23405123322929594,0
27891791,0.010870497401582122,0
28165121,0.006384321830272067,0
28177443,0.14837747958814115,0
28181575,0.5002480984946784,0
28183074,0.3003675842464702,0
28185576,0.3698962992636502,0
27906875,0.8239058344595581,1
27909345,0.02851840196770566,0
27910595,0.003395831648670164,0
27923071,0.1363952364075622,0
27928809,0.11155515779610956,0
27933214,0.006285393197185132,0
28188131,0.004899138222587571,0
28200288,0.017650840367043362,0
28201587,0.4947384505293642,0
28206135,0.08649435464962267,0
28208166,0.08817920961892933,0
27965166,0.2764289639540097,0
27966667,0.007546836170789724,0
27967580,0.16593114090642036,0
27967600,0.17620410628545372,0
27967621,0.0027539364667838783,0
28001559,0.0048150255073593625,0
28009721,0.03866887782130974,0
28312177,0.006119687868049331,0
28314777,0.008442692340236422,0
28324221,0.021912676861797556,0
28329004,0.015966288261527704,0
28334760,0.0039537824800028295,0
28011594,0.003923198456941874,0
28014733,0.1793038682829523,0
28015516,0.03336958929919545,0
28041818,0.004440455890934819,0
28042014,0.006427894911660313,0
28042224,0.0068465551512484745,0
28340136,0.31675247648590277,0
28350560,0.08067025479671379,0
28359897,0.006023721855005787,0
28389782,0.4709534389527093,0
28391512,0.007605955784458327,0
28412322,0.006920145237887469,0
28368678,0.003930359399892659,0
28369552,0.01617731397191086,0
28385105,0.03215104170729498,0
28389715,0.0033453554505580327,0
28426648,0.005438896714696921,0
28431924,0.46282097684305473,0
28734987,0.42929898822088086,0
28778214,0.07741580607599013,0
28779900,0.08164263691689691,0
28438216,0.11317133116755587,0
28438751,0.0027106848052427775,0
28462811,0.008102742156441512,0
28483571,0.008741915839584087,0
28785091,0.27833528402230884,0
28785361,0.05002585507879321,0
28786315,0.05731333889763301,0
28786900,0.18190191378581405,0
28489062,0.007470069080826827,0
28494807,0.047000635625044695,0
28506359,0.025285342050070114,0
28834703,0.001332506766265241,0
28838614,0.014640862229629953,0
28838673,0.002811719413502259,0
28513774,0.005934419708478084,0
28518077,0.0645577521878459,0
28859648,0.3717864539491339,0
28861629,0.02210502701375855,0
28867577,0.0037568036684614194,0
28872377,0.1538034739569111,0
28891558,0.28705297106251193,0
28539464,0.09767352244450692,0
28541768,0.01273401718696403,0
28560765,0.021246122956370815,0
28561904,0.022332520392195555,0
28897533,0.36544918131413046,0
28897932,0.009311422363656398,0
28911775,0.012581162636966698,0
28911830,0.3522663863400334,0
28920018,0.021732503315489985,0
28567040,0.2581440445858784,0
28602842,0.837341391567803,1
28936795,0.3267042795176603,0
28937377,0.2981647116309793,0
28608920,0.04170396198240226,0
28610383,0.05155111606761131,0
28626504,0.028417768262145655,0
28629956,0.0250082019215598,0
28632837,0.26203683070700323,0
28635035,0.018145023301431966,0
28952972,0.11358673482604066,0
28972637,0.150353200086599,0
28635863,0.8314660678188585,1
28667823,0.009128452412987667,0
28668546,0.04166331667859114,0
28670390,0.48532267572758003,0
28986807,0.17774961291882063,0
28991221,0.053446281578899905,0
29015079,0.012838956115699744,0
29016146,0.02641688392889046,0
28684892,0.7547578193775338,1
28692232,0.021611653761752767,0
28697997,0.28984785191457013,0
28699232,0.2883427731141268,0
28699654,0.3459780347818714,0
28715332,0.009181175938505317,0
29016907,0.014339434264714738,0
29038655,0.020868534452428745,0
29041626,0.3427698303983836,0
28730408,0.005228508217868439,0
28734298,0.2468283571260028,0
29431738,0.13769808809950068,0
29058075,0.2510982616313605,0
29076107,0.7641106924790653,1
29079912,0.036324335850550366,0
29097472,0.1202090565855246,0
29463847,0.03203830481637389,0
29478604,0.27115477571434704,0
29487347,0.007074894724805033,0
29102760,0.009792008747481052,0
29103275,0.005376811532243782,0
29104053,0.23243674816168453,0
29117643,0.030848036346945107,0
29124476,0.003829247021074379,0
29495933,0.008355671589353502,0
29509877,0.012262392666191141,0
29514309,0.020932558275782175,0
29515670,0.017709850064858226,0
29148293,0.004349408083449605,0
29148550,0.09428957959494831,0
29149377,0.33169346609497935,0
29152320,0.03090984481000365,0
29155895,0.004967405452466985,0
29158689,0.016971741182182712,0
29168569,0.26870763313811596,0
29170235,0.29917021089015955,0
29170953,0.368469559163894,0
29184626,0.00495888939352039,0
29535295,0.0292960779934794,0
29541214,0.019142881912535735,0
29237220,0.04198216833608403,0
29567201,0.826322073810202,1
29567482,0.008255806110196844,0
29575293,0.0022674399899519065,0
29585551,0.010722954748313787,0
29586511,0.013445246731193216,0
29256229,0.010154200761110906,0
29256358,0.005192438711246375,0
29260051,0.005947225795729119,0
29269102,0.042212440407255206,0
29278439,0.021894462962088974,0
29281407,0.13040424417154453,0
29592296,0.007660956779169859,0
29592768,0.001531007959407973,0
29605631,0.23809316760954854,0
29294153,0.4199316410957263,0
29635253,0.013398616078896957,0
29651529,0.00276218623674618,0
29654321,0.01161597692846072,0
29658021,0.3066036304722219,0
29327591,0.7542381531961825,1
29331191,0.5203162634260223,0
29338559,0.03499573731703205,0
29679419,0.2409303927124874,0
29684573,0.003916664019134676,0
29351570,0.09262830889596974,0
29356679,0.011715650340782773,0
29361650,0.8221595597224253,1
29385308,0.0862837608582022,0
29391852,0.007754613352991898,0
29686857,0.016896595434376674,0
29700761,0.02842299426556663,0
29703513,0.2552807638501489,0
29730504,0.2343087108684159,0
29412402,0.059379382556231194,0
29775040,0.007416349564848116,0
29780863,0.04383071168315042,0
29781403,0.01261817964119849,0
29758199,0.020109749860690466,0
29760980,0.5911937333613534,0
29794270,0.09262958212160405,0
29797971,0.7793515753946044,1
29804246,0.00405836418647859,0
29814549,0.005930996938681073,0
29990168,0.21003401465200916,0
29993012,0.02914370157697022,0
30003335,0.042729722607211314,0
30003453,0.006196091906183836,0
30006962,0.5455860185256619,0
29824343,0.06399363201191449,0
29831517,0.0018603106245188275,0
30021540,0.285133795819287,0
30021914,0.012054327754991526,0
30031616,0.6191441313125138,0
30033284,0.7502410405069212,1
30034070,0.01610740835496904,0
30038208,0.006836694054135553,0
29847492,0.11602758932548436,0
29851718,0.8431586338141228,1
29858182,0.032274554099978446,0
30042363,0.20970995167080062,0
30043966,0.01081303570386778,0
30046573,0.004318844752115293,0
30053410,0.43027567146030354,0
29877448,0.36151333780744943,0
29897911,0.07158643157449317,0
30058948,0.016566010906904228,0
30062290,0.6598949462535243,0
30062478,0.03854600241573078,0
30065198,0.4079823141000629,0
29904478,0.010830564840373407,0
29905155,0.005847459266566257,0
29906282,0.0032425457889802734,0
29908937,0.00915829720708157,0
30082832,0.0024891038397071292,0
30087377,0.022432002147333867,0
30089412,0.0027925673388891187,0
29929095,0.03367753662121803,0
29929702,0.005496311234621876,0
29935981,0.14807518999494676,0
29937451,0.012910549239937627,0
29943061,0.005160702054487777,0
30091313,0.015805353129900328,0
30096719,0.00225418508318124,0
30104723,0.03196859212422655,0
30105137,0.021372491347799005,0
30106990,0.06422294306744823,0
30107262,0.034610675073532125,0
29944408,0.28118201032110907,0
29946757,0.3452768758193857,0
29963575,0.005419921579619118,0
29964348,0.8608981258724409,1
30109916,0.004956919485831189,0
30125523,0.1947057059951702,0
30175606,0.7973431464816169,1
30182137,0.12327171479179355,0
30125704,0.3347526922834735,0
30154255,0.03702132468887515,0
30156697,0.026573300170005913,0
30162689,0.6016623430513022,0
30198546,0.017275647184067114,0
30201476,0.5433393858330445,0
30206047,0.3536113305008139,0
30212741,0.36927908618563887,0
30174397,0.0645228672711111,0
30387648,0.7513623154832239,1
30387820,0.5943493890832459,0
30387838,0.559353600906341,0
30234773,0.5153093811620011,0
30236202,0.009935195393038672,0
30252034,0.00344151182553856,0
30254229,0.00470498971255406,0
30387885,0.7497358335074525,1
30387916,0.5526986634622922,0
30387983,0.8135777129413471,1
30388079,0.5465847776621593,0
30388225,0.7523558891623984,1
30388313,0.8082100345840374,1
30388449,0.7554294948161409,1
30388528,0.7498489485619928,1
30388552,0.7505724971776131,1
30388587,0.7507907176947214,1
30388750,0.5181298525817492,0
30388999,0.5892899527168205,0
30389066,0.5521387167895396,0
30264512,0.008040308544848319,0
30268825,0.0476292987596883,0
30279712,0.007924154040681886,0
30284324,0.006069244770612558,0
30389147,0.5537228062496673,0
30389192,0.5159824393460862,0
30389262,0.3865638144150202,0
30389280,0.7499053231222277,1
30389441,0.7512207274024177,1
30392649,0.5882724294025667,0
30392780,0.746594684082313,0
30307336,0.248804753983914,0
30308289,0.01406990395141814,0
30314761,0.014443286519174649,0
30392806,0.5452167464914337,0
30392874,0.6212240592427594,0
30392909,0.74652577893867,0
30392930,0.5526986634622922,0
30392986,0.7604925952349939,1
30393018,0.7538944607294796,1
30393171,0.5803810368488568,0
30393194,0.7583589957323892,1
30393286,0.7178830374726898,0
30393322,0.7510782719894203,1
30393377,0.5126423848948134,0
30326749,0.10992168380471623,0
30337531,0.031936753390041324,0
30393414,0.7584954961582894,1
30393497,0.7545322514871026,1
30393555,0.8179242603258613,1
30393583,0.753089953726737,1
30393638,0.7492784187399582,1
30393689,0.7526574092846627,1
30393759,0.7517357199928286,1
30393882,0.7469367150191827,0
30393896,0.7541010670207206,1
30349066,0.09412546406340648,0
30352010,0.851127872551029,1
30357870,0.39726346290038456,0
30359944,0.1539014225985993,0
30361847,0.03766972177738466,0
30393998,0.6494025405845294,0
30394053,0.5514540577020398,0
30394071,0.5707361577941138,0
30394133,0.5641932384869824,0
30394203,0.7539634603861901,1
30394340,0.5407331292281785,0
30394380,0.7504624786126818,1
30394403,0.7489545239555389,1
30394467,0.7565396669030031,1
30394494,0.7506273329906851,1
30394541,0.7515497679135638,1
30367591,0.7973540086947706,1
30378982,0.003928415640297411,0
30394622,0.5557565931811633,0
30396953,0.004404054026926468,0
30398938,0.011234064768854394,0
30400542,0.25263017900059775,0
30415541,0.029029016557759798,0
30387132,0.544969304316322,0
30387196,0.7527301777440346,1
30387218,0.7501296133081142,1
30387263,0.754306502269875,1
30387425,0.5875895026437878,0
30387445,0.7517357199928286,1
30387495,0.5515686955347476,0
30387553,0.7555793001098321,1
30442333,0.00892711861394663,0
30421561,0.5506455862283041,0
30421981,0.19064082736910953,0
30423106,0.0013689169219634108,0
30425416,0.11752821484166591,0
30425770,0.005016957907583225,0
30447204,0.01144579135945994,0
30449111,0.1859307205278114,0
30465706,0.0316126017478433,0
30435549,0.21798763893436993,0
30439073,0.5661240741521343,0
30441489,0.14124636720503073,0
30699302,0.30058657315273624,0
30476455,0.13642944231354784,0
30477526,0.047989443696473275,0
30494093,0.005858106191449116,0
30702161,0.019525302521769674,0
30702384,0.26804782072939076,0
30705353,0.007552966971787911,0
30715688,0.31556952319552084,0
30499109,0.4648390212830968,0
30504880,0.3795492161645048,0
30510228,0.030582532639323638,0
30514043,0.3110696391769401,0
30717086,0.03428777942304896,0
30717527,0.02860243484266895,0
30718403,0.01330910161269826,0
30721128,0.7402572532788932,0
30721883,0.2871940896771723,0
30527994,0.0063931110474589594,0
30531246,0.024126583928744744,0
30537849,0.01940203574892354,0
30756898,0.16240375664992396,0
30762861,0.3407559876477437,0
30764476,0.1112004622807026,0
30766643,0.06700957529611787,0
30767659,0.010754085088058394,0
30557920,0.0037061938402222208,0
30568497,0.015076642297426649,0
30577273,0.24378583318539748,0
30769129,0.009965108145459025,0
30788330,0.048987488824683456,0
30795672,0.020116281459972053,0
30584992,0.017629256239060337,0
30587740,0.009375165331262406,0
30627356,0.009694937529170873,0
30801068,0.1887641593193989,0
30811789,0.06218321717350039,0
30822815,0.018524994245414934,0
30662063,0.002886410864813411,0
30675435,0.02584058208707183,0
30677434,0.009270443976104565,0
30686973,0.009669141501469237,0
30824853,0.004518349280778984,0
30694973,0.36699928140872623,0
30938864,0.2017968236539928,0
30856398,0.03795625321620932,0
30875053,0.3323661791068308,0
30950513,0.14859035042796243,0
30981877,0.04083960180811445,0
31000783,0.7239356676898328,0
31001961,0.00396941249156428,0
30937756,0.0440908214963043,0
31174610,0.1970306798971447,0
31002659,0.017015477982524757,0
31019621,0.10076613963837117,0
31023111,0.24200868447883542,0
31038331,0.7470723774580824,0
31038347,0.7471399652791713,0
31188378,0.11111290817318482,0
31201815,0.01940809488671142,0
31211176,0.041218111604348386,0
31053180,0.19916582218187925,0
31212456,0.006060309640522952,0
31212571,0.09469902914087895,0
31216136,0.09570868263214753,0
31216852,0.0639053143333284,0
31218310,0.0040816593557258096,0
31057348,0.04947438907217512,0
31059670,0.004223676056459822,0
31221559,0.004554255713658492,0
31223352,0.032454841236732444,0
31224224,0.01174318054112289,0
31231904,0.026678951065618194,0
31236046,0.04321400575664263,0
31237303,0.04247776590492449,0
31074354,0.0035393342113791194,0
31082686,0.062301023388814936,0
31085028,0.01699238028759605,0
31085213,0.032525718634099025,0
31085679,0.03725966928073965,0
31255471,0.07772773189757275,0
31269983,0.45836068836734545,0
31277426,0.006808654307882975,0
31095373,0.12108104219116217,0
31106666,0.03869446020259067,0
31119799,0.14649098546005115,0
31121209,0.005291681461729171,0
31290477,0.05058143597677644,0
31291730,0.03063107299248637,0
31292757,0.10189636403270098,0
31293545,0.02771018665480149,0
31301754,0.008969136007226184,0
31127529,0.02701692894169138,0
31127742,0.468121895850142,0
31311422,0.016521630105380727,0
31313105,0.003829097392567748,0
31313806,0.00968200849548277,0
31136603,0.08064332960910758,0
31146186,0.21019217341652863,0
31150305,0.13139657909747557,0
31163666,0.007490760777542391,0
31164039,0.14732344429509628,0
31458781,0.0602702471282113,0
31317744,0.013967678184631259,0
31322232,0.054904757313512374,0
31459394,0.44724962002853635,0
31466176,0.005047738927514165,0
31467888,0.21753618745561787,0
31473340,0.007006776545661944,0
31474431,0.007345873525868274,0
31474638,0.007860709018534221,0
31333074,0.004785253983797662,0
31339496,0.005441906792711776,0
31340666,0.07299929579942653,0
31513692,0.01857842602234593,0
31514475,0.23485329934796803,0
31533518,0.4476131056102738,0
31382465,0.0022348163983655603,0
31435773,0.5828644014236176,0
31445273,0.008749927583725123,0
31539511,0.003032653510658427,0
31543246,0.11005450269690306,0
31549470,0.7514093205278809,1
31556307,0.20649636989063186,0
31457396,0.008605861948029057,0
31834190,0.0038025347820269165,0
31836311,0.3264593113920491,0
31839994,0.0038814953811853823,0
31856192,0.006141586147597246,0
31564614,0.008592999369429909,0
31584089,0.5505314768638171,0
31857472,0.027597212403560178,0
31859909,0.048668016691200876,0
31861671,0.03490569523164783,0
31881052,0.006196403783476898,0
31600379,0.03017303428357291,0
31622448,0.01630307052624809,0
31624317,0.009843781983874086,0
31663848,0.012084673659357073,0
31885991,0.30993045681106385,0
31913609,0.006027621782537403,0
31931665,0.8070955769368527,1
31667621,0.004537322036902919,0
31932152,0.016777159584972886,0
31933373,0.008276290220845037,0
31934408,0.021018009455367314,0
31961126,0.004012376596527094,0
31964045,0.19838945767386615,0
31978518,0.007149485469939997,0
31689618,0.822389229548498,1
31697123,0.00532798931323545,0
31705298,0.017381625889841757,0
31980794,0.02713497713220588,0
31991634,0.03972735308887313,0
31994735,0.046914086425050204,0
31715312,0.003845304455989292,0
31722021,0.1456305585860971,0
31726939,0.5579561908775519,0
31732450,0.034425857555374126,0
31737653,0.08084355999852011,0
32036822,0.004255465572970919,0
32037535,0.00830273176174416,0
31758231,0.0669288548596063,0
31760509,0.0071942850036321344,0
31760941,0.011230033715028955,0
31773364,0.18848942661514573,0
31794109,0.7488457627346528,1
32081249,0.02374078901030034,0
32088018,0.11021210563026028,0
32095900,0.769494876931363,1
32102590,0.011811549558020214,0
1296718362976813510,0.25295696149632585,0
32234674,0.7524317183450981,1
32238694,0.005529020823583231,0
32241239,0.05631657396731778,0
32241276,0.11203386544574742,0
32242139,0.010514090481126736,0
32108317,0.020673909496756265,0
32113353,0.36133402081603555,0
32125848,0.03246649211775869,0
32137481,0.016335228983439788,0
32273036,0.22731930730671998,0
32284162,0.0056166270655967935,0
32284910,0.0014227758741462405,0
32292954,0.012427656953668527,0
32171100,0.003560516269475293,0
32306605,0.8133653836809441,1
32311383,0.06914978145721536,0
32336400,0.051653485180225736,0
32350835,0.14570022234833152,0
32233982,0.17786077197070044,0
32618716,0.06901693491771956,0
32619108,0.04918951286012125,0
32634041,0.003593457438405659,0
32636494,0.8182072093615044,1
32354513,0.0048484881273365005,0
32364753,0.3840524684746967,0
32381165,0.014239837695684309,0
32382542,0.03748669537342696,0
32383114,0.04366597337187284,0
32392636,0.08669610841535935,0
32400196,0.052404303574932566,0
32646039,0.2651398701326775,0
32666534,0.10428426271759414,0
32448749,0.0760214630117029,0
32669154,0.01271856973690938,0
32670456,0.7813557334864177,1
32670715,0.0935803557780299,0
32705496,0.009657453970452841,0
32721564,0.44251140660755606,0
32477130,0.09330917770939191,0
32494256,0.010489374391684273,0
32495771,0.007760059011085042,0
32499495,0.0027795887722793086,0
32722219,0.40809338829964453,0
32742238,0.01783772769032285,0
32502180,0.02862857469513904,0
32517517,0.24412070009480813,0
32531409,0.0120455746214973,0
32809387,0.009450903572008972,0
32820849,0.005950887136296108,0
32838697,0.015967061464813786,0
32844072,0.0067451419750146555,0
32541475,0.7973442026302409,1
32544596,0.4265001838204736,0
32549155,0.0032379359843225444,0
32566536,0.007624153125380678,0
32845010,0.011177208382958284,0
32845331,0.0038843051526964204,0
32845516,0.004076717814676072,0
32847146,0.009008365689665298,0
32856048,0.7522410764020131,1
32857378,0.005397117268512066,0
32857674,0.004586110804365746,0
32575528,0.24485598815282975,0
32575757,0.041970843773432874,0
32589616,0.04827553515647436,0
32590674,0.04561951582485296,0
32591286,0.3945586354980342,0
32858018,0.005047004252548788,0
32865732,0.37804598897405006,0
32607488,0.08074624779636719,0
32611458,0.008784306646930543,0
32611977,0.007338719882508851,0
32616393,0.02868187235055954,0
32617384,0.04478445200761899,0
32618577,0.10140913891284187,0
32618640,0.056282965534757916,0
32894678,0.46645462261378895,0
32901262,0.01236200329310233,0
32913140,0.14355958518957687,0
32915763,0.009723787807883839,0
32923358,0.7724374450292854,1
32926070,0.7497924521927842,1
32926087,0.5817242765642106,0
32933643,0.16227128157709983,0
32935473,0.014851789763557841,0
33040208,0.22605946465234814,0
33055126,0.01294353130433467,0
33061311,0.0027228970061998346,0
33070946,0.004536001573636549,0
33077083,0.5880638932711441,0
33094622,0.025898637212931765,0
32937780,0.20781146547602408,0
32940047,0.10501539079519626,0
32940382,0.055186861581334026,0
32943764,0.008981052157523548,0
33097219,0.019651369813231276,0
33101073,0.02916510635276583,0
33101286,0.2624232135062211,0
33127307,0.022711521486922872,0
33135950,0.002797356611768518,0
33138120,0.08803187464351538,0
32990282,0.17105232078361599,0
32990477,0.14090267018585165,0
33010488,0.007577708816817263,0
33141938,0.4921339826292469,0
33156370,0.035328460144148775,0
33161761,0.03126952917981545,0
33162983,0.0951191571008104,0
33168922,0.04325399572883183,0
33038705,0.009478706891146096,0
33169141,0.01582225746173206,0
33175415,0.03099478949743393,0
33180845,0.0052879114262577385,0
33214803,0.06841731505246715,0
33521985,0.006857428373270359,0
33533601,0.006204789575736749,0
33546854,0.06349395769736263,0
33269801,0.03177976214705775,0
33271828,0.009414554302805966,0
33273859,0.048615637821991714,0
33275894,0.75427410532191,1
33559960,0.03828313614403686,0
33560323,0.022322980594733186,0
33334476,0.0057969485204530805,0
33340151,0.018452463287098007,0
33346748,0.035287123312302805,0
33580907,0.017051627442285024,0
33589554,0.009157295579538134,0
33589697,0.022982181503327006,0
33346826,0.19383024708687605,0
33387469,0.0031727235635138702,0
33421406,0.03661360144126431,0
33611809,0.40274383102276323,0
33612951,0.8378591835405688,1
33632312,0.045813564858322345,0
33635511,0.05329018499261404,0
33423849,0.023672223836895444,0
33439687,0.8083896964724729,1
33442531,0.17691652615466733,0
33448577,0.13099383936273393,0
33451456,0.034428372702574095,0
33642152,0.028917578291104484,0
33642266,0.00672962003581908,0
33653706,0.3028804756650031,0
33654747,0.23339597694222677,0
33660911,0.007166234050305229,0
33662914,0.07994618175595153,0
33664484,0.020854743396230977,0
33469797,0.0034793236419470236,0
33485978,0.01090928504564062,0
33683407,0.01272148701812416,0
33684621,0.8120343989850581,1
33689653,0.042259526888723926,0
33705274,0.03497710638475374,0
33716043,0.007488796684220938,0
33491707,0.010559595067608469,0
33873780,0.015942974014403154,0
33875614,0.18573128089283752,0
33877798,0.02189420789007526,0
33725862,0.22712415990681525,0
33735398,0.004961599395495023,0
33883497,0.0028709987057447092,0
33883949,0.41141393955677463,0
33903300,0.0024772595687790225,0
33910078,0.005696982052945513,0
33917958,0.20071286597110352,0
33765725,0.8183125017160526,1
33785477,0.004266733944899227,0
33798189,0.141683746036866,0
33812961,0.8107108064458726,1
33823598,0.018535531948676486,0
33835992,0.00326583486940543,0
33849970,0.30537435751342956,0
33853465,0.0969276931235957,0
33930528,0.037516140174059846,0
33936370,0.8627669018452889,1
33937466,0.054148069728266066,0
33937907,0.008058651750577404,0
33857708,0.33075712850183736,0
34114232,0.06992452654651946,0
34123251,0.007697563824981781,0
33957835,0.01440920704139858,0
33961505,0.5607153585311809,0
33971170,0.05967166109940382,0
33982630,0.0673594577728459,0
34127215,0.04021558630083789,0
34132006,0.8103606419250696,1
34136999,0.5527671464954006,0
34138042,0.7481267872072532,1
34138100,0.5428240968005135,0
33989681,0.003629945989358677,0
33999377,0.014499174249030576,0
33999874,0.016818725645079528,0
34142214,0.0419175198981394,0
34150118,0.02768102870231318,0
34165293,0.2072744461558171,0
34169395,0.8226378451535913,1
34172085,0.004584254903475084,0
34175118,0.17039481267479628,0
34181803,0.01141924205028263,0
34017965,0.010308334867045826,0
34051551,0.053733458550192965,0
34197959,0.3770277067572558,0
34202651,0.056550201168833476,0
34205576,0.4409858981098694,0
34059931,0.11599539438437609,0
34062693,0.7679239791962865,1
34206567,0.44749451518432204,0
34213403,0.23664645254913844,0
34230593,0.025158071334506524,0
34231172,0.0036334354869073694,0
34234215,0.0078166893967227,0
34253845,0.02760533341457216,0
34256727,0.008632366981726723,0
34272580,0.17186713710386617,0
34084359,0.2767586968455823,0
34087005,0.7755275476266135,1
34278935,0.00923311466113847,0
34279388,0.046018769656459325,0
34281515,0.01874982429575456,0
34287923,0.01776293597286528,0
34289855,0.335434399033197,0
34313601,0.0024234055058551243,0
34103144,0.2125322402339273,0
34433947,0.33773163305028425,0
34468721,0.00812969451477361,0
34469494,0.8359337239481865,1
34315737,0.03801372529770473,0
34327434,0.5779626141792645,0
34335995,0.010464806041704794,0
34337267,0.005782762185967823,0
34478311,0.004359754992820594,0
34480008,0.8193618774757618,1
34485694,0.022537295126853693,0
34485698,0.07569623370528004,0
34337805,0.7964239612210153,1
34339330,0.004397109658077518,0
34340357,0.03510274127463564,0
34487108,0.11469023631684146,0
34487247,0.013134036978198472,0
34487491,0.009956042386294616,0
34491852,0.3529609577153982,0
34358402,0.005610683553433905,0
34362677,0.07158045904600491,0
34363916,0.016966759094208896,0
34365364,0.027243005289605254,0
34368310,0.010779408349969898,0
34491871,0.35522169815901444,0
34491916,0.47960472723274156,0
34491918,0.5293151915351398,0
34501332,0.01899643224539921,0
34501725,0.2684555271041076,0
34370526,0.027325350694956084,0
34370821,0.25697146276369465,0
34384911,0.7528026724782572,1
34384958,0.2661782807675837,0
34510977,0.12047430101090582,0
34535182,0.03546945295684152,0
34537321,0.281600276094315,0
34539406,0.11105411616387735,0
34542125,0.025115478227765074,0
34415992,0.006967781176613751,0
34542550,0.43800290737226355,0
34568831,0.008631933260411116,0
34592851,0.4201091014108431,0
34592997,0.024978409952696547,0
34593016,0.8119405604095739,1
34722584,0.4149257411505261,0
34737998,0.006064067254456261,0
34738463,0.026898150965556863,0
34741981,0.013903927430851698,0
34742861,0.006446071850033546,0
34593055,0.6757485391131184,0
34596961,0.006027796871052485,0
34600024,0.008655780681613927,0
34603173,0.10636327471712878,0
34604981,0.2690791167068798,0
34616078,0.04568321075700182,0
34745490,0.005013252312714896,0
34746284,0.1899773490511849,0
34620162,0.003206420324588312,0
34624286,0.8605210837477042,1
34641992,0.03979306568578569,0
34656064,0.02081355278404132,0
34664546,0.3637984437612417,0
34819702,0.014588850125223866,0
34822061,0.059751317966216175,0
34667590,0.013362400085976113,0
34670672,0.009567688238537538,0
34673353,0.04893691194071743,0
34690202,0.11449232445834885,0
34705719,0.0023489089819961253,0
34840495,0.02336107572210867,0
34844071,0.03956542125308943,0
34860207,0.3541075763775519,0
34709283,0.416380238621032,0
35043094,0.007924757673152715,0
34866682,0.07325907511985966,0
34868859,0.2723398506057551,0
35076834,0.007982378258811868,0
35085826,0.001999023688613174,0
34907049,0.018952871587955496,0
34907354,0.009584167968143938,0
34907479,0.006965089516059179,0
34909026,0.006115044009009007,0
34909594,0.007375516534229462,0
34926055,0.13063306070409367,0
35114037,0.03895649981559536,0
35115611,0.18453700180726162,0
35120222,0.00664026973272146,0
34956061,0.24033188699613442,0
35136523,0.013405081635866295,0
35136809,0.013639264339821943,0
35149019,0.007858031302288033,0
34971449,0.46078492833574763,0
34972982,0.4646528541495318,0
35149180,0.2374281342038314,0
35149282,0.4063930779787914,0
35149452,0.1580855148688371,0
35149749,0.025597010666555835,0
35154411,0.0073978330358066375,0
35154668,0.006637004030285272,0
34978738,0.0073077414500950615,0
34993824,0.16323223431476086,0
34994129,0.5079339909317341,0
34998955,0.252222351487048,0
35000464,0.13674924433923247,0
35002311,0.04819111476372108,0
35154803,0.008507048301474845,0
35154913,0.0020987806108075297,0
35155873,0.018491463319592765,0
35166718,0.06312559320661058,0
35167097,0.21092247121495064,0
35183293,0.005638084348009938,0
35186258,0.006538311274650647,0
35005373,0.2910459052260138,0
35012500,0.00389230047624554,0
35025921,0.2402974094679761,0
35026161,0.12931354906234502,0
35038426,0.009900795745383141,0
35267302,0.5394982287382153,0
35186404,0.014596006266284151,0
35191797,0.1346529436113013,0
35197500,0.045169998847252285,0
35203931,0.7943684443450659,1
35267761,0.003720072729389551,0
35304260,0.23373152483736792,0
35222567,0.02707218163153192,0
35224560,0.010486957642702506,0
35227165,0.00681167560507633,0
35231370,0.10845536391851492,0
35231916,0.042950084474330984,0
35310193,0.42569445185081867,0
35315339,0.1954019807205928,0
35232819,0.03078673050017936,0
35235212,0.11804415514688697,0
35235326,0.004468850185660315,0
35235379,0.017986644016635172,0
35236345,0.43674870985171954,0
35236534,0.3939670137508615,0
35348521,0.13077380225856297,0
35354567,0.7933959667551048,1
35369883,0.003914620479802713,0
35250568,0.041322406299719186,0
35252845,0.01570723829150974,0
35254823,0.0037719279509848716,0
35258943,0.002752048707932892,0
35581315,0.05944311821230266,0
35599507,0.07806151245618992,0
35600877,0.0407582932974835,0
35408266,0.04102107491646854,0
35409062,0.21805580279138445,0
35422599,0.0027143922283758997,0
35423560,0.07182793515624639,0
35428996,0.12441628982542545,0
35601251,0.0809756119890112,0
35603341,0.11686522988918592,0
35603512,0.032791004411659656,0
35608098,0.02208478911684007,0
35614233,0.04374256308481512,0
35431400,0.19829385947883757,0
35479956,0.012108484605328845,0
35646199,0.26263151150377156,0
35490967,0.17940785607585458,0
35491909,0.008984212206887842,0
35493937,0.18865845395036393,0
35496842,0.028950217063474677,0
35509087,0.01031531715968305,0
35702864,0.0074391458223396515,0
35712515,0.012724654892233045,0
35510977,0.48026245107876403,0
35511098,0.8120121797273099,1
35513883,0.09926825713898597,0
35523432,0.006778833397778775,0
35526392,0.04292978665756094,0
35713334,0.006772918061889252,0
35713354,0.582020160936198,0
35719652,0.12234365250307715,0
35732634,0.019344618735872773,0
35536969,0.05779064900781476,0
35539586,0.025066420126558544,0
35539856,0.04630625929808381,0
35540158,0.03459450032839892,0
35540308,0.10342731461717176,0
35766431,0.12975685534516557,0
35540417,0.08786019341788079,0
35545194,0.01579933592651707,0
35545434,0.0019931211800115153,0
35545595,0.0038888802973617758,0
35545650,0.028466893578295707,0
35546298,0.020833029608404628,0
35774669,0.00856565550745012,0
35788093,0.42264772683615,0
35797866,0.7904984606783895,1
35806920,0.11198607906416748,0
35808578,0.0015152296975082832,0
35548721,0.05133443257319272,0
35569130,0.29989590924210335,0
35575345,0.1473695630937067,0
35579364,0.2007668695453542,0
35822763,0.8032306530131027,1
35829570,0.003791758518063554,0
35840564,0.02537206884006219,0
35840685,0.007964901745822312,0
35580609,0.4913216574648584,0
35907916,0.09091762437805131,0
35914632,0.009745532467875928,0
35863336,0.04365247948433742,0
35868549,0.2526414950925267,0
35876828,0.22401779604315358,0
35934018,0.013297371441399154,0
35938640,0.01916222256719072,0
35944106,0.03616943044888882,0
35944866,0.019347998460379708,0
35962668,0.13114979481810887,0
35969545,0.004753773009794249,0
35878938,0.04464710196285012,0
35880719,0.013769340228628586,0
35893569,0.11127702520924736,0
35896695,0.016807296231779335,0
35901159,0.006795557380307366,0
36255541,0.013668459673967135,0
36260895,0.017367577129591822,0
35995460,0.020673807263883636,0
35996222,0.006657547376660341,0
35998531,0.055841861545344186,0
36004196,0.1575002323810488,0
36267546,0.00531947630269689,0
36272957,0.1745748260642383,0
36274279,0.20755062097424046,0
36300378,0.23630849996505804,0
36302523,0.14167480377732414,0
36063144,0.02738445490481389,0
36315143,0.11583945370211395,0
36315759,0.7497358335074525,1
36315828,0.5481094962434662,0
36322141,0.04435055182069409,0
36080023,0.0872541448931952,0
36101436,0.008994690434614731,0
36354114,0.41387965199577015,0
36359662,0.09609848180619902,0
36370217,0.809834736353854,1
36379279,0.009310770966807783,0
36379292,0.07063897117505362,0
36134670,0.047010483803432715,0
36137613,0.0030730740189133486,0
36141106,0.024557557213143007,0
36145317,0.008815702185914893,0
36404568,0.8187057100536319,1
36147561,0.013657661975970506,0
36152646,0.18866381049996434,0
36197791,0.5432593260397188,0
36426788,0.011015333784718284,0
36477307,0.04953309989547176,0
36485171,0.019147164371390548,0
36485642,0.011471853406759377,0
36198348,0.022134198960276023,0
36489561,0.2618103450144681,0
36513425,0.004575069572088662,0
36523682,0.008223198596063604,0
36525799,0.010520078191440779,0
36236022,0.006781477348230828,0
36236515,0.0024089428277882215,0
36603015,0.010371068271268942,0
36585314,0.14016778873615077,0
36593724,0.005711016262317307,0
36629436,0.0039392197192904994,0
36632562,0.009692245022214946,0
36633354,0.017367531000391755,0
37019982,0.0069418028231206744,0
37022153,0.035574155168695436,0
37023849,0.5280844249317233,0
36633369,0.0065640236961299475,0
36640931,0.0020360665888720575,0
36656933,0.08250944999651266,0
36659812,0.041398267999239784,0
36660274,0.028482603260502757,0
37023920,0.8318522800104675,1
37048087,0.0030908741134490288,0
37053079,0.006639522774539722,0
37055580,0.007910413744956806,0
37055877,0.3479596859168622,0
37056638,0.028878307049093603,0
36696860,0.017438882739593903,0
36697133,0.011524623344466758,0
36753879,0.7486267792125706,1
36762958,0.0033693944492762438,0
37057382,0.20467524586172,0
37058304,0.24515233376884746,0
37060440,0.02727612181710621,0
37060607,0.12849894970867684,0
37074081,0.7243595275346068,0
37079197,0.20189972890667068,0
37082885,0.0026761436569211266,0
37083736,0.1467681842746776,0
36796156,0.043798567100462156,0
36803276,0.2698976220136142,0
36804299,0.0416705473305133,0
36813246,0.014183044181752362,0
37085182,0.31019789009956666,0
37085302,0.015493394556773591,0
37086914,0.23885397480297033,0
37093438,0.010077125542244447,0
37094204,0.09065877268199221,0
37094209,0.1387450693928648,0
37094830,0.00983405558955416,0
36836336,0.02006298937881438,0
36839214,0.32836667858252605,0
36839873,0.5487140313331502,0
37096121,0.06921757013365974,0
37122162,0.0012144194236930156,0
37122437,0.004766254020538912,0
37122502,0.0007308589628653076,0
37122566,0.00570442866726702,0
36872628,0.021079162252835296,0
36875336,0.018296164225105792,0
36900144,0.00305082182760132,0
36906533,0.1385146673197087,0
37132673,0.004720633617960901,0
37138983,0.5601240167142618,0
36906763,0.21163950638627838,0
36911854,0.1448134258104906,0
36914033,0.21771825795571373,0
36922223,0.21404222476297044,0
36939083,0.43684375418706456,0
36939258,0.2757097264790698,0
37154807,0.8279710496301061,1
36940057,0.011104338886711498,0
36945647,0.16076647435600175,0
37178609,0.39938730619025936,0
37182088,0.05641531924252892,0
37187163,0.1513881544247777,0
37187259,0.015646018553267405,0
37200571,0.3803224333562347,0
36974600,0.010041573288713508,0
36981285,0.027427562284562272,0
36998345,0.006559479927080185,0
37011601,0.00973294793421531,0
37207174,0.013147125983870632,0
37215278,0.035055065724284656,0
37216159,0.01475875039138924,0
37250030,0.133953105489819,0
37253210,0.04023894655973869,0
37253565,0.06705154027874015,0
37254729,0.06264476565981121,0
37260475,0.011017176792703413,0
37262517,0.08461846364571779,0
37218076,0.04865452866249924,0
37240374,0.03292853459970223,0
37245813,0.33188714236044375,0
37247512,0.017491852397608424,0
37561740,0.007239261553685213,0
37563342,0.29882432834500183,0
37282283,0.2965224622467874,0
37285128,0.7536171421478919,1
37291686,0.08506203766516647,0
37297049,0.07706433239078446,0
37297150,0.019186296573990305,0
37564878,0.02708625960918044,0
37585659,0.7460386906489346,0
37588246,0.7591296382587723,1
37589906,0.35861856566206435,0
37300621,0.012047604254402789,0
37316929,0.09437667672650063,0
37318064,0.04364174608599571,0
37322150,0.005312563843448138,0
37594699,0.007011207940370554,0
37598410,0.009235380793867898,0
37598471,0.46066186726812014,0
37598495,0.05452833133812403,0
37627715,0.5434748691862603,0
37630258,0.04824416472554756,0
37630778,0.011677480471227863,0
37322248,0.0228395453362537,0
37322632,0.7846675318512029,1
37323360,0.004043013450617959,0
37325442,0.009360240696093602,0
37633552,0.01699856091622357,0
37634311,0.05806879173909571,0
37634767,0.46486627356625354,0
37660941,0.4685316156114908,0
37661812,0.3066076348716498,0
37662389,0.4054370408078029,0
37665665,0.21982904704643785,0
37330856,0.7781002375607955,1
37332720,0.06565260450997525,0
37349383,0.1239469155465387,0
37351667,0.8138252489145519,1
37361653,0.44142476180140305,0
37688045,0.0636229496255326,0
37696099,0.07142544972247426,0
37705884,0.38736093583056935,0
37706099,0.011850422206412475,0
37371179,0.009749824421614407,0
37397088,0.09019498279177211,0
37404277,0.03465800775952728,0
37423528,0.5447789365970467,0
37424442,0.03944607023714911,0
37428856,0.836281740778541,1
37720576,0.01665108883165025,0
37720797,0.004629002789923394,0
37722378,0.18434894105427618,0
37723620,0.0058842589922609816,0
37740667,0.4679509185705289,0
37443671,0.034359189942810016,0
37446470,0.033306705934644354,0
37750065,0.16871115448728355,0
37750997,0.008678983550608728,0
37779494,0.836775774065577,1
37462923,0.002069338602161183,0
37486474,0.5508776584902216,0
37491295,0.03196086752317839,0
37494611,0.02127409470194583,0
37793205,0.3706217754458341,0
37798666,0.18309133797604604,0
37807246,0.1715733762218277,0
37808381,0.1438665625759037,0
37809572,0.10480897749650338,0
37810821,0.4442693683154631,0
37529321,0.004652996513331238,0
37532017,0.02997961130874104,0
37532987,0.17823572557882153,0
37828655,0.043128642350025365,0
37833931,0.31312802886558444,0
37842610,0.06372418855273952,0
37857475,0.28927397495930784,0
37862092,0.0061959232986551795,0
37862550,0.017194799460787835,0
37536591,0.029103634661419554,0
37549695,0.0025803797732831717,0
37551957,0.4079890192557036,0
38235141,0.008301153350805116,0
37879131,0.0028381722659433658,0
37887133,0.8130631969412642,1
37891200,0.019984647324621376,0
37908313,0.3464508595122706,0
37909386,0.13049217977755181,0
38236463,0.037119761682183124,0
38239421,0.27450535169522444,0
38261496,0.02374098249984807,0
38281533,0.057983912626042446,0
37937595,0.038293128609488164,0
37941349,0.011835334868160838,0
37942657,0.17615776894861457,0
38284238,0.8207967551727687,1
38285454,0.22554043942234947,0
38291768,0.09184431033306026,0
38295943,0.19199012094036996,0
38299089,0.08981746119051266,0
37943502,0.09514348371648221,0
37943668,0.00521507389973182,0
37944508,0.00748297717122506,0
37944546,0.2788466502647248,0
37971614,0.005314522671038391,0
37982862,0.14099350478555342,0
38317957,0.06435398630285977,0
38323529,0.02647273988258154,0
37984597,0.2427919270565,0
37986967,0.2490553785008843,0
37988664,0.01604185831811346,0
37988953,0.01142778447455139,0
37992636,0.10687400767182015,0
37993547,0.1381967174076946,0
38359468,0.11194940472283378,0
38377227,0.015276780374813096,0
38379068,0.004693800869917431,0
38019033,0.05778971005465006,0
38020017,0.03403402858004997,0
38024356,0.0071775276351664025,0
38390610,0.18210803252620897,0
38404770,0.02239012896475454,0
38413549,0.7859611581000726,1
38045508,0.5223216003184328,0
38048018,0.027912146826276005,0
38097887,0.20346290747136545,0
38425543,0.02715952418141486,0
38428035,0.3248528100696578,0
38437629,0.007207477458286396,0
38454938,0.03983025585393996,0
38456362,0.005226941245720049,0
38134394,0.00796966932669861,0
38461525,0.0092355450561741,0
38462360,0.0216713927692494,0
38135970,0.07499784174220314,0
38161096,0.1735533224617644,0
38161780,0.0263514964217276,0
38166035,0.00913019160548359,0
38477712,0.03648135688804413,0
38480777,0.018910697693722882,0
38481108,0.028786590897745854,0
38486378,0.07305945100081017,0
38494298,0.006805897887838273,0
38496782,0.004362769969053402,0
38178779,0.01829288890339465,0
38186786,0.007884148967326973,0
38198444,0.3223933342398666,0
38214221,0.33861656188512124,0
38513011,0.1206038851130125,0
38515796,0.0372213073934035,0
38521231,0.00938243252640224,0
38522188,0.044914772729951945,0
38522224,0.012702226459362644,0
38217247,0.025461961019889474,0
38550605,0.05767482676258279,0
38550982,0.8503672277171521,1
38553463,0.1467071271508039,0
38526362,0.03179281526529758,0
38542488,0.19765220527427818,0
38902678,0.014268695360000938,0
38559180,0.03589692246097963,0
38571450,0.12747310411939045,0
38573488,0.06349924264438389,0
38573589,0.024149304237745615,0
38584270,0.126093778099916,0
38584439,0.1528063756686447,0
38600017,0.06627210744550614,0
38603451,0.2271067011304771,0
38908592,0.09344475209189795,0
38910508,0.10382596269722554,0
38609434,0.45029339767446713,0
38617814,0.009934780445929539,0
38619451,0.04362524059945334,0
38623036,0.008431167046917152,0
38624089,0.05373392749109709,0
38624335,0.11829251959948335,0
38624428,0.21882140325442806,0
38624988,0.18777391413869923,0
38924225,0.5876067284652493,0
38924473,0.8017469397420888,1
38930954,0.010798330481076682,0
38932995,0.37390789820181036,0
38947926,0.025861929808852862,0
38954037,0.046991545487729505,0
38640810,0.2754881947354912,0
38645543,0.14034528662595833,0
38645666,0.030140313011780936,0
38646409,0.007670514867032319,0
38664426,0.30715536062117504,0
38666081,0.014369173454415823,0
38674685,0.003621415378849863,0
38697036,0.007619000952295034,0
38975498,0.07731590802452645,0
38978429,0.14770029949232938,0
38980221,0.002675290364944785,0
38983890,0.006874409792911882,0
38704688,0.8019145120096182,1
38725189,0.008873169757822473,0
38996102,0.009704671272343424,0
38997592,0.010527270384742902,0
38999862,0.8337410004329984,1
39001725,0.006223931172247687,0
38778121,0.31602850483011463,0
38780110,0.06703362512375233,0
38804342,0.8161486303214742,1
38811858,0.840604879709363,1
39005390,0.20324044168293062,0
39016717,0.14435379783954533,0
39031849,0.0028357577006513993,0
38812729,0.010035477591652839,0
38817916,0.0026980840087765276,0
38846563,0.11875286167697868,0
39033318,0.018709797411807453,0
39034248,0.03096639695426482,0
39036887,0.24456187378336164,0
38846976,0.050666515667269506,0
38849102,0.0030846782334159983,0
38850758,0.04445597913101427,0
38866096,0.041032711566070475,0
38866268,0.008993397314380315,0
38871574,0.24511999256059067,0
38871661,0.01795803118785452,0
38875424,0.08634443903132515,0
39059931,0.42946186125263597,0
39072592,0.005976537764567003,0
39074638,0.004084350912516735,0
39083120,0.8206889862302216,1
39083245,0.354786424883482,0
39084990,0.7632399501241861,1
39087293,0.3219931727087158,0
38879859,0.021446281630751785,0
39177041,0.4132155517550131,0
39189765,0.539726828426278,0
39191142,0.8187608580634087,1
39193812,0.014411683717303768,0
39194327,0.14526708731005025,0
39196417,0.6357395390151502,0
39113138,0.04659490205976582,0
39123850,0.023245152224239833,0
39125813,0.19869706726908037,0
39126741,0.4366533403270977,0
39128021,0.4911082730592622,0
39149013,0.015139363928047631,0
39199781,0.008668737212589579,0
39229191,0.0759094626454865,0
39243894,0.7515963956828622,1
39153457,0.009004789134382988,0
39169415,0.003741411444023106,0
39174155,0.006077074824305573,0
39176524,0.11640480096637938,0
39257912,0.016605308168591022,0
39269487,0.8069643235087006,1
39485765,0.006593999941113475,0
39485858,0.007594931460323249,0
39487415,0.004781443067698825,0
39507366,0.3983516938292322,0
39280356,0.23843657047387837,0
39299540,0.022280381515173517,0
39301619,0.7980211663448807,1
39302944,0.4062941044763434,0
39313969,0.02601585030683604,0
39507856,0.24043668898790155,0
39508474,0.1782423300222668,0
39517970,0.1313875723858934,0
39332857,0.044334582823217866,0
39524646,0.02194700698293863,0
39526252,0.04897505788416884,0
39526281,0.07747173616507262,0
39528624,0.09808473128457115,0
39531655,0.14586575590788267,0
39535241,0.08806765572389727,0
39358131,0.4948771492892303,0
39370156,0.007049016382465573,0
39380947,0.002428890217500473,0
39381034,0.15657129039020665,0
39386691,0.06172411711013805,0
39535604,0.08053901694104594,0
39535849,0.8482066916588923,1
39537097,0.002123081581606575,0
39543637,0.18218931550841508,0
39395456,0.004693487927376088,0
39411592,0.7659003124055574,1
39413681,0.15784298831848453,0
39548285,0.5802502962199142,0
39553672,0.19052025687616078,0
39435705,0.7970148492076484,1
39435760,0.8069547535553915,1
39435765,0.7970148492076484,1
39435773,0.8069547535553915,1
39435811,0.8070809473703573,1
39587759,0.44883176286763626,0
39598996,0.33478467100136644,0
39435835,0.5047120796490813,0
39449814,0.16489735936524336,0
39603229,0.8322746137808096,1
39603782,0.00845084791662298,0
39606116,0.14558565965176815,0
39610139,0.03506005775927249,0
39612224,0.02594259404585533,0
39481793,0.10358774144518722,0
39483179,0.07465252553591928,0
39749416,0.16438340995058007,0
39627703,0.07914284151259648,0
39627727,0.0044100027038286565,0
39627918,0.06899979218906979,0
39628230,0.0787368542524329,0
39628233,0.8129616317964168,1
39630152,0.09459716869200739,0
39633382,0.318328660663778,0
39634340,0.055176907174200596,0
39749681,0.18449919363472314,0
39767080,0.018338578625217244,0
39777590,0.008295950836462401,0
39634396,0.48073756277329543,0
39647259,0.324137850085771,0
39671310,0.011032629062568463,0
39833359,0.001941808322316323,0
39839813,0.008355217259746252,0
39696136,0.015817966930767726,0
39699359,0.02355629940574,0
39703272,0.8457147818248182,1
39717041,0.0023789932489648295,0
39725627,0.08222963913181489,0
39850284,0.22478741684038236,0
39853302,0.41458757908211996,0
39858506,0.8050184019253015,1
39940831,0.7525072459367477,1
39950446,0.004393782685676624,0
39860690,0.00483507552044539,0
39860936,0.02806667605872516,0
39861059,0.007788178605021214,0
39861127,0.02938146026954562,0
39861182,0.015585945892733658,0
39951152,0.004867861791084298,0
39969287,0.037688768517958444,0
39861458,0.3086288759650992,0
39862015,0.05183261609860944,0
39862209,0.034691163935265994,0
39866812,0.36170284190465984,0
39872100,0.03157602630663037,0
39971399,0.19656841641244893,0
39981492,0.014575876109301831,0
39878031,0.5523466915031167,0
39878065,0.7552792155588985,1
39878087,0.7514093205278809,1
39878204,0.8177544885355947,1
39878242,0.8119925973803278,1
39878798,0.2121275566171813,0
39878837,0.8070809473703573,1
39879250,0.48147659842172036,0
40009594,0.1654625837335684,0
39894957,0.14742016736519575,0
39896685,0.01782366548681192,0
39899915,0.18441198192917307,0
39916681,0.5700551490055564,0
39919408,0.03191279969589276,0
39920610,0.17282316517237897,0
40028007,0.45858550077219074,0
40030465,0.020886199728510597,0
40035713,0.5187611380108845,0
39921115,0.3402170424581868,0
39921713,0.01666186226876225,0
39922049,0.7803173043149141,1
40040224,0.00531469641630167,0
40047091,0.5838247892648439,0
40062883,0.007340825042568426,0
40067442,0.08028759950060818,0
39929061,0.0637938630122983,0
40080502,0.003999299379585616,0
40092387,0.012971816689390025,0
40092482,0.1310900823029371,0
40095318,0.019357281808515356,0
40103744,0.028959282062379733,0
40115492,0.14236004940572586,0
40215699,0.8260799660387065,1
40223498,0.04935553002028736,0
40228352,0.012681638939427257,0
40231754,0.20642637682771714,0
40137674,0.013117725240781336,0
40155082,0.8375900314360187,1
40158019,0.0030711084089940746,0
40239419,0.01618391786041987,0
40239461,0.2897254545842797,0
40247800,0.7484612464549807,1
40249358,0.45027872045797274,0
40261940,0.8101826285286858,1
40264373,0.02128574761038799,0
40289316,0.27763922070696595,0
40182687,0.01152434651236964,0
40198915,0.00828403526585687,0
40292818,0.030059145110802103,0
40301903,0.19199937242274093,0
40302589,0.0771188975505251,0
40304242,0.028825859776286544,0
40447283,0.2350983098288745,0
40448123,0.007694860343048403,0
40448201,0.17560341333185492,0
40468300,0.8356912641618174,1
40316923,0.0937527245746734,0
40473913,0.023418869112968397,0
40474055,0.04342123289267205,0
40335341,0.005032226211120772,0
40335381,0.10345977666973993,0
40335468,0.01598341622291671,0
40339942,0.01191505097265231,0
40344826,0.09751378738198349,0
40491893,0.22289858799112608,0
40345364,0.15664532756665003,0
40350292,0.33567589511373963,0
40511239,0.054259397360797004,0
40529147,0.03473391728543108,0
40376349,0.0041953990113574495,0
40391410,0.345244493185359,0
40396854,0.2412364544505589,0
40397243,0.04651030581933222,0
40399598,0.026286557784402934,0
40400671,0.10026374424883605,0
40535803,0.8024678074505897,1
40403927,0.03196884256589931,0
40406049,0.003673498977594541,0
40407291,0.017210895799880947,0
40424198,0.009339943323298464,0
40424606,0.1992779939945351,0
40565556,0.027542370486152486,0
40576966,0.056703756460282986,0
40591061,0.018129774396398023,0
40425172,0.037363285238314725,0
40680003,0.00568425238238615,0
40683527,0.2524078426850638,0
40608762,0.8218376406874423,1
40699072,0.782982569380811,1
40704904,0.4140719225521508,0
40640280,0.12526637991265274,0
40721922,0.5506455862283041,0
40725405,0.0033593301683974763,0
40734111,0.006234531919935841,0
40889145,0.45480098535232133,0
40891496,0.1912368502115146,0
40736481,0.8011684863401899,1
40736607,0.48576341996021566,0
40737415,0.012802818071595657,0
40744843,0.8312724871460642,1
40748884,0.03806871185778112,0
40896611,0.1571259206501494,0
40754270,0.3609649293097349,0
40756575,0.005385912101205028,0
40759693,0.005921510480358184,0
40897658,0.008188327452747845,0
40900757,0.019022776575419,0
40912721,0.2143529828572466,0
40915004,0.03290498560160407,0
40781102,0.009521625199768256,0
40790813,0.03686350880520308,0
40922585,0.023087387207486085,0
40922899,0.04809226102556145,0
40794509,0.37036067872690115,0
40797425,0.055813330954017866,0
40797714,0.0049989498099388095,0
40816175,0.004480110675105651,0
40930849,0.005382701809647153,0
40944374,0.00498756528109387,0
40946694,0.4113966939924023,0
40824219,0.04284548322235997,0
40824301,0.02974233009935758,0
40825740,0.48245652860795224,0
40843980,0.014542337204655326,0
40846105,0.027833670158235107,0
40952752,0.8480423666994423,1
40861640,0.13412807766006227,0
40869871,0.07653663553572079,0
40887882,0.21117540156339126,0
40971681,0.01878574214657334,0
40973933,0.0390030510375934,0
40986707,0.0058412670784085486,0
40992950,0.37841235654028754,0
41107092,0.015722910218755538,0
41108306,0.07701349211769833,0
41109712,0.011070205371953098,0
41123624,0.03305066832899975,0
41124424,0.7960931590799011,1
41007370,0.031746779633644445,0
41009396,0.10037794968734554,0
41012815,0.011416865872450081,0
41021292,0.1715252711459312,0
41124781,0.06486424047497479,0
41127989,0.011986246515790855,0
41146307,0.14827502365588627,0
41151871,0.006162406387740856,0
41023393,0.030336609113333354,0
41033943,0.8077550606860489,1
41036360,0.1507145032766693,0
41047753,0.055488122388370496,0
41154668,0.7995796628304619,1
41157920,0.8169127297116607,1
41166828,0.7689589419765024,1
41173094,0.014142868117131746,0
41175544,0.020821170926042642,0
41175790,0.017348547956859403,0
41069298,0.014325361018830071,0
41075946,0.28111835518407835,0
41078843,0.0027192530857260296,0
41178612,0.003395040989867849,0
41212093,0.01140160774885595,0
41215964,0.27707672001343764,0
41226843,0.7743667293405558,1
41237808,0.0547285825731775,0
41082801,0.01838267510501826,0
41399557,0.03389382095603916,0
41420151,0.024888261389641397,0
41425572,0.8647144944073442,1
41257755,0.5959195574638178,0
41258335,0.057447321938094535,0
41262660,0.10640154018114774,0
41268569,0.8182337081562469,1
41425597,0.8495924011295676,1
41425624,0.592948889088274,0
41430801,0.43683666160782386,0
41433641,0.3784603145493596,0
41453338,0.2712019740685759,0
41454887,0.13346243832855137,0
41466873,0.771789292645863,1
41274329,0.013917113938658339,0
41285370,0.20804358303965667,0
41289512,0.01488146107475195,0
41295029,0.006303879502596568,0
41295300,0.011199502298968952,0
41295524,0.002579511967049334,0
41301073,0.005753632595286279,0
41469310,0.8463261964857084,1
41472347,0.00820721102007423,0
41473245,0.040044505571680426,0
41474950,0.01214587859477743,0
41485666,0.007069916922405092,0
41321694,0.014205147545041687,0
41322723,0.01282597397978059,0
41336712,0.2775240782115628,0
41348789,0.12788990575354559,0
41496552,0.20297026107950425,0
41504521,0.009031113234754595,0
41506185,0.43996242891302395,0
41507050,0.5006962471696864,0
41527827,0.02271197436136809,0
41352166,0.012835657818924881,0
41353712,0.004622790394650453,0
41354388,0.2624744573937248,0
41365538,0.3365961860508894,0
41367371,0.0056557723203898074,0
41369046,0.4667014967504293,0
41371194,0.4994634352109163,0
41373193,0.6008124777950371,0
41529631,0.2989899418462892,0
41531671,0.010704946789035361,0
41547677,0.10253685302296912,0
41552434,0.18265402163435218,0
41559646,0.03993148749152082,0
41383676,0.023797394687144445,0
41395190,0.004572196182072619,0
41712212,0.004186424252073211,0
41712314,0.40867341805785007,0
41564056,0.5064735958402022,0
41565203,0.04415192982056769,0
41568108,0.0491532756383794,0
41581379,0.10090525941118633,0
41581638,0.16802106957377758,0
41720005,0.041738768624370044,0
41725492,0.03876342419666233,0
41733738,0.004720847079664253,0
41746645,0.040491991249372056,0
41747413,0.006576343506498794,0
41585180,0.4142384358620185,0
41592296,0.030237238355485304,0
41593430,0.014688438340180604,0
41598391,0.0879903912336602,0
41609145,0.7522026575404906,1
41749993,0.06640289171976237,0
41753654,0.011824363772123743,0
41769297,0.05028226414578216,0
41770339,0.0510336640145875,0
41614248,0.005689208695587212,0
41617032,0.00871830740131948,0
41634451,0.033570217465151486,0
41642747,0.012258526087035279,0
41786442,0.01583686715580498,0
41789758,0.28906730017207644,0
41790722,0.038488929480970886,0
41799372,0.013550075328999866,0
41816533,0.012328942016877216,0
41647808,0.009015522414310266,0
41665066,0.03834964852761423,0
41666464,0.20132897919576312,0
41840320,0.00512148211426869,0
41840700,0.202097025561521,0
41670159,0.16040386805354692,0
41681691,0.7876018079096575,1
41686149,0.06114916853388502,0
41690071,0.005220424703576571,0
41692454,0.002613024238859898,0
41710457,0.006789793124672623,0
41867299,0.29916196737102374,0
41889234,0.8155803824499731,1
41889937,0.27948562966088303,0
41895103,0.34605516095339534,0
42015560,0.22488127582756612,0
42015995,0.27480832562155744,0
42020878,0.010129051486600276,0
42022909,0.01898389514397871,0
41899583,0.43938464638193403,0
41900007,0.005878676741046353,0
41908637,0.2620037912236115,0
41909568,0.024804791184149813,0
41911675,0.4643542007361579,0
41915430,0.03640733850474159,0
41922570,0.2441364670996861,0
42023090,0.012410609557423236,0
42023288,0.41980527331471074,0
42038631,0.23254072493688235,0
41934934,0.13674867770377652,0
41959506,0.04949729781678929,0
42041277,0.45814130365922145,0
42049436,0.05038112107369992,0
41964371,0.01990497724242242,0
41976399,0.01270318612433601,0
41978804,0.09026219297820291,0
41997496,0.8183729612555127,1
41997533,0.7452559495405096,0
42058731,0.01461071401755996,0
42067285,0.022970289629623622,0
42082740,0.40343838663920434,0
42002291,0.0033494875317440866,0
42306406,0.16631052481073946,0
42088954,0.018421093231063588,0
42097281,0.038721070829109035,0
42106453,0.19228749405524914,0
42108441,0.10343912096642777,0
42112271,0.08176384975477878,0
42112694,0.13181645170402406,0
42311578,0.008533921022060069,0
42331212,0.29633745907314296,0
42332206,0.23070612639466792,0
42332401,0.41495500096920873,0
42132039,0.09724342054260063,0
42154630,0.007624246813454763,0
42360275,0.0269682645752525,0
42377787,0.012558062925488035,0
42379175,0.011217074971753876,0
42379755,0.8218533990737139,1
42159545,0.031267430297488435,0
42160230,0.859744963041592,1
42161973,0.08763354523562664,0
42194646,0.8258533111178679,1
42195148,0.3683408713460592,0
42386569,0.040231328660931286,0
42389365,0.03218611761554086,0
42389957,0.02819214142907928,0
42402259,0.1802251621567012,0
42404526,0.7559513919659607,1
42404625,0.7567541714970856,1
42219242,0.2984090005377146,0
42220001,0.8207261527813985,1
42220146,0.8088701192532792,1
42231473,0.4263642848323018,0
42245079,0.1680835042914776,0
42404665,0.5306855854781729,0
42404707,0.8132799133111189,1
42405152,0.047358493756157374,0
42406076,0.02618085311445858,0
42406399,0.06952665624724233,0
42410393,0.1750109510805147,0
42433863,0.00762489022884407,0
42436595,0.29065920342833984,0
42245107,0.193360239312683,0
42249744,0.08211373456749436,0
42265787,0.03723757070848725,0
42273545,0.021618998771276383,0
42274209,0.210807631977472,0
42438973,0.01874457786253267,0
42444354,0.2448079802817729,0
42449569,0.8070955769368527,1
42449656,0.05786101061398322,0
42451008,0.24317787849364872,0
42274866,0.04688498779981563,0
42298697,0.7298913667496325,0
42303747,0.028621823699104782,0
42529554,0.005181675433837982,0
42532821,0.2600261043030763,0
42467234,0.09658289520979658,0
42471990,0.4483958257050611,0
42472632,0.2339040167565501,0
42473749,0.050591917636180775,0
42535595,0.03865195752279054,0
42536123,0.11620762308811915,0
42567610,0.049186802629451895,0
42579881,0.024618310605257748,0
42582390,0.7816921869254889,1
42584450,0.1706736721468121,0
42476362,0.07444281499558436,0
42486136,0.00691627643885462,0
42494731,0.013509682412591654,0
42495508,0.026957216887730687,0
42497920,0.5765981236651476,0
42498442,0.4709605591586452,0
42498458,0.7753155683542666,1
42586407,0.023964857088856817,0
42587049,0.7753612047724832,1
42587306,0.3920635279570366,0
42589526,0.782539198779234,1
42596536,0.27694591626778875,0
42602038,0.23962149645297967,0
42498484,0.5358155299273191,0
42502510,0.04598057427152303,0
42504616,0.10909638699806419,0
42507723,0.005064308103653996,0
42516466,0.018326505643505863,0
42638833,0.8154115348767796,1
42640224,0.8185252252512746,1
42643177,0.004840506151953468,0
42523317,0.23160884514814287,0
42757436,0.7526574092846627,1
42758764,0.08213504161772402,0
42761887,0.6714230226101211,0
42645101,0.006826254052807631,0
42646624,0.47846128625197987,0
42648198,0.28677888494925513,0
42662526,0.8348858247642788,1
42769704,0.45107647890293645,0
42788958,0.4973483899590849,0
42672172,0.0029814397327053914,0
42682643,0.10449910148400465,0
42682747,0.0669355604150838,0
42688012,0.0670903968391297,0
42789033,0.7765806563973503,1
42795515,0.15740487620425173,0
42805340,0.3291800807149444,0
42806766,0.6855011703511753,0
42817298,0.010872561351953565,0
42689810,0.009485213677578947,0
42704243,0.7597429383123019,1
42818093,0.8171188605639066,1
42835727,0.17909197254132073,0
42835790,0.14378898105012744,0
42840583,0.4621230167896474,0
42841450,0.005536955817868506,0
42735065,0.2315711335040014,0
42735424,0.3051628878969288,0
42735863,0.42565763740959156,0
42738424,0.22412964644034652,0
42738465,0.23618519708044478,0
42741138,0.021817728295733262,0
42868646,0.7516893713627663,1
42868661,0.7515497679135638,1
42871724,0.015373183110878227,0
42878514,0.21941375296696963,0
42879079,0.5087037536507452,0
42745382,0.8377171096473783,1
42745394,0.004339547934162824,0
42746488,0.003267576956254818,0
42888442,0.19564253348930014,0
42989102,0.787981721939188,1
42914015,0.07247605066915426,0
42925669,0.3547960401260694,0
42927101,0.10324601703767172,0
42927800,0.7906107970925096,1
42997858,0.06306344847093104,0
42998162,0.7791044274721298,1
42999798,0.8091750630712945,1
42927825,0.05961701325929289,0
42935766,0.4169130060827383,0
42935943,0.5168376334784899,0
42936229,0.48593920541679514,0
42936364,0.39784184754497776,0
42938323,0.5448452019554878,0
43011293,0.10274770148320429,0
43012924,0.10005829817533449,0
42942408,0.5511964120087163,0
42942722,0.527085738249004,0
43022519,0.11173250882685302,0
42963167,0.5214473296098704,0
42965074,0.013770535196587823,0
42970160,0.02694167688741177,0
43034172,0.047098148966044855,0
43038680,0.7229678337723654,0
43042861,0.570041163134751,0
43043180,0.7526426924329541,1
42975689,0.05311956181343912,0
43174785,0.4716360435129113,0
43174844,0.4709645250859112,0
43177809,0.7862270410906634,1
43185743,0.004785270812188474,0
43197566,0.024339101725256385,0
43044085,0.04430991717927833,0
43054040,0.05596592396293913,0
43054170,0.281458624881238,0
43061729,0.04764508324424823,0
43203702,0.4708545712638156,0
43207089,0.007598871128713257,0
43211440,0.4496700645061599,0
43211533,0.788278072924584,1
43211635,0.8007812119456661,1
43211802,0.5747873448969375,0
43213162,0.09151489864523592,0
43218562,0.8331518872564382,1
43219382,0.3086373263509446,0
43077519,0.21004364241068665,0
43096646,0.27424896013340005,0
43098254,0.8212243139641707,1
43103808,0.13154678063154535,0
43220447,0.018720013039454093,0
43221088,0.48700489380747525,0
43230953,0.11122114760889219,0
43231672,0.19031373595178525,0
43245957,0.043944062080662094,0
43251246,0.7901659635102871,1
43104937,0.004200642494850236,0
43108992,0.31456704927734824,0
43111767,0.22237969455501697,0
43123958,0.3907236846579756,0
43126400,0.1413905673347283,0
43251356,0.5601161395184844,0
43251455,0.716255147438557,0
43251517,0.42631224650893684,0
43251669,0.38990636918813454,0
43251732,0.7901659635102871,1
43255573,0.18268309339020602,0
43131415,0.4704620812100565,0
43131502,0.25929150631188064,0
43132765,0.006386976719999821,0
43143734,0.23013280081245654,0
43147403,0.826687472873252,1
43259385,0.008671716099667486,0
43259587,0.7289779657669732,0
43266587,0.035084944912747225,0
43267312,0.03578283583082,0
43267372,0.03985809259397559,0
43268186,0.5096045401203027,0
43268369,0.04426430353112775,0
43268744,0.7814274777541312,1
43150520,0.00926603288733406,0
43152182,0.12021762409053612,0
43156881,0.3374394264828947,0
43270798,0.07489018495650955,0
43271004,0.029420652037141008,0
43275029,0.7726631652159618,1
43275110,0.27143042988441496,0
43278897,0.004256507964256518,0
43161885,0.00680497087140964,0
43163186,0.07891874291735732,0
43163750,0.38129163027229784,0
43170046,0.032396632281159694,0
43289906,0.03272268762529779,0
43303056,0.051369636716603745,0
43310098,0.032217900878354966,0
43310157,0.038696853197259726,0
43357020,0.08469511718671076,0
43357084,0.1534808721010109,0
43358518,0.006247097491605036,0
43366319,0.4704988527325243,0
43366411,0.4011190964528973,0
43310180,0.04164387434137677,0
43310275,0.07820059785665624,0
43310301,0.04603825337406491,0
43310986,0.024939898588892145,0
43311037,0.04240762978909254,0
43311186,0.023561175587609333,0
43311252,0.03136999200896269,0
43311287,0.05623849144259706,0
43311320,0.03838738896426223,0
43311409,0.039496056650033716,0
43371304,0.393580409054577,0
43375941,0.38547803453885837,0
43376016,0.40408436914514717,0
43379173,0.3438221157017156,0
43381880,0.30367503260805334,0
43315188,0.029317894902052718,0
43315235,0.02506403714053293,0
43315277,0.06846475507950943,0
43315319,0.03983884975104186,0
43315428,0.03344585928884934,0
43315528,0.03862125989575899,0
43315639,0.04961498915693875,0
43317855,0.29220638455035847,0
43381881,0.2963780237366794,0
43382836,0.01837275934787149,0
43387363,0.7822155591671588,1
43388055,0.7901659635102871,1
43354556,0.7499615763775287,1
43547014,0.029814158819112785,0
43547204,0.021858053814028416,0
43558333,0.7616344456528746,1
43410866,0.05369730911929771,0
43558653,0.13721043298207716,0
43558836,0.7594981591098618,1
43569876,0.7542497140877665,1
43576862,0.013855120946390556,0
43591709,0.021228431117415524,0
43596004,0.02504177555648813,0
43414885,0.4790284380681393,0
43416025,0.2327177822893066,0
43420963,0.2915547495538308,0
43421180,0.22727288042062624,0
43433217,0.05287793264839043,0
43605445,0.007411032840827075,0
43611951,0.7688096342784494,1
43612639,0.005309131532365481,0
43615808,0.2227468333333871,0
43626965,0.170231290442522,0
43652025,0.011787248032524882,0
43450191,0.48609958966204847,0
43451168,0.2878852687282811,0
43451371,0.3067440167707746,0
43656521,0.3774815655891859,0
43458250,0.010672124491970749,0
43468359,0.01287103608712726,0
43679750,0.8365690993462931,1
43686536,0.005036022021194018,0
43688142,0.02014677588289341,0
43701555,0.021058509053224036,0
43703359,0.048780719679789634,0
43714286,0.08862085091949244,0
43495869,0.010892101290717526,0
43497073,0.0037378107274511642,0
43497107,0.01860561989366764,0
43498379,0.06216276255458191,0
43498999,0.00920978732804822,0
43715460,0.4558042497361521,0
43731306,0.024863026285717314,0
43499730,0.015954928254275,0
43509173,0.6917178059716627,0
43518331,0.0035619757380505775,0
43526370,0.8299959075646344,1
43530040,0.8005988503733225,1
43537431,0.04794489732007717,0
43742522,0.002086662391393406,0
43744465,0.42648775721476406,0
43749311,0.014074452243799296,0
43844044,0.0862503099939543,0
43856156,0.003587060011684113,0
43860696,0.04441342481039901,0
43862488,0.433872161549651,0
43869863,0.013020387875478117,0
43871113,0.03323712662229594,0
43785452,0.02386230251354037,0
43788419,0.042499788797700194,0
43803118,0.36815907553708643,0
43878655,0.7199013881434816,0
43888356,0.8156403898998731,1
43894383,0.05972375154772751,0
43895124,0.03233566421708919,0
43909885,0.35586220498582793,0
43928714,0.2806928585448929,0
43929087,0.5011480768608739,0
43931225,0.530550276170803,0
43806992,0.0941540735628792,0
43817473,0.4943965841720784,0
43831018,0.002665219391426552,0
43834804,0.005830191777897617,0
44189059,0.062400241149718844,0
43932082,0.5395341721928175,0
43937175,0.27597929395168885,0
43956795,0.10582566134908113,0
43961545,0.010577098395194972,0
44189839,0.5368585271361584,0
44191733,0.03602268585242252,0
44211352,0.013797324034872518,0
44249049,0.007214726748051791,0
43986314,0.3508608612500245,0
43986380,0.5225415257536599,0
43986573,0.2516652004929728,0
43993168,0.12006677271630192,0
43997163,0.014060328968432283,0
44251069,0.056285997650224545,0
44251682,0.11378965438869663,0
44261171,0.54708175506106,0
44261202,0.7507907176947214,1
44262107,0.05159644369357507,0
44277610,0.3492225457076036,0
44281187,0.007534980144600329,0
44282642,0.014876211424275768,0
44004162,0.00733372089530232,0
44012767,0.1674887230406985,0
44014809,0.21071841161486315,0
44020205,0.028902605935124767,0
44283460,0.017933633619402672,0
44288421,0.0950455010219772,0
44289364,0.008282870584130618,0
44303641,0.10118280017608478,0
44320456,0.0248227616731832,0
44320572,0.03038756041392396,0
44321778,0.2327619813746751,0
44324396,0.03780213891503756,0
44340470,0.012318423422017843,0
44033325,0.14908590980142994,0
44033794,0.20642345480354457,0
44352853,0.2546380533549614,0
44353711,0.013679949486720055,0
44377502,0.011193724444624721,0
44378348,0.009380084882938917,0
44035515,0.2024045932733982,0
44035724,0.3172930967299237,0
44040169,0.19734466290476893,0
44040868,0.1009027294942892,0
44384403,0.021503105445680265,0
44393462,0.8014268244966086,1
44394849,0.4521721684266523,0
44397304,0.009724078067489103,0
44402774,0.05437678590382828,0
44415969,0.031780877724051845,0
44416142,0.01118997090442632,0
44049457,0.03722726681513792,0
44072324,0.2873735876145534,0
44432121,0.2897607923143771,0
44432970,0.003636505805114119,0
44452548,0.24957702127126563,0
44101621,0.008224141185570721,0
44162099,0.47166731360224023,0
44461963,0.003891968030884145,0
44463882,0.8156888152688311,1
44463986,0.8407988108909821,1
44466661,0.028946799136721782,0
44475635,0.15307191779660184,0
44166880,0.5844608645637944,0
44182770,0.11563887504895151,0
44183108,0.8152216908977776,1
44521574,0.09875213053796884,0
44521731,0.11124646017928974,0
44522852,0.1746652227283913,0
44531911,0.134336602026676,0
44532028,0.822022650660541,1
44475971,0.1572526216969874,0
44477235,0.14353489301989708,0
44478978,0.1273377859525135,0
44486696,0.028762149326829214,0
44496053,0.006102345098678938,0
44503706,0.3340197738086349,0
44540011,0.2804056704060032,0
44558113,0.14378898105012744,0
44560298,0.41295267256619006,0
44562723,0.22706009626038398,0
44575875,0.12406979319594762,0
44505052,0.20093089618426083,0
44505444,0.05029152754969185,0
44506417,0.0058632133407572375,0
45091598,0.8249201793017956,1
45091742,0.006687404869350604,0
44580169,0.44788258800702946,0
44594337,0.010292272480575716,0
44631028,0.06996066642346821,0
44631766,0.1828961419978747,0
44631955,0.028315620310193218,0
45103929,0.015105318181749386,0
45104165,0.08434535656581967,0
45114711,0.29507789422050035,0
45132366,0.23323537765679841,0
45138225,0.23624772732229105,0
44635187,0.772147631770824,1
44642468,0.018019051641830004,0
44648831,0.8334912013562319,1
45138618,0.1488213760194794,0
45138735,0.31272129590019776,0
45139002,0.006970572991739953,0
45143239,0.007887379666219925,0
45162346,0.10296476678069796,0
45164113,0.2586168774111482,0
44659585,0.06584626042039275,0
44699042,0.04491094688323887,0
44699326,0.07150827174345638,0
44722548,0.009109284473293967,0
44748353,0.028222612835733518,0
44749327,0.04029236188324393,0
45176673,0.40306714510271313,0
45189535,0.028332675529620828,0
45192635,0.14928110663072747,0
45205118,0.105219468904354,0
45214975,0.38789609834278355,0
45216874,0.07182879097994996,0
44749512,0.036696207400855434,0
44769471,0.4810057682212573,0
44798876,0.18663141846275907,0
44799074,0.051351963501759315,0
44802224,0.1715538443389359,0
44804027,0.14079035787109984,0
44853757,0.10355251912760118,0
44866024,0.843487562734952,1
45219192,0.40246194300407834,0
45223333,0.4521252833093503,0
44892431,0.18589594766715578,0
44893832,0.09188872107485575,0
44902498,0.2511747355148847,0
44917765,0.14156421595712915,0
44938771,0.005798305124527148,0
44975642,0.6188621029247551,0
45253125,0.008047263145857358,0
45254502,0.008214160812858005,0
45261830,0.008797312005168374,0
45267660,0.4458501449861002,0
45267941,0.7862911516405887,1
45000294,0.11900535927292213,0
45000320,0.006200631847780803,0
45001256,0.05712005364648837,0
45003588,0.14732922642195057,0
45270796,0.2864306294606322,0
45275194,0.17479713238134365,0
45277434,0.3387152925736986,0
45277537,0.2422258807536364,0
45282181,0.5114518979696445,0
45286452,0.7234074847667608,0
45013494,0.0548501270833283,0
45045785,0.0773196430175976,0
45064893,0.7990006802277773,1
45287391,0.5372313460056679,0
45287978,0.101455708381797,0
45303002,0.030095912863511546,0
45330395,0.2844882385051506,0
45075405,0.016251491452540106,0
45086065,0.2160462285601426,0
45087490,0.5165306944712819,0
45341673,0.7504072949207515,1
45344367,0.7522026575404906,1
45345628,0.7517819762925121,1
45362333,0.32136470171840736,0
45366428,0.623113907959116,0
45368990,0.03744650860451206,0
45089241,0.022414024614715554,0
45548124,0.31721061146397844,0
45557629,0.40767438088641333,0
45558214,0.004140417083625266,0
45561535,0.37411977201063157,0
45565875,0.0665695877529657,0
45578810,0.042099133183197864,0
45379183,0.00380727434412608,0
45380846,0.34600315580861796,0
45396954,0.5775521006163682,0
45398227,0.5208019231163039,0
45398984,0.2311932269105413,0
45399393,0.18845371346565234,0
45578986,0.3240116561900396,0
45579937,0.5311034667892397,0
45580965,0.33089314197717046,0
45581221,0.8064697772615365,1
45581242,0.8063562085888153,1
45581273,0.7913027373549987,1
45581282,0.7257990290081106,0
45581307,0.8065222938065946,1
45581317,0.5480571310627832,0
45581435,0.8005081353542784,1
45407980,0.010542127639700355,0
45408614,0.008171186225559844,0
45409765,0.7533376886246865,1
45418350,0.3271134255885907,0
45418869,0.3819968275631847,0
45420463,0.7507366600071821,1
45425730,0.06487898591562836,0
45427869,0.5507617311876224,0
45581463,0.568376338423754,0
45581475,0.5347858280055987,0
45581484,0.7647029396189524,1
45591853,0.044752438652435646,0
45595551,0.09778317767305426,0
45440460,0.04604698806879254,0
45448589,0.08030559034668518,0
45449257,0.5143528850529128,0
45449288,0.8064520923330474,1
45449294,0.8064224142385439,1
45449320,0.8064224142385439,1
45595732,0.06729210625289617,0
45595850,0.36202733982555446,0
45595993,0.03090415106910841,0
45449352,0.5486310938202007,0
45449393,0.8064520923330474,1
45449415,0.5201781985567855,0
45457047,0.415156648797087,0
45460506,0.8301115346720614,1
45463342,0.21937832476253455,0
45609412,0.10455568972217302,0
45616727,0.017546676585705794,0
45617162,0.7696308641902825,1
45617679,0.7715203347592859,1
45623054,0.003818238205179091,0
45466241,0.7086094191201164,0
45469752,0.3024763529245718,0
45472312,0.34294546959216277,0
45479645,0.3123504091379458,0
45480128,0.2070442994573272,0
45633308,0.39413113032927755,0
45634265,0.0047650059405630754,0
45642113,0.3590077369564341,0
45652910,0.40091245565441014,0
45659035,0.05521664506556582,0
45480607,0.005994727331952316,0
45481225,0.8057606625557245,1
45481240,0.8061698352428148,1
45482929,0.47323891079337443,0
45483048,0.2819761131161472,0
45491520,0.7707974709471528,1
45492242,0.5422084085903507,0
45661953,0.37646941368693165,0
45671894,0.06844848598188363,0
45673594,0.7233148085125779,0
45492378,0.805639962458495,1
45492428,0.7738444155542282,1
45493732,0.29330804358363854,0
45503836,0.01882148380919347,0
45673803,0.005326470461079864,0
45674595,0.38277257109125035,0
45685520,0.3331697277852778,0
45687094,0.22111231083717361,0
45688536,0.030271103982818653,0
45688889,0.021596321240047203,0
45689161,0.397026979299539,0
45505206,0.032317687776988874,0
45527090,0.002570620818750406,0
45527936,0.004232534672335642,0
45530370,0.11459582004656395,0
45530652,0.591622957579348,0
45530783,0.46834052565767037,0
45689193,0.7974235557806572,1
45689199,0.4949097417620969,0
45689225,0.7943575577210807,1
45530791,0.5457676427244424,0
45530812,0.5490879044376628,0
45530821,0.8174902285342088,1
45530831,0.8180324197909487,1
45530856,0.5206277304845588,0
45689270,0.47712998877123125,0
45691383,0.04058755164840597,0
45694688,0.06536430946291406,0
45697372,0.03703539690252192,0
45530974,0.7746570253352965,1
45530985,0.47241130684664684,0
45530999,0.8064104710606929,1
45531011,0.8064224142385439,1
45531054,0.5448218226861494,0
45531058,0.8064224142385439,1
45697674,0.06820107400082928,0
45697850,0.034071248407637575,0
45698750,0.8345203052640442,1
45699931,0.852872917144484,1
45701998,0.02217402643461573,0
45705785,0.8404966902524649,1
45531530,0.008454338944714163,0
45532748,0.013328233970089618,0
45547297,0.44277373576866164,0
45727008,0.16800090041816185,0
45732456,0.707380505204599,0
45733243,0.015269726974667207,0
45721454,0.10167638906782553,0
45723636,0.005575151544226395,0
45952953,0.8015630887618256,1
45738048,0.028977757110092747,0
45738105,0.009141915491994593,0
45742729,0.17069720398250302,0
45743503,0.800071582649224,1
45747355,0.03400337140625547,0
45957861,0.08541336027518633,0
45748772,0.09157028869899764,0
45750107,0.2441184762898284,0
45750319,0.13252046297089085,0
45752036,0.03896254686680804,0
45752068,0.27376269882003257,0
45752267,0.0404763628359048,0
45754690,0.03429886450187223,0
45969792,0.11952607384867621,0
45972391,0.2532136164087865,0
45976871,0.043123338735985145,0
45767789,0.8063864598139715,1
45767800,0.7741604682566795,1
45767809,0.8064402517508803,1
45767904,0.541705444514805,0
45768037,0.8064520923330474,1
45985395,0.012721332515884363,0
45988097,0.006623810880804683,0
45990473,0.1791679944737599,0
45993212,0.23082950525834559,0
45995828,0.39947006487634756,0
46006123,0.8112666538436704,1
45768094,0.8064697772615365,1
45783672,0.046226154321597844,0
45791418,0.4352471155008792,0
45797302,0.1742877339123509,0
45809231,0.0037982696611122318,0
46025711,0.03753375653380134,0
45813469,0.03290627599649056,0
45815060,0.011117711696555363,0
45829645,0.2195667982234178,0
45830845,0.05265724533393062,0
45834849,0.018973294601086876,0
45844343,0.7285052338575095,0
46050040,0.09708710765032567,0
46054095,0.036161665721359953,0
46067261,0.03601648185454988,0
46070335,0.525281966934787,0
46077274,0.11449636617904098,0
46088307,0.012800568893415383,0
45846335,0.4663185549696921,0
45847112,0.33151457996910083,0
45850493,0.13121370632456736,0
45851431,0.722894310778078,0
45860553,0.008818507509424003,0
45866168,0.015917471705834962,0
46098057,0.7645767342023501,1
46100513,0.13064444829998145,0
46102949,0.0672750806978618,0
46108976,0.4313425589110513,0
45881321,0.007669598346053863,0
45884646,0.8229897761803313,1
45894474,0.4553879466057482,0
46113778,0.8139135057516583,1
46113799,0.5847685449574624,0
46113818,0.5488114957990373,0
46113841,0.7506273329906851,1
46115358,0.793326751241587,1
46119792,0.8015630887618256,1
45896593,0.017741236280178676,0
45897458,0.016265567322490973,0
45903786,0.019231592408781008,0
45908302,0.43596507501473086,0
45909943,0.009507694762299599,0
46120337,0.3231509487705991,0
46127578,0.019648525412789677,0
46137867,0.20365126971611752,0
46143578,0.24336846942350324,0
46150727,0.5347748093466298,0
46154815,0.010145520059216831,0
45914075,0.2489357784117353,0
45919566,0.1564244869021412,0
45926800,0.016986101303623616,0
45927831,0.00877516596495181,0
45930596,0.1147618989006017,0
46159103,0.028166710958058196,0
46160422,0.07601922935657113,0
45942213,0.17752235183511217,0
45943671,0.19451447435172128,0
45951602,0.4022354663278109,0
46193296,0.5072920752523117,0
46193401,0.7496867171364358,1
46193536,0.7496867171364358,1
46193644,0.7496867171364358,1
46193714,0.4428847511689712,0
46194587,0.016633055207743597,0
46161668,0.02525792904984869,0
46169958,0.015844320823831626,0
46186886,0.5538920913052887,0
46192932,0.5441564259199863,0
46195194,0.13623162949659529,0
46195333,0.5059193432511282,0
46195400,0.4697386988665788,0
46195668,0.5427662130026085,0
46195854,0.46076047849781093,0
46202555,0.047567690654463084,0
46206019,0.025240775026727235,0
46210157,0.7701498242458429,1
46193134,0.392416341349782,0
46193211,0.25412924532982617,0
46382691,0.4300182086948822,0
46393855,0.10292766792785935,0
46397667,0.3358826040269187,0
46401930,0.5834791394311719,0
46402076,0.47713112083215004,0
46211796,0.8124053208842581,1
46212641,0.04060223370510288,0
46212643,0.027849094166713485,0
46214998,0.44468786971594065,0
46236500,0.013554454455641516,0
46241504,0.48800520513015666,0
46414174,0.02511337882703713,0
46414339,0.0053530443330717355,0
46415505,0.008230125768393057,0
46417510,0.8280287011311896,1
46419316,0.021649683963999026,0
46246632,0.15568415277023925,0
46262041,0.36086432263081664,0
46270554,0.3844754168120432,0
46275383,0.016797450518745663,0
46430844,0.806825579275384,1
46432272,0.4028063457680387,0
46432776,0.8429389644541169,1
46279818,0.0023496624821917533,0
46279853,0.42236146006782216,0
46280898,0.003448550131980086,0
46281712,0.5157798247879914,0
46435388,0.010523632631310209,0
46436269,0.00363639505572753,0
46436583,0.02716298533624464,0
46438870,0.0443413340176058,0
46444812,0.15733545821545092,0
46449888,0.15739241964156947,0
46308461,0.800086259581391,1
46319642,0.10650156676197944,0
46326697,0.8271251000118206,1
46326722,0.7778229638134011,1
46326889,0.8064697772615365,1
46450521,0.024235185267530587,0
46468503,0.004844629841162361,0
46470574,0.00541252588391882,0
46326912,0.8064224142385439,1
46326981,0.8277841127024598,1
46330099,0.21625601743809447,0
46330338,0.2916721117435061,0
46474689,0.4317595702229721,0
46480002,0.6069974101068949,0
46480127,0.7497358335074525,1
46480144,0.5849175290155632,0
46480260,0.7580156521742041,1
46332804,0.16274946848797628,0
46334141,0.29273815957284316,0
46335178,0.3665487771545899,0
46336893,0.8171260501711705,1
46336910,0.3112572628009076,0
46350355,0.021532837115076177,0
46352910,0.23346118389418247,0
46498576,0.5767550424134577,0
46503124,0.8063562085888153,1
46503139,0.7734452250038146,1
46510119,0.04749006550625576,0
46510270,0.006281178778980345,0
46354165,0.3173866454515538,0
46354423,0.033171667761013345,0
46354444,0.0051296658967363035,0
46356028,0.11116666250266709,0
46375709,0.025557583866160978,0
46514783,0.7421655404515578,0
46527677,0.035677725039923995,0
46563507,0.7135898418156242,0
46565079,0.054958833767989136,0
46535498,0.04168948534312056,0
46540733,0.7516429300456764,1
46542631,0.815131613387332,1
46542654,0.7526199988240337,1
46542773,0.5604741715875955,0
46566048,0.004354562791948194,0
46571791,0.18548973507816416,0
46601386,0.0029099808168765342,0
46608176,0.08927576879969212,0
46544231,0.5726019144854774,0
46546450,0.0294244195497859,0
46546926,0.020516665261042413,0
46638688,0.11796766672298693,0
46640630,0.005380996615479395,0
46640912,0.19045404402662158,0
46548617,0.11741093698750639,0
46645146,0.05368972369240072,0
46646140,0.203723423345513,0
46667674,0.753089953726737,1
46667694,0.753686670739043,1
46667739,0.5520017562823011,0
46669233,0.05624428074071948,0
46797479,0.16388439517618647,0
46797938,0.2535770338601864,0
46798669,0.28747133952366,0
46677269,0.3265502025289043,0
46689847,0.038154677070455924,0
46695446,0.35999580835380846,0
46705156,0.008054481149607851,0
46706175,0.25377621435552655,0
46848948,0.3929143327794587,0
46851568,0.25456865460045786,0
46852193,0.8627797681927262,1
46854989,0.03829686820506598,0
46868917,0.7649184312789735,1
46706771,0.051651707452659,0
46712287,0.019861638770563194,0
46713266,0.5188217447121524,0
46715472,0.0862310670715074,0
46720587,0.5542234539800726,0
46725288,0.1480982490669136,0
46725493,0.19961032817495317,0
46869849,0.7645767342023501,1
46873173,0.5508856340065301,0
46887738,0.5567030592095986,0
46727329,0.011227835931576226,0
46729395,0.20690329838980157,0
46729545,0.010434360037623209,0
46729678,0.014479913747249403,0
46729892,0.016316272991700336,0
46729966,0.013348342105836507,0
46892479,0.4451181038330455,0
46892658,0.8019053202994725,1
46894179,0.028589634198946747,0
46895055,0.04381475001443016,0
46895868,0.02604900053330681,0
46896384,0.2683558199429431,0
46899354,0.7637262496850018,1
46732594,0.8249201793017956,1
46746791,0.1683309391298295,0
46751044,0.030558826444691208,0
46753919,0.49799356928872013,0
46757310,0.7998890789868476,1
46768272,0.25529067179409604,0
46899528,0.48114176334529707,0
46900455,0.459618094136478,0
46901954,0.5961102935838094,0
46902179,0.25782893051480865,0
46913873,0.007128012497801346,0
46917182,0.015337737056904142,0
46923243,0.004553253320123943,0
46787942,0.5427662130026085,0
46788013,0.749954844602559,1
46788207,0.4923802562908933,0
46788335,0.749954844602559,1
46788551,0.4944543693537358,0
46788667,0.46076047849781093,0
46788718,0.749954844602559,1
46926058,0.21834874645254676,0
46929299,0.5036407329155665,0
46943882,0.014545634486273424,0
46944839,0.16877674084098604,0
46788841,0.749954844602559,1
46788955,0.749954844602559,1
46791082,0.005207917847951212,0
47048969,0.006821690712269931,0
47050312,0.005855056457872626,0
47050614,0.005929610866456903,0
46971592,0.7235828098628857,0
46972585,0.01278904375743175,0
47052682,0.5486310938202007,0
47052701,0.11166781231732499,0
47052722,0.8064932168386127,1
47052791,0.8061698352428148,1
47052885,0.6375462545097963,0
47052953,0.5826344840351191,0
46991303,0.012494199324501427,0
46992098,0.023504296646682087,0
46992656,0.05597628115365426,0
46999617,0.2495947234634894,0
47052971,0.8053573887104296,1
47070240,0.764662901432835,1
47076840,0.26289183813514083,0
47077578,0.24654693733248093,0
47078080,0.46978052547043864,0
47080388,0.05998278701734088,0
47000799,0.07935839384143965,0
47001322,0.011718648005984912,0
47009616,0.04218170366277246,0
47012155,0.09033568946188415,0
47023758,0.7732034722276142,1
47096346,0.27703232212603784,0
47097490,0.16954915447826047,0
47098575,0.37342908261655916,0
47100985,0.004297549741869866,0
47101612,0.8154709976620593,1
47101625,0.81657657386024,1
47101654,0.5298316434474913,0
47106347,0.04918787717693851,0
47120135,0.006048527672012171,0
47031259,0.03477199618954144,0
47042470,0.751456230702063,1
47042517,0.7511733391410089,1
47045396,0.12372320321198091,0
47047419,0.020749882198731064,0
47141317,0.24745722224170666,0
47142595,0.01821896455535387,0
47152307,0.06600465464512194,0
47156361,0.8068262919776492,1
47159537,0.1706489958932451,0
47162719,0.003206950388560118,0
47293809,0.004630326581315429,0
47295535,0.02357904372416247,0
47307584,0.6289129868747102,0
47169578,0.7526199988240337,1
47169602,0.8142856265117148,1
47175997,0.007327822200385454,0
47177315,0.2327712286770302,0
47179119,0.012042972640705142,0
47181087,0.008293710045231507,0
47181377,0.0062174845273279536,0
47313887,0.5121526147739371,0
47316061,0.012177671613186208,0
47316320,0.45305167777567196,0
47316506,0.007152260759541808,0
47181832,0.00817555066647762,0
47183756,0.004950302792077292,0
47331153,0.014886276639583381,0
47333781,0.007080971828270709,0
47337463,0.007351366339368011,0
47341297,0.2917598703190018,0
47341575,0.03444862826392832,0
47356141,0.4402830081341254,0
47206059,0.07601824588519848,0
47210401,0.7509349389220282,1
47210461,0.5844474795992424,0
47210471,0.7526938278554791,1
47214900,0.7521641642445449,1
47356150,0.043171080365764926,0
47359500,0.02704629113849661,0
47219783,0.07962008737022234,0
47230196,0.5533780249966126,0
47239416,0.15570278115077932,0
47250386,0.10052017679746357,0
47250831,0.09626258767107321,0
47251940,0.07150434133015603,0
47257626,0.3047030745269785,0
47258482,0.10073953641882347,0
47395232,0.00578727380299817,0
47396746,0.004929430506616191,0
47397326,0.005385137809756553,0
47402779,0.34014776696014226,0
47410952,0.20175640540684847,0
47412929,0.0032668002776137313,0
47267003,0.054118056386213226,0
47276861,0.8315779155124626,1
47277456,0.10131020863072084,0
47281460,0.4353665394018492,0
47286267,0.08577488885553582,0
47289921,0.15550106418188123,0
47290538,0.006840201068435632,0
47421830,0.838711544138611,1
47443009,0.7930714867894615,1
47444016,0.017080171464727845,0
47448046,0.3605165008886072,0
47448127,0.15167314262661277,0
47449728,0.8276122895387196,1
47451852,0.27572280723758774,0
47293776,0.014538790076018139,0
47715431,0.8120635766573392,1
47716158,0.005074305669299677,0
47720387,0.8127937842411259,1
47728714,0.8069839782032888,1
47729102,0.5301844428897169,0
47472308,0.0374049477365587,0
47473722,0.5417603762136566,0
47474703,0.005153312707336426,0
47486539,0.4811959877421291,0
47486935,0.0073040991595397665,0
47755393,0.764266150705685,1
47766113,0.4245715976830541,0
47493324,0.004354894257652753,0
47510694,0.8213380382958811,1
47518840,0.4513743711319878,0
47533931,0.29013174771707845,0
47537276,0.11297529327517447,0
47770897,0.12579919615181415,0
47773433,0.01638886627180993,0
47774203,0.01699415230799535,0
47783561,0.004384071953119603,0
47795106,0.4877241880589501,0
47551613,0.5769411265933508,0
47553112,0.02530447984685187,0
47577248,0.236019565666078,0
47582768,0.19766571521276363,0
47803501,0.013255607918787207,0
47803519,0.03863446985667083,0
47812540,0.12467255354834957,0
47703518,0.4699068566373794,0
47706983,0.06918513152095394,0
47924038,0.043736578381755556,0
47933628,0.12234638905613411,0
47938375,0.09695319606089897,0
47939524,0.00848752814963242,0
47825830,0.2723254647706035,0
47833551,0.5044699947706247,0
47846567,0.05312571230607773,0
47846577,0.02211284116606916,0
47848650,0.026146015343461563,0
47944133,0.058873650087226025,0
47954077,0.5424874868041796,0
47964241,0.3948849097568632,0
47967099,0.08586341088190515,0
47968256,0.055217710058297516,0
47968434,0.12485796455989885,0
47848693,0.03581408216096008,0
47848753,0.09344902370475978,0
47855824,0.007636649418131939,0
47858654,0.016297890206822395,0
47859618,0.17016096585904902,0
47865944,0.8216758952932837,1
47869412,0.25185103537097997,0
47869588,0.10644528676953097,0
47870168,0.08926786081328385,0
47873210,0.039995680574014716,0
47974969,0.02687904475250436,0
47977634,0.010621453459765453,0
47979632,0.4101383927152601,0
47874401,0.011374920348348435,0
47874453,0.11174212920439261,0
47881292,0.7715203347592859,1
47982995,0.007942872844605273,0
47993937,0.7947146560150747,1
47994751,0.0815274641483905,0
47996191,0.3806607435550704,0
47885578,0.5347858280055987,0
47887785,0.010777696864333617,0
47889158,0.4327414744598093,0
47892276,0.20340692406248637,0
47900810,0.003580697119134291,0
47904246,0.3439128638409046,0
47906957,0.002150961275042876,0
47996705,0.1650441470772338,0
48000739,0.8420522440242487,1
48011354,0.7081135939849292,0
48017619,0.10044046597628224,0
48024678,0.052144759656716694,0
47919864,0.5357309377683587,0
47920050,0.5324804057961108,0
47921311,0.8515767714053295,1
47921382,0.2807221469251815,0
48146527,0.05234803456259295,0
48029069,0.1361718787527949,0
48030596,0.005935201821040169,0
48042018,0.018129346301463945,0
48043063,0.1501718834383223,0
48044306,0.028209341922647416,0
48159314,0.011034686936467175,0
48160521,0.8210181973227272,1
48168657,0.04146500035044558,0
48170918,0.01824644292514961,0
48181694,0.7644775953428289,1
48182605,0.006169115948206249,0
48182954,0.19261792115612061,0
48045041,0.17113759275195883,0
48055938,0.7947146560150747,1
48062301,0.012228197526527058,0
48183274,0.09675838079049941,0
48210064,0.586261975700046,0
48214743,0.0701899487220667,0
48215693,0.009817250712151062,0
48230852,0.11964422864316836,0
48230897,0.14683207943725057,0
48083343,0.586770104143696,0
48089766,0.5236056040994442,0
48095346,0.12328666914239043,0
48231063,0.20502694919102424,0
48233657,0.29434108558850847,0
48242704,0.007397167364202311,0
48247577,0.5354171473817835,0
48100776,0.7526574092846627,1
48100962,0.7528026724782572,1
48103930,0.3359708517998538,0
48104025,0.023877195059901588,0
48104102,0.07572510852227195,0
48253767,0.0449924383271659,0
48255427,0.008289600883089419,0
48109162,0.007728523368470126,0
48110470,0.013974024871803475,0
48111149,0.027601149716822464,0
48111332,0.5330478882735403,0
48111511,0.5249485413301819,0
48111679,0.5314966342055022,0
48265859,0.7644775953428289,1
48265994,0.5676309710036739,0
48266114,0.13610475903056052,0
48270362,0.010097793840789016,0
48279821,0.20771417124834596,0
48121041,0.8144495320672116,1
48124602,0.20747405705272234,0
48128688,0.08475853187348688,0
48130923,0.01518515469387225,0
48133291,0.10971922269902755,0
48133569,0.7708869642803126,1
48282693,0.3241331041402729,0
48297854,0.003113923882697609,0
48304015,0.4010498905526956,0
48137872,0.08369287517174712,0
48142110,0.005919006706427262,0
48143746,0.7552051484226562,1
48365708,0.01761893005845799,0
48316162,0.16701515213475115,0
48316241,0.12650173453405905,0
48316258,0.026038496696069953,0
48316284,0.01844074400977336,0
48317954,0.1543875441718594,0
48318184,0.1485310499211656,0
48367018,0.004063035930518145,0
48367351,0.34746583743063325,0
48369592,0.06379304429145104,0
48382101,0.06584088450940781,0
48323889,0.02840817177009718,0
48328710,0.15985254501702909,0
48334556,0.09734671005827979,0
48344749,0.19345256609957076,0
48344963,0.036565228814376224,0
48345047,0.04648155117098634,0
48345227,0.17382970759843744,0
48383760,0.08968826053085789,0
48384761,0.5242819920090718,0
48345447,0.04124135788729452,0
48357548,0.16316273901061623,0
48587331,0.08996650201674879,0
48587332,0.26936039379119564,0
48587333,0.2341035082311468,0
48587864,0.5199343426461005,0
48601027,0.5366373749706961,0
48395654,0.013281444676651056,0
48399663,0.4972453103512643,0
48402078,0.004733826549012867,0
48601052,0.46295754750985185,0
48601706,0.47549658262731376,0
48601811,0.8029305828235427,1
48602260,0.5199343426461005,0
48602318,0.5199343426461005,0
48602370,0.8029305828235427,1
48605346,0.24640963752881215,0
48404504,0.8473401801289783,1
48413404,0.48283209703660135,0
48414050,0.5354171473817835,0
48416088,0.5263416470660902,0
48422033,0.015396608294136907,0
48611645,0.8067029673065826,1
48612262,0.005370034049187298,0
48423570,0.27784815418130665,0
48427492,0.037282735792037364,0
48430489,0.024397865242367357,0
48440192,0.8128431946749486,1
48444133,0.8269203049531328,1
48627687,0.4547136540742725,0
48639298,0.0419123931087465,0
48654449,0.00384236215031166,0
48658249,0.01918731370204399,0
48445362,0.06777749421998917,0
48449621,0.722411208538448,0
48451638,0.4850414258605783,0
48452927,0.06992072039082452,0
48456241,0.008609146781505136,0
48463531,0.3863324793941759,0
48658534,0.009575700068634323,0
48659103,0.011776229822929312,0
48661185,0.42200866799279674,0
48672660,0.8082601023626524,1
48674402,0.03684351559613801,0
48676981,0.012031909990052237,0
48463899,0.6397457445127207,0
48470766,0.019092036728199403,0
48482250,0.2740745926023748,0
48489975,0.3907554226485856,0
48503146,0.03453047648570273,0
48527525,0.06576141385547174,0
48679571,0.01542001786297533,0
48682927,0.003553255306827153,0
48699809,0.010435130991484637,0
48720514,0.16564254248967256,0
48721300,0.004129730256034038,0
48528952,0.32911627685756234,0
48532087,0.07398792787170144,0
48559980,0.34198574583876135,0
48566707,0.014554698236016473,0
48731947,0.1871478590492937,0
48735024,0.758563568570845,1
48735040,0.7529468487265426,1
48735062,0.7510782719894203,1
48740096,0.014367949623291533,0
48741152,0.017468887029357477,0
48752329,0.18248728327849564,0
48758785,0.006154980673075798,0
48585070,0.01761706331891495,0
48586222,0.006862967944480247,0
48587319,0.5848095259277096,0
48587320,0.0604864182063688,0
48764668,0.3237244031206444,0
48767472,0.012052540974073645,0
48767648,0.2794754430607429,0
48768760,0.02132170868262516,0
48773575,0.45425786785930955,0
48782140,0.06653002354582045,0
48786590,0.2415460313767573,0
48787510,0.027114804305695968,0
48587324,0.04104884980842748,0
48587330,0.26399421223424835,0
48809258,0.7662653232773854,1
48809400,0.763835550757294,1
48811129,0.08414719076679861,0
48812738,0.8372378585673173,1
48789001,0.010706787715418182,0
48802079,0.8335588362949578,1
48804279,0.35784410953852996,0
48805587,0.5533945187664192,0
48807455,0.8064224142385439,1
48824474,0.02243712952279265,0
48825622,0.11113595019673665,0
48845751,0.26413037313761417,0
48846698,0.07069087452619409,0
48848322,0.13522204886182596,0
48848698,0.13092795071180585,0
48848891,0.17847970863209292,0
48849201,0.23195784013307658,0
48860567,0.0023916994761192813,0
48871083,0.48612765621343124,0
48871242,0.5347748093466298,0
48808190,0.5347595754323893,0
49051881,0.006572935449684643,0
49054182,0.01226656472524266,0
49057606,0.32103874140446637,0
49057864,0.39423929909913635,0
49059730,0.33361597732637793,0
48886891,0.009046097811162536,0
48891803,0.014074704537902608,0
49060074,0.013547773474988927,0
49072113,0.007637745656545143,0
49077488,0.4252827838213117,0
49081276,0.45939161267102235,0
49088129,0.08380826807499002,0
49089376,0.7840047001427431,1
48920995,0.00978405499638376,0
48922519,0.14878574266291714,0
48933117,0.22489529863201288,0
48940172,0.009198400242154514,0
49089414,0.7835998480366048,1
49089488,0.5873415144310021,0
49089500,0.6057082343844563,0
49089513,0.3801007286423483,0
49089574,0.5666273709026828,0
49089583,0.31229341099388713,0
49089593,0.40288578355266536,0
49089605,0.19142791212407997,0
49089633,0.5813702680025322,0
48940857,0.2904587147881935,0
48942624,0.079444146503075,0
48943038,0.09499763846129906,0
48943933,0.10057300834149553,0
48944147,0.19237497415312388,0
48950531,0.8063805445922575,1
49089734,0.4889207960252358,0
49089753,0.49806899228256074,0
49089760,0.5818922560805533,0
49089771,0.4286638059379836,0
49092035,0.262458595666121,0
49092077,0.14472861380703736,0
49092089,0.4270333452298651,0
48956711,0.011626877605433869,0
48959254,0.06494516505583274,0
48959628,0.012158370312197027,0
48972837,0.2443151638671329,0
48981222,0.07600983765026141,0
48982479,0.7645767342023501,1
48982956,0.28895084831715145,0
49092101,0.2595024923364667,0
49092125,0.4289580104689813,0
49099507,0.4367551671269052,0
49111268,0.1367387844696953,0
49113515,0.050318581338849436,0
49114251,0.04772755223506611,0
48983218,0.12121631253972426,0
48983715,0.12121631253972426,0
48984579,0.18605205558202678,0
48985558,0.2916787692970389,0
48989849,0.21844139597289525,0
48989915,0.13110326447235826,0
48990185,0.7933571570296015,1
48994025,0.8475052973381162,1
49115431,0.025235215344362683,0
49119149,0.1435429017520686,0
49125584,0.764662901432835,1
49125621,0.12089582589514232,0
48996609,0.012457259772448558,0
48996689,0.03029661548241079,0
48998267,0.20237402209045768,0
48998414,0.20557028108649755,0
48998616,0.008489518633782951,0
49126896,0.018427638365507898,0
49132815,0.2969191856991104,0
49011831,0.15929690025192056,0
49013421,0.05546431123047004,0
49014354,0.5363532383843942,0
49016783,0.22482113147034744,0
49018761,0.3185433791836657,0
49018880,0.468452951036342,0
49019237,0.06926436732993874,0
49022805,0.022634160469601563,0
49024100,0.007379466577669208,0
49024648,0.24621245820288973,0
49026948,0.033987854679344155,0
49134582,0.13634429738692244,0
49136477,0.004610067867357766,0
49136686,0.8060373174348745,1
49138581,0.05019157730124599,0
49142923,0.010082365680200569,0
49145365,0.0956379276919069,0
49152970,0.37910501235281574,0
49157025,0.023439831374081614,0
49157424,0.008226771370159237,0
49158456,0.05842278022010347,0
49039026,0.011490347518769185,0
49042509,0.03297040453015952,0
49046672,0.09414919309905286,0
49193889,0.12239529065633148,0
49208181,0.5354171473817835,0
49159620,0.7645767342023501,1
49159986,0.8096107867421733,1
49177425,0.8111119807069758,1
49177819,0.007852202347292557,0
49179008,0.0557683036838187,0
49208965,0.011459017521599833,0
49209163,0.010174793440700429,0
49211825,0.01679983687637347,0
49243212,0.03314358155005752,0
49244215,0.036260089550664815,0
49245482,0.03696434424262787,0
49247483,0.008209704428317638,0
49247694,0.0337124326584951,0
49249517,0.058996896603743076,0
49256890,0.01551346791579056,0
49179068,0.4480165553070754,0
49190919,0.00808133501473736,0
49447624,0.4165624915048824,0
49447923,0.07953801787419247,0
49448081,0.011867394335647199,0
49448292,0.5657756322609817,0
49451418,0.8421753474474685,1
49462266,0.2486980614980878,0
49258364,0.06623501071681419,0
49258856,0.4319829808967677,0
49259071,0.047751139810275484,0
49260138,0.31458701422814495,0
49270284,0.07721857662672794,0
49273047,0.033307212466526334,0
49470050,0.8413294430947731,1
49470218,0.8389817044840406,1
49470374,0.8389558504252833,1
49475002,0.5927243963809642,0
49483226,0.007088503803195658,0
49487853,0.03972476326134714,0
49491879,0.5515686955347476,0
49274169,0.11446519362756062,0
49286428,0.023891946679505414,0
49287294,0.36697555173995994,0
49288693,0.033024571382786465,0
49290383,0.30178749393962917,0
49294132,0.21879177307127862,0
49505001,0.5347748093466298,0
49512718,0.3184906077683439,0
49524149,0.04748110891827436,0
49528207,0.004156872467458727,0
49533981,0.014247399099974025,0
49534641,0.17956293554270347,0
49294534,0.2194542754909414,0
49299232,0.054000625376749226,0
49315958,0.7783394819714818,1
49319626,0.023255976449702637,0
49535251,0.2904137428498828,0
49538059,0.8137012453179991,1
49551756,0.005651131953828458,0
49563531,0.8063440333655351,1
49325044,0.02173527408415145,0
49328408,0.6492896087023861,0
49336931,0.05182858393187616,0
49341125,0.28031866529721916,0
49341497,0.5260612294896104,0
49346114,0.1043902106814677,0
49346405,0.19232136416472254,0
49584983,0.31290393562638147,0
49590996,0.10131122579339547,0
49591825,0.011161094454052254,0
49593677,0.21967014511038174,0
49596032,0.241046760173728,0
49351323,0.500984985806138,0
49364284,0.255601950869713,0
49378714,0.43488209420930696,0
49380403,0.5124253410635612,0
49384376,0.7982059709503604,1
49607441,0.004002236883275872,0
49612318,0.315861506311381,0
49613696,0.014586543806709953,0
49387570,0.003950288355790373,0
49388478,0.004522347710959998,0
49391341,0.3088663754395753,0
49402615,0.007031734613602177,0
49405833,0.5357309377683587,0
49409612,0.18677379507014666,0
49419882,0.28018155040090215,0
49617481,0.8555266557650103,1
49617920,0.4361692625758899,0
49627000,0.23196786766074065,0
49627248,0.21840381145940385,0
49629345,0.14850946319381225,0
49636298,0.499737910623854,0
49638183,0.03903832597035292,0
49639535,0.06151565986262086,0
49420553,0.008813346921998632,0
49421625,0.009376750255157001,0
49422746,0.5788720551616213,0
49425803,0.11698417784049613,0
49645125,0.7517357199928286,1
49646649,0.07933453000251453,0
49649623,0.027584943948393472,0
49651889,0.016220082332421993,0
49658095,0.8011353948433942,1
49669315,0.026904489421762174,0
49426040,0.002375905779253426,0
49436100,0.4181666569332598,0
49441284,0.7704608034746565,1
49702148,0.11060869242813555,0
49702711,0.18286654162770868,0
49708212,0.508576718375705,0
49690753,0.007872409373857988,0
49690878,0.07941424035245798,0
49692590,0.005652736353668246,0
49693252,0.23266526898349676,0
49698767,0.8153286103970714,1
49701947,0.051187613858703525,0
49946463,0.0033387837240040964,0
49949089,0.008767557188708596,0
49713396,0.005218788684053974,0
49713996,0.08863769923816554,0
49716213,0.06442200238236429,0
49730558,0.5326745225560988,0
49949577,0.016407359645576162,0
49951454,0.005380087599808084,0
49951702,0.1925245178443106,0
49957162,0.13971551355937536,0
49958366,0.83184639048409,1
49963985,0.21546769036496408,0
49980221,0.032305599166833225,0
49980476,0.15678475229583197,0
49733510,0.004773395829736864,0
49733992,0.4066975081215956,0
49734537,0.13896784108496316,0
49735358,0.36399119633718585,0
49735553,0.022117864188223122,0
49738307,0.005987533757734157,0
49752230,0.014033996409925139,0
49981212,0.28690788233040226,0
49986878,0.049666722047415214,0
49987009,0.01377794865933219,0
49987096,0.40131763360171596,0
50000106,0.005481508427807669,0
50001583,0.051891699834919924,0
50005702,0.20619191585003288,0
50010284,0.8067340072729278,1
50012899,0.02426687505806025,0
49754187,0.3247566173407937,0
49756756,0.006957277984476681,0
49770362,0.0030301545616803903,0
49770554,0.014431656227957846,0
49771515,0.07899978895712335,0
50014718,0.005092734076284821,0
50017683,0.07129888931947241,0
50031800,0.39436080393756967,0
50032602,0.002299815375811035,0
50033203,0.21370671175396252,0
50034823,0.08011363005719312,0
50044566,0.560764123052927,0
50045106,0.7527301777440346,1
49775120,0.026476064646871952,0
49776485,0.2520039202678676,0
49777208,0.024972167103893547,0
49777311,0.05616902929962733,0
49779563,0.8152126858275287,1
49789530,0.8532628558893488,1
49792300,0.8169353723150867,1
49792328,0.8162131014807965,1
50048410,0.8004614316605704,1
50051141,0.08640366262147796,0
50060238,0.01646583711510563,0
50060985,0.033840376208800683,0
50067437,0.26924744504965886,0
50070650,0.30134594776791945,0
49801368,0.7734283738353512,1
49809595,0.27636587717972694,0
49811796,0.0826551424520666,0
50073324,0.2031199902102984,0
50088752,0.09445542483891244,0
49813829,0.011614954639115327,0
49814851,0.1271026262597394,0
49815039,0.06259958400207674,0
49832058,0.828903014851479,1
49835977,0.007436619752034991,0
49837820,0.022049384058504484,0
49855192,0.5931762775726732,0
49863599,0.5301104727516547,0
50106057,0.049367942184181134,0
50114549,0.019417204904173167,0
50114718,0.06603568628002875,0
50115342,0.037470215322487024,0
50116921,0.2989690905134889,0
50117518,0.04196933879201196,0
50126048,0.009581839760790866,0
50132200,0.02972147259208818,0
49871065,0.04145227319226763,0
49877263,0.7703263360254862,1
49881509,0.09657159855226552,0
49895566,0.7501296133081142,1
49899440,0.01577154281321185,0
50133133,0.07531217533648195,0
50133389,0.8198496460570435,1
50133982,0.09275504958378437,0
50133987,0.012157476927220589,0
50138941,0.006076029007505905,0
50145063,0.004639111484259547,0
50148604,0.300462448603866,0
49902236,0.07851229149513936,0
49906500,0.1565689485517025,0
49910031,0.5261099315126677,0
49910561,0.13654037635000918,0
49916027,0.12106047303997029,0
49920227,0.3966537211553896,0
49923953,0.004749265646392172,0
49926303,0.004582421584666038,0
49926780,0.018518386931713753,0
50152840,0.16163726083768154,0
50154380,0.003928816952339812,0
50154480,0.1803351124374475,0
50165885,0.8128118211103609,1
50170583,0.005875839184135414,0
50172690,0.12167621565070859,0
49927058,0.12087494201327792,0
49927153,0.407402773818042,0
49931452,0.060365952840065455,0
49938794,0.036240075381248356,0
50399497,0.012549537021177663,0
50403442,0.026764900405591912,0
50403963,0.01812220594447993,0
50177212,0.01258201176681461,0
50181296,0.06278884900635762,0
50184806,0.055335377787222265,0
50191539,0.023109043428902562,0
50197398,0.5224017573516895,0
50197603,0.4773344057294278,0
50408339,0.033357179687417894,0
50416793,0.03287461828044745,0
50416941,0.04819853844237198,0
50421355,0.8345448183519754,1
50201085,0.04595847064958514,0
50210952,0.526226371944416,0
50213868,0.047505168142058296,0
50214080,0.7238675885098225,0
50214137,0.7238675885098225,0
50214259,0.49497632496454813,0
50217850,0.035410835102891426,0
50218172,0.1302897509371721,0
50423127,0.08110536052332619,0
50427075,0.33320358071545314,0
50437750,0.7928264370586263,1
50438495,0.4740646288343799,0
50439191,0.400586679734917,0
50229406,0.7963717175303279,1
50229441,0.31749328079110484,0
50229513,0.7242439011008858,0
50229577,0.452469610852472,0
50230523,0.017064756086475508,0
50439347,0.01025091519016352,0
50442598,0.017675504365393526,0
50444487,0.08052477287137012,0
50454030,0.009314817894002105,0
50455183,0.02478529165473348,0
50464753,0.04205233243324803,0
50464835,0.024005727307221152,0
50473264,0.7506273329906851,1
50231254,0.013915316870176785,0
50231445,0.0813274518417551,0
50232312,0.021191924724028526,0
50232558,0.764662901432835,1
50240781,0.2542887324849068,0
50241151,0.6230692214730285,0
50243854,0.037872306696950145,0
50475919,0.0725767534994319,0
50480214,0.0028276894438726777,0
50490000,0.005022576591897633,0
50490073,0.1306023489448103,0
50245157,0.22974994364074372,0
50257676,0.022701571224848182,0
50260476,0.433016625265906,0
50263756,0.3000197174523094,0
50496178,0.03355058073194402,0
50496488,0.008785509216779376,0
50497636,0.4984491463760376,0
50282803,0.21814175646970294,0
50287920,0.006913392756896588,0
50288808,0.00330571200745215,0
50307683,0.4536035828416414,0
50309122,0.561459767314948,0
50500205,0.6206303630940663,0
50504251,0.008106877790519256,0
50526392,0.0038044081853935473,0
50309369,0.09902471374049826,0
50331423,0.3838081932625487,0
50335735,0.7513152151967748,1
50338291,0.06888654709108771,0
50526813,0.009950987529832188,0
50535149,0.15207757361945792,0
50535731,0.07929720199997849,0
50537560,0.4626215000506407,0
50540716,0.011716052332801864,0
50348687,0.046476595717791114,0
50350784,0.029067307246333367,0
50357364,0.30099664566453255,0
50357770,0.09318714525294614,0
50357851,0.4103346716156198,0
50359042,0.010265816243350547,0
50361433,0.011408216136250409,0
50545664,0.006392157287284837,0
50546202,0.04687767930428405,0
50547429,0.20170457790478874,0
50549001,0.3269759783753124,0
50550783,0.04262609470031717,0
50551102,0.08026875642182985,0
50367089,0.18224651064301253,0
50373097,0.1945673619790943,0
50373395,0.24008471907681703,0
50373477,0.026375813948187683,0
50378412,0.15205664281646786,0
50380856,0.017538770613259962,0
50381056,0.012282495845249002,0
50564872,0.1730124291118928,0
50574468,0.004521368040344551,0
50575615,0.06635759142239936,0
50586925,0.427303975277793,0
50588332,0.02207580399899912,0
50593578,0.06992525322674771,0
50593873,0.35143368196591457,0
50594529,0.018879153857642283,0
50382110,0.045592490927099584,0
50394733,0.006532141988714863,0
50394984,0.2801790507084196,0
50395307,0.06774478870485548,0
50398446,0.2610447450641874,0
50634191,0.007662249105881424,0
50634288,0.005362961260008882,0
50634330,0.0018117812975539064,0
50634369,0.00852570814595368,0
50634986,0.007155788143634621,0
50595063,0.24601484681844038,0
50596016,0.8427191193327831,1
50599418,0.007677429204039539,0
50619320,0.5056204605367265,0
50619651,0.005602343869604001,0
50622095,0.140652979233611,0
50623654,0.2409539147783699,0
50636537,0.04031820509267238,0
50637542,0.30365176037294783,0
50638762,0.0038140236712228886,0
50640505,0.23670903973268248,0
50643599,0.004716165948357485,0
50809342,0.07234649617761874,0
50813895,0.0060455990268477745,0
50831816,0.057348920411188754,0
50833394,0.046023007973571346,0
50844104,0.029599928510274195,0
50653691,0.7643721880828667,1
50654386,0.004363932305742098,0
50657075,0.06203062480873427,0
50669306,0.0907225321635116,0
50672817,0.029203617595199585,0
50850599,0.12102837698295288,0
50851753,0.4459172099527642,0
50853546,0.006381855332464728,0
50854532,0.46105596070271415,0
50673172,0.09651822104050123,0
50675195,0.012995669714943628,0
50684236,0.01677844372225532,0
50685274,0.7974637852880215,1
50687637,0.8020755730624619,1
50692596,0.24408599765143735,0
50695926,0.558585144459532,0
50862774,0.37086180307220745,0
50866798,0.28926883403423587,0
50870707,0.05362734154031011,0
50873346,0.43008008951577836,0
50697485,0.014417909061719188,0
50698344,0.7947146560150747,1
50698997,0.008378204627870407,0
50699494,0.012297189937168529,0
50701850,0.354948110517942,0
50702408,0.0056947365246430804,0
50702550,0.011683434380303804,0
50873910,0.003889748434057695,0
50874018,0.7761304166228493,1
50875520,0.039971264891392314,0
50877802,0.46629341980662864,0
50879115,0.006435396624259357,0
50888320,0.007742432432150095,0
50706815,0.8103813813101096,1
50706878,0.003781544624016319,0
50710947,0.7993415480724464,1
50720125,0.03299932922325575,0
50727455,0.5354171473817835,0
50729758,0.020339179968621786,0
50731544,0.00449110013729466,0
50889641,0.0472516495886601,0
50892818,0.008995726767159106,0
50893315,0.15842525086703316,0
50897694,0.016942819940907957,0
50900377,0.5122715717032644,0
50740601,0.3700435479286213,0
50743177,0.05566241742934545,0
50744441,0.12430611697433804,0
50745200,0.028677372562023393,0
50753481,0.27270316346222395,0
50755431,0.08814458401226923,0
50912283,0.30992117700492705,0
50913395,0.5404558760222343,0
50918002,0.015544320815485412,0
50918485,0.036139275290127636,0
50919846,0.08256715529717923,0
50925570,0.8148930050644294,1
50929305,0.06531127988894571,0
50755857,0.053625742459927545,0
50757240,0.011857997164086297,0
50762178,0.12676625318460186,0
50764841,0.14831117744597555,0
50768601,0.6915613927419639,0
50769055,0.537854394242741,0
50953084,0.008253826729161669,0
50775933,0.062133397685677424,0
50778696,0.401368149046985,0
50782009,0.7993415480724464,1
50786108,0.7137163384237384,0
50786691,0.804640437442941,1
50786710,0.8050008132161194,1
50788937,0.8150164924530982,1
50958541,0.10264074551651199,0
50961550,0.010031747798069987,0
50971404,0.025694851431047033,0
50975371,0.3583351924094945,0
50977430,0.019715662079842128,0
50982593,0.8113081775177944,1
50991222,0.008868333814019504,0
50992996,0.004084536638648404,0
50994682,0.40416945983477565,0
50998578,0.005063382687667913,0
50793849,0.018750716656728252,0
50795444,0.40079435853777373,0
50795818,0.006897364514169221,0
50797765,0.018054794989345615,0
51059798,0.20830479871119845,0
51061698,0.30223211158962476,0
51064101,0.00633722689730994,0
51000097,0.09235996980753924,0
51001908,0.17922790846950784,0
51001957,0.008284964482307113,0
51003836,0.8070545074066503,1
51008582,0.8123540744317815,1
51064493,0.3788216216108074,0
51068516,0.09532354565711885,0
51071045,0.5268044813900753,0
51079553,0.8181815363876319,1
51121141,0.09199962567019795,0
51013625,0.7480695892413433,1
51019131,0.012260415629748105,0
51023350,0.0035354664301425033,0
51023989,0.04398221616351269,0
51023991,0.0408346912343694,0
51024266,0.03507197545486797,0
51025107,0.005838592052918235,0
51143643,0.00592370866351939,0
51143675,0.10023210772202301,0
51149917,0.08834479167549315,0
51150521,0.05113034392961051,0
51035025,0.03673629968225681,0
51037782,0.016985343592753836,0
51040846,0.11612746524419347,0
51045369,0.21107425833999408,0
51059180,0.012519074938829575,0
51166991,0.21642903250483717,0
51174632,0.04476993927533216,0
51175460,0.2127640722826816,0
51176539,0.8095244920150437,1
51195082,0.027093984232663848,0
51306036,0.14066358288451786,0
51195659,0.36970120689416947,0
51196272,0.49516174509158556,0
51196476,0.785649489328011,1
51197475,0.010365459764572833,0
51205263,0.0050485282032692175,0
51205592,0.006921842085115212,0
51211344,0.04055401304237856,0
51311626,0.06413159544364337,0
51321125,0.7648337444014405,1
51327110,0.40829215113613004,0
51215712,0.011082511427246537,0
51226268,0.07939201819332665,0
51227641,0.485193067276516,0
51228351,0.0014121285577296282,0
51230660,0.1362043863948938,0
51346279,0.46351276245784,0
51350836,0.06329909017862416,0
51356492,0.007686905296266976,0
51357616,0.02518899696288377,0
51358202,0.810173359067692,1
51361023,0.3293933522439624,0
51363890,0.022431926380314635,0
51364003,0.01495214506061374,0
51367149,0.3958947906716015,0
51383927,0.008430197752595568,0
51232872,0.02123384172185605,0
51233737,0.31488150601244025,0
51235989,0.03925723903512778,0
51241506,0.0021737570091848665,0
51243376,0.01432864385463776,0
51246356,0.4827774476292496,0
51248654,0.07951083940349679,0
51251630,0.08673802617540881,0
51387723,0.013771765227470657,0
51389174,0.04087515565566028,0
51391054,0.05951666882122612,0
51391555,0.8375322030526142,1
51402678,0.5004377412733158,0
51257815,0.058472603492824085,0
51260918,0.3498708464326683,0
51262978,0.04992064951565128,0
51263392,0.052046665154576933,0
51265152,0.023581553841442518,0
51265207,0.46657764940055996,0
51265906,0.09983323734067644,0
51407096,0.030178253346150784,0
51411254,0.005646897231735933,0
51411625,0.027753674512186587,0
51412408,0.02280341622261983,0
51421349,0.3496046378744376,0
51429497,0.04742034785999054,0
51441187,0.16667431062144084,0
51279306,0.16045614292567476,0
51279896,0.19010714600972928,0
51281056,0.22268710476014894,0
51283129,0.046387967641114906,0
51286547,0.8291313619080596,1
51443431,0.02937619575725102,0
51445783,0.013811213817126838,0
51449212,0.7912661493798465,1
51450548,0.059653291267103975,0
51451368,0.24896911617134476,0
51561670,0.3030042974143832,0
51565221,0.008267743989518968,0
51565266,0.016092216517330477,0
51570734,0.08979886167018966,0
51452441,0.7911145258784147,1
51454723,0.08916898474810947,0
51455566,0.023874059917537514,0
51455941,0.019750773550192148,0
51582710,0.4887700666790754,0
51585959,0.008863807511974936,0
51592852,0.7501296133081142,1
51594215,0.5480571310627832,0
51594237,0.8063864598139715,1
51603968,0.04701378798036951,0
51455950,0.019623072382570925,0
51465312,0.7763152028451281,1
51466826,0.02625506420908998,0
51467306,0.15195234441087913,0
51470664,0.012556165772667945,0
51471374,0.012209021443211775,0
51471445,0.347542911452985,0
51608080,0.05291647966854601,0
51608497,0.7883143783854766,1
51610857,0.7511258541307719,1
51613018,0.7536171421478919,1
51615709,0.3814129779825494,0
51619252,0.021114081873310275,0
51619634,0.0006537129392247934,0
51619751,0.551709004726945,0
51620955,0.4676079136416762,0
51621362,0.5574843720314063,0
51482510,0.14117957307549522,0
51483825,0.8059434088355635,1
51486881,0.1089010194561872,0
51487070,0.14390766452290177,0
51493315,0.006668503478825864,0
51621590,0.7871123839522526,1
51621735,0.46557889543375286,0
51621907,0.006771802651581667,0
51622613,0.3643544817030667,0
51622736,0.46549776086238065,0
51623333,0.012873347908997607,0
51634025,0.35747488567811453,0
51636415,0.02560858196002456,0
51498194,0.8161761706351869,1
51501424,0.353104774485218,0
51503294,0.44033494702457554,0
51507287,0.20737323774378924,0
51517634,0.014270034432113474,0
51519926,0.40865781437496024,0
51637875,0.7773016216937902,1
51639195,0.007466794729032085,0
51639443,0.07898709443402768,0
51639873,0.09837888841301241,0
51640258,0.14292763796440516,0
51653479,0.20770966967478183,0
51655626,0.09486740230876009,0
51662471,0.40365737065889107,0
51519947,0.04422957593167939,0
51522141,0.01374213183109095,0
51534246,0.04503353609195667,0
51534404,0.10887951981309581,0
51539066,0.23904066553822176,0
51542838,0.07923987837242684,0
51664307,0.4177763306198354,0
51664813,0.04595143335703824,0
51667245,0.020469285229212958,0
51670402,0.08359688961485987,0
51670813,0.7782834593763602,1
51670947,0.7782834593763602,1
51680457,0.08636688071739959,0
51740739,0.7481267872072532,1
51742352,0.3823262269726313,0
51744329,0.45910342457168735,0
51745454,0.21930668624380056,0
51753768,0.00946844862137248,0
51755775,0.01994283212348342,0
51682883,0.022989166379259938,0
51684534,0.004738360147644354,0
51685104,0.8223049434518148,1
51691170,0.06304237661922914,0
51694637,0.49422077451862095,0
51699905,0.7515030463749423,1
51702923,0.26321869796162656,0
51764485,0.35999580835380846,0
51705943,0.017194368280591857,0
51713806,0.09781353799645916,0
51715178,0.034637713039621994,0
51715205,0.09322910172544926,0
51720274,0.7529468487265426,1
51721119,0.7500177088288517,1
51721133,0.7553543826928052,1
51772649,0.01691064312239602,0
51774310,0.08724642117503913,0
51777608,0.10480890408921179,0
51781289,0.0280606215055358,0
51782007,0.33707592234851963,0
51783037,0.16303826901697857,0
51724883,0.15756625074412411,0
51725222,0.8305048454834127,1
51726180,0.22837897072846652,0
51726376,0.0035701253834547015,0
51727396,0.8317333794217764,1
51734038,0.0036815747800024224,0
51793102,0.014808558433427127,0
51796945,0.006726664084421585,0
51799070,0.09701292171825773,0
51801371,0.014092732580746637,0
51804585,0.24807824923788885,0
51818793,0.13945262931003521,0
51920836,0.007966183799701593,0
51926455,0.046171984111730915,0
51927775,0.013395700170531199,0
51927795,0.8473130947068008,1
51934249,0.12322936073092267,0
51939606,0.010736673065018278,0
51940555,0.8089681529632599,1
51944693,0.01712104159610547,0
51945222,0.0012667673128534784,0
51826933,0.008402475112298751,0
51826952,0.06235499336153413,0
51827299,0.006771877219069105,0
51828187,0.035600416206350946,0
51839530,0.3701692285497314,0
51861311,0.8010929539862028,1
51862472,0.45775133934255796,0
51945257,0.05034874640292333,0
51948208,0.0077052602404581215,0
51950079,0.7495652384360505,1
51955482,0.023286728701122725,0
51956352,0.03555987263175544,0
51957818,0.14655949384375772,0
51960731,0.002963394435369163,0
51970344,0.09855121385431807,0
51868745,0.7246487283692757,0
51868789,0.4496915240417505,0
51870855,0.009565390739760557,0
51980003,0.17406314306958826,0
51980527,0.8425208970817182,1
51980770,0.23794531872846766,0
51980852,0.07697050778486669,0
51985589,0.12557109984053755,0
51986202,0.07505677127897624,0
51987241,0.20634654158154778,0
51987334,0.024090729816573144,0
51888947,0.7238661447367907,0
51889016,0.44541166178480435,0
52001672,0.009489738475797531,0
52002141,0.0521858829386567,0
52005461,0.06187811005926618,0
52009700,0.06830230155596974,0
52011240,0.08327618677976197,0
52013393,0.003759171393451624,0
52021432,0.31367729287074714,0
51889577,0.7245679572748844,0
51904989,0.7923354195601032,1
52026028,0.11030338118957321,0
52031750,0.2043088824130658,0
52041617,0.005099616137375018,0
52059533,0.004904240267938986,0
52060325,0.018576399644151226,0
52062263,0.006676577617321261,0
52062993,0.006524653602027373,0
51905886,0.04235433920009774,0
51907134,0.06380773131177454,0
51907246,0.04660849449831372,0
51907281,0.03722269729494711,0
51907377,0.19869075519145493,0
51913352,0.23007589120112132,0
52072231,0.01740171084045672,0
52075215,0.012083112809840703,0
52076178,0.08957488984372769,0
52084225,0.08115200734700932,0
52085221,0.16022850706104624,0
52089998,0.0111147609603425,0
51915213,0.2830518727520767,0
51917088,0.005215580486172061,0
51917224,0.4185394796882585,0
51918445,0.005890491864900347,0
52153731,0.1358030506139293,0
52154854,0.01127831339607872,0
52096040,0.01866719695651431,0
52101440,0.010140057571899909,0
52102524,0.22024819071235152,0
52103975,0.3905978858942473,0
52105294,0.23618304985110017,0
52105349,0.02106512122852751,0
52107496,0.06627559218858589,0
52109956,0.00928628141648976,0
52110070,0.018804441431000248,0
52110071,0.062133397685677424,0
52112035,0.14330774599839624,0
52155173,0.004054306348342693,0
52162163,0.7491706060518307,1
52163880,0.010207885860939628,0
52164877,0.01204781142890996,0
52164915,0.20924101668458805,0
52165147,0.38464754888960795,0
52112120,0.00868498322259625,0
52114771,0.016328091876854255,0
52125718,0.08665470432085826,0
52126679,0.007820230845796363,0
52127481,0.5275945480351933,0
52127911,0.004040779312711026,0
52128548,0.29495766350007024,0
52128553,0.004908036186582757,0
52128775,0.0160908057720077,0
52168422,0.0040391492346860975,0
52168496,0.013100292921556988,0
52168525,0.04676912923847369,0
52168779,0.04038469484800568,0
52169215,0.11341653590207305,0
52169355,0.023190014969136967,0
52169754,0.09735036055577435,0
52169805,0.2285155251505473,0
52169886,0.1539231017970298,0
52170063,0.3407452931861645,0
52170623,0.3019776897814335,0
52131795,0.10095690905146071,0
52132742,0.36482995155884324,0
52145241,0.011994623280748249,0
52149565,0.007011263640780524,0
52150231,0.019715602431512082,0
52325437,0.8149541421791554,1
52172527,0.06730669982814153,0
52172540,0.034788031439093904,0
52172548,0.04096228537484826,0
52184522,0.7488457627346528,1
52343745,0.014644211749342653,0
52353508,0.007567880677082463,0
52354363,0.03244985275437392,0
52354591,0.022323146483849043,0
52365494,0.18965832864419796,0
52188420,0.7777862261092163,1
52190454,0.016383557685123125,0
52209121,0.010124971872403096,0
52365660,0.19646622249431883,0
52366169,0.007222371796474777,0
52367668,0.05069680945118765,0
52368962,0.02977700845227127,0
52219116,0.005888587301755799,0
52223600,0.033785341938930784,0
52223877,0.015215407957335194,0
52226410,0.4060471344464897,0
52229417,0.7499053231222277,1
52231166,0.5836604544965626,0
52233258,0.5195267849033761,0
52235688,0.028112418384096033,0
52372037,0.8070545074066503,1
52373813,0.5537350982984129,0
52380858,0.010747247851237275,0
52381790,0.7701972917128963,1
52384047,0.5048242113881446,0
52236517,0.7158602445957247,0
52240531,0.06680095720661505,0
52241459,0.008806266372526772,0
52246989,0.06181394270639927,0
52389360,0.013472699100182025,0
52399609,0.04510451038386275,0
52404588,0.006405546321122489,0
52405277,0.015523143603150347,0
52407383,0.4476521419351846,0
52251326,0.8083998452107073,1
52253807,0.017727507728313743,0
52256768,0.8066618384955863,1
52260313,0.3258636857129833,0
52261555,0.11773109016194984,0
52267290,0.24082736843908126,0
52267684,0.013675080009249978,0
52408941,0.011780238595642223,0
52411201,0.012456598232971008,0
52417096,0.4868874910271106,0
52417197,0.0072108360297988726,0
52417450,0.17273228006878472,0
52418045,0.7139666366160871,0
52419044,0.025156378296767118,0
52421812,0.006028801802614745,0
52426248,0.01975210727622731,0
52271041,0.422818763900927,0
52280572,0.017212001924915683,0
52283472,0.016860025347563846,0
52283675,0.37545756767215044,0
52286333,0.005927572778137403,0
52286422,0.04080245083191503,0
52288075,0.0983842413249734,0
52289151,0.2558654443845463,0
52427297,0.006540703920345664,0
52427990,0.04123910473128478,0
52435248,0.5428979799062832,0
52440958,0.005479502620756562,0
52441335,0.041372389746752766,0
52443892,0.006320849255815495,0
52451077,0.43119960157912085,0
52451281,0.023619734015717927,0
52459126,0.10013950808408381,0
52304392,0.03002445281843756,0
52307085,0.042511640859871705,0
52316185,0.1855115518825427,0
52317592,0.2628028934543352,0
52324341,0.054362615509209185,0
52324415,0.009064373836209795,0
52324528,0.026196682237504983,0
52552638,0.1867059306034219,0
52466688,0.013964306764584497,0
52471756,0.19387835426916053,0
52472350,0.2999781828814937,0
52476530,0.27999704199447617,0
52481960,0.8222529058369487,1
52487784,0.014012941040732987,0
52491515,0.14444830608431142,0
52492041,0.00742634839323375,0
52492455,0.028599942756950124,0
52508207,0.2664142905267006,0
52517517,0.11949402354803883,0
52534281,0.010095594522178055,0
52534815,0.006277523160640118,0
52534882,0.3332644739867366,0
52551120,0.11585091276979803,0
52553725,0.0951115061911044,0
52554380,0.0027036051928638334,0
52551973,0.10150455471345748,0
52552429,0.26071164175195627,0
52636880,0.8006063388883625,1
52637377,0.012115900953523587,0
52637973,0.034641700576899755,0
52638214,0.0249697914380961,0
52651961,0.7983023178604274,1
52652429,0.28212406777648313,0
52555884,0.010020545769147222,0
52558166,0.838711544138611,1
52561467,0.037634616725689886,0
52562444,0.8268917214757039,1
52570981,0.003552224776458866,0
52578551,0.005999523362224723,0
52654519,0.021155755546312452,0
52656995,0.8148588321168658,1
52664308,0.006532588330948797,0
52665729,0.050882263256333916,0
52668079,0.015088662450157707,0
52671855,0.8001710797227927,1
52672732,0.02649291546014406,0
52674546,0.010960020066947171,0
52578966,0.015253604381895736,0
52582634,0.057381005519343734,0
52585129,0.012289466679359113,0
52586577,0.012887586666623157,0
52675191,0.00669726616791786,0
52688154,0.7848009121759242,1
52689535,0.077624047596364,0
52690310,0.49942053131060365,0
52692555,0.007700922590573204,0
52700537,0.19787439493809741,0
52700622,0.007497568344559059,0
52701221,0.8393134994843281,1
52702018,0.004335849815134874,0
52705563,0.34903485359293923,0
52593554,0.002886474038402231,0
52599501,0.18687465222749738,0
52600890,0.7762023322394608,1
52607337,0.016249045167553513,0
52705960,0.4716594109083203,0
52706726,0.3723204103760198,0
52714650,0.5099799620669141,0
52716416,0.006139406853599054,0
52718388,0.004970276749421782,0
52721803,0.06175076913294531,0
52721824,0.15854714649396962,0
52610408,0.8012155134273856,1
52611423,0.0067655199792276905,0
52611526,0.009848521206233717,0
52611770,0.3913277383393555,0
52612362,0.09100422843891255,0
52731316,0.05832981604856812,0
52731419,0.05703083975441832,0
52747790,0.12972757001912763,0
52749216,0.0056206634627822515,0
52749784,0.255696423315387,0
52754282,0.036676884594074796,0
52755593,0.04503453166619578,0
52618225,0.08143293742159774,0
52618390,0.006651291201809013,0
52618396,0.0027178297338689306,0
52618610,0.25159589546147904,0
52755763,0.06078016806261088,0
52756284,0.017906945601322485,0
52756850,0.11261902247388998,0
52759509,0.28526017816818144,0
52761116,0.005479496321920038,0
52769186,0.31358636091212894,0
52771412,0.1432781316507526,0
52772214,0.02699032334910639,0
52772578,0.019309327630720543,0
52833897,0.2970160163246297,0
52834116,0.2500484477909738,0
52775347,0.016706309801791355,0
52781681,0.1749193752204773,0
52782607,0.09403357773938785,0
52788498,0.038333728181293374,0
52791162,0.31489339997204,0
52836962,0.16172490137313075,0
52838667,0.1818667061490714,0
52839619,0.010545488153968299,0
52839743,0.005718467716874141,0
52842129,0.06290406313992458,0
52842845,0.34836144542142905,0
52843726,0.024660415231242155,0
52792869,0.8057606625557245,1
52793095,0.0036739125424998975,0
52795397,0.5274415357207418,0
52795626,0.0014527199733978021,0
52797203,0.07716579835171611,0
52799338,0.02027235344127274,0
52801190,0.7929515967679618,1
52804286,0.044290330352872644,0
52846635,0.11280614334467115,0
52855420,0.7639441835649704,1
52857463,0.007162262597415714,0
52807490,0.5228906273839824,0
52823884,0.083603828876699,0
52824025,0.015402295304092893,0
52861365,0.34871466132539464,0
52861792,0.06200456397861093,0
52862058,0.6331433143495041,0
52869658,0.7504624786126818,1
52871655,0.18744343503743902,0
52879829,0.11052124392858295,0
52883668,0.06454752809320886,0
52884956,0.09594534378973123,0
52826514,0.038175996228623894,0
52826943,0.1557018831162388,0
52827359,0.02480193771388096,0
52830424,0.1352802751123635,0
53043735,0.009384335963004206,0
53045130,0.012934958434342074,0
53045250,0.01900340447399016,0
52885971,0.020862658506586303,0
52886556,0.03671470091681661,0
52894094,0.7955365349560659,1
52895785,0.5385303081752917,0
52901227,0.10634603169525415,0
52905230,0.7639441835649704,1
52905602,0.7664715944731095,1
53045283,0.23323838270989503,0
53045316,0.011586341104986556,0
53045446,0.03300533580677456,0
53045512,0.014224224852629268,0
53047016,0.008892068451434766,0
53047664,0.027292908042929966,0
53050789,0.017470219789067654,0
53050810,0.0036531044134501933,0
52905951,0.0064477243192526,0
52906284,0.016376992530741256,0
52921783,0.006499914868513187,0
52922566,0.006557391382155473,0
53050999,0.005420400442954004,0
53051081,0.020959951497873594,0
53051231,0.07060636817025932,0
53054858,0.008080734143133247,0
53065241,0.023627388912122793,0
52930589,0.005290938127571993,0
52934351,0.005174842031625392,0
52934401,0.037306921201283726,0
52952799,0.0077710534504681905,0
52968102,0.8231578422102729,1
53079605,0.024693534013361048,0
53080602,0.008824207803481693,0
53081378,0.022641575319524442,0
53091427,0.007898209390456898,0
53095518,0.016210820558134918,0
52968366,0.029345449732129183,0
52968839,0.21302870100106966,0
52969085,0.044141357159729694,0
53095529,0.029747797243835736,0
53098514,0.8137789208525509,1
53109044,0.0041729474285957125,0
53110748,0.02022912943808394,0
53111559,0.014745215919526098,0
52972242,0.030010010994708774,0
52977888,0.21228026362715718,0
52993669,0.009191350189207432,0
52995360,0.3303016388588575,0
52998670,0.5796408722524773,0
53005830,0.056604694974943665,0
53113382,0.37829795776422503,0
53114007,0.007926505305222141,0
53117856,0.18991180859384496,0
53118209,0.009844793617767073,0
53120519,0.014521042798195284,0
53122420,0.05023126026602259,0
53123360,0.05408435003785202,0
53010222,0.7724551450979115,1
53021262,0.014266377582639687,0
53022508,0.2822843362827229,0
53022671,0.005663421505454348,0
53025816,0.0970174796457624,0
53026239,0.017073225117033873,0
53027258,0.06914478129838907,0
53123361,0.1029610458070731,0
53126131,0.2845149908653232,0
53126188,0.8311389464590964,1
53128684,0.02743888964220398,0
53132475,0.0011338192899228853,0
53132818,0.1563782409219285,0
53135888,0.004525370197410304,0
53030482,0.13586361326186794,0
53031902,0.026674010421364792,0
53032375,0.0262571324732269,0
53032739,0.02314339885090368,0
53192744,0.07581806026202144,0
53145833,0.06302855776014148,0
53150666,0.5773091025784892,0
53151823,0.011405459650719978,0
53194567,0.024404205025811847,0
53194676,0.8303682183661721,1
53202170,0.17588426652726677,0
53204406,0.5725781290734736,0
53160927,0.06008056398862942,0
53167175,0.12994192683812184,0
53170821,0.02075615105001438,0
53171838,0.007603050900949023,0
53174411,0.021029060002506133,0
53211837,0.018533333850419456,0
53213847,0.16305593357546685,0
53215556,0.01298772917383026,0
53215623,0.34802840825900877,0
53180695,0.006021369045351289,0
53188172,0.09835140474965116,0
53189912,0.054877002788787724,0
53191182,0.035810008558252115,0
53192426,0.05996568911897923,0
53353569,0.04416088585826748,0
53216577,0.37722452658889555,0
53219891,0.06587735814594979,0
53221284,0.428638226440883,0
53221519,0.04408750456369734,0
53222519,0.005335507130517292,0
53223918,0.00588574518215799,0
53356951,0.07115370375605658,0
53358037,0.5385584875387979,0
53363486,0.07726070489263509,0
53363729,0.08742173690008787,0
53364824,0.15036391467418292,0
53373979,0.007793663364813597,0
53375640,0.026384565088785478,0
53229531,0.014197919162488254,0
53381376,0.1752862515309518,0
53384134,0.17244357691605292,0
53384575,0.05511404385582275,0
53385771,0.3412436538381757,0
53386606,0.01638287423354996,0
53400412,0.14131386818178282,0
53236575,0.006200919360640486,0
53240079,0.34938519063811,0
53256987,0.38072165472665553,0
53257905,0.10798570604110888,0
53402699,0.0184339861050981,0
53403946,0.012652873676150414,0
53408117,0.6690481813901459,0
53409435,0.03664140564849701,0
53410702,0.5134343355781606,0
53410940,0.012414254159646714,0
53412410,0.052030676000947414,0
53413454,0.01132933945741575,0
53259107,0.37950439610960196,0
53260928,0.02136881035021434,0
53261632,0.015036653442061924,0
53262764,0.014614185326187969,0
53414148,0.012007923360494638,0
53415368,0.8399988109341329,1
53415379,0.8399988109341329,1
53415549,0.021568777262908935,0
53417238,0.030830477866599607,0
53418934,0.043694072915788425,0
53263395,0.0086363681491533,0
53263629,0.009755210737030166,0
53275132,0.82019534868968,1
53280628,0.3408319260904049,0
53287361,0.14000746822612842,0
53419788,0.825053485987823,1
53420671,0.015198390911487397,0
53422309,0.025732520658660257,0
53425369,0.5554982983896195,0
53429873,0.019450155620305793,0
53290186,0.10878421108063294,0
53292101,0.11889467709632438,0
53435650,0.017450644866591942,0
53436872,0.004724790708760588,0
53442786,0.004584618371005838,0
53448680,0.36474771986123433,0
53450489,0.056115073227321545,0
53292725,0.016628495097353993,0
53294328,0.031939788168625985,0
53294652,0.020860594866251296,0
53296353,0.014343625563454527,0
53299304,0.1368323667725535,0
53453680,0.25771475145363754,0
53458499,0.027406920647463015,0
53462276,0.013475316356005473,0
53464092,0.8045859529159137,1
53465050,0.29470132394433296,0
53471515,0.5344334260784314,0
53471519,0.7650026356910014,1
53472151,0.7648337444014405,1
53472533,0.8045859529159137,1
53300313,0.008296206346766633,0
53306350,0.005106499498781113,0
53309419,0.04235281442113902,0
53311697,0.04922278251343065,0
53313409,0.42830303679752213,0
53315072,0.07650414740483388,0
53320871,0.7650026356910014,1
53320872,0.764266150705685,1
53475354,0.18509058690873695,0
53480206,0.012541365044641399,0
53484201,0.014767497857711432,0
53489130,0.0057164371090734425,0
53489560,0.16191215336265719,0
53491341,0.0164545549019402,0
53330115,0.017936051107811785,0
53335766,0.0777475078111712,0
53340131,0.06670947385314499,0
53343701,0.31000772776480734,0
53349532,0.7491167642934334,1
53349734,0.8115734690343304,1
53628816,0.007921120267191646,0
53491480,0.006647044187081781,0
53494300,0.006143412746014922,0
53494944,0.017088260092281937,0
53495710,0.018154346457036327,0
53496227,0.14640190116349347,0
53501342,0.2715713320882488,0
53501732,0.03685476762895594,0
53502758,0.1258442867589315,0
53503106,0.17640787537593683,0
53630203,0.06993325299275008,0
53630220,0.01500016284160969,0
53630655,0.01565423471531513,0
53632448,0.33652050413379503,0
53633058,0.007484952440476811,0
53505044,0.7516429300456764,1
53511447,0.5016114259628732,0
53512290,0.16591994195620796,0
53512507,0.023003935539137307,0
53515102,0.3481959602705888,0
53516350,0.450001104605333,0
53523753,0.7495652384360505,1
53524403,0.8007040367286122,1
53633109,0.10702472576639001,0
53634502,0.01515289827610943,0
53634996,0.3632666316898147,0
53644375,0.4332956453783588,0
53645215,0.040648759428744734,0
53527603,0.03581450001746083,0
53528553,0.032956743201079775,0
53531890,0.018943547489194763,0
53538132,0.38157535418205984,0
53542590,0.1044255082859019,0
53648851,0.5360429616424889,0
53650203,0.28019567321028344,0
53653438,0.0526193567008208,0
53656900,0.7640521560072561,1
53658866,0.06365106876040388,0
53542641,0.060695708569507685,0
53544002,0.3896754104791561,0
53544214,0.159876026546546,0
53544686,0.045403074207967034,0
53544739,0.43132254260830594,0
53545175,0.2066493756505841,0
53545394,0.005993156335383092,0
53555701,0.03587008439284604,0
53560560,0.023465375824434073,0
53661970,0.01710228492506793,0
53662451,0.4985666475630719,0
53666929,0.00879058556441438,0
53675152,0.015562810427476013,0
53561733,0.39929328053963686,0
53570224,0.007891716937724462,0
53573536,0.006072650231741291,0
53676368,0.022087891861377502,0
53676430,0.43513299100411806,0
53584914,0.02460240026952488,0
53587623,0.01306206185399835,0
53588172,0.03636578582229347,0
53588627,0.05565955183400674,0
53590193,0.1007238001004958,0
53689694,0.3002106706211709,0
53689938,0.22675796172300297,0
53693128,0.3729446701817073,0
53693977,0.8165886563679496,1
53696990,0.4017504382204838,0
53699744,0.12043848780824244,0
53590832,0.06901077887161111,0
53593168,0.016346469327995054,0
53594675,0.037766347978557054,0
53601751,0.18970499883081904,0
53602634,0.6938326944080327,0
53603216,0.29613724377525547,0
53700256,0.01042743139287161,0
53700698,0.04217531222454202,0
53701060,0.006048940532593807,0
53603321,0.36549976665085904,0
53603421,0.33755681437471635,0
53603574,0.301807479462368,0
53603682,0.3968350305034384,0
53604779,0.41135581523455284,0
53604923,0.45252617885981017,0
53605076,0.40928149972087763,0
53605090,0.06785257688004911,0
53605625,0.3767785264970919,0
53606101,0.2879220471351055,0
53606452,0.39898543133393716,0
53704110,0.14871501958554706,0
53708171,0.014541824867843304,0
53709387,0.02773941796316838,0
53719446,0.008774036750175762,0
53720201,0.05991307548318829,0
53720606,0.13812502656766426,0
53606617,0.024880361358505583,0
53606895,0.23406208299667008,0
53607099,0.05767568578624046,0
53608127,0.02661737723467222,0
53608551,0.005537215202632654,0
53722444,0.4272857581583642,0
53723870,0.040474628110642986,0
53725805,0.010302842273160058,0
53726935,0.060266441888326264,0
53728281,0.7573198282456272,1
53615126,0.26929085264943925,0
53620932,0.7640521560072561,1
53770530,0.031408055729396776,0
53771167,0.020375789318457314,0
53771662,0.06010461174591251,0
53773701,0.0028110481909391387,0
53774579,0.023738869013054713,0
53737403,0.06967240945450982,0
53739963,0.2553763295797629,0
53741603,0.030653333323952692,0
53742866,0.012476130537333893,0
53752252,0.1647896682858684,0
53786333,0.16081682043699985,0
53786471,0.018494379399461167,0
53795503,0.007948517899300983,0
53796187,0.060665718349612804,0
53796775,0.020903158464325316,0
53798235,0.004535477457185593,0
53754167,0.08272552642436906,0
53755563,0.17083635587398222,0
53759746,0.19562109730500243,0
53802072,0.2529184965469293,0
53809139,0.25885561213353797,0
53810195,0.4731281604373813,0
53763914,0.020395224537995218,0
53766143,0.2737042834452843,0
53900513,0.1427536859146229,0
53901427,0.011946214143853348,0
53903785,0.09628727002243127,0
53904032,0.01785073149989422,0
53812366,0.7232149321206506,0
53812386,0.7232149321206506,0
53813081,0.12946795557600446,0
53814025,0.07586974759058669,0
53815424,0.016848917924088293,0
53909238,0.00856144226101575,0
53909434,0.07310360887458014,0
53915505,0.6151626881110788,0
53920233,0.07152415392554998,0
53816858,0.8041562168644923,1
53817985,0.008857318719691806,0
53823703,0.0655868895981663,0
53826433,0.5359662802040255,0
53830757,0.04833885419098193,0
53831146,0.40970269334419573,0
53831670,0.07438601757715539,0
53831766,0.8274809908977144,1
53832868,0.03283533853362383,0
53920517,0.010697285608243904,0
53922202,0.5295355094608297,0
53933376,0.05033030335541914,0
53934304,0.0036331689859530323,0
53934977,0.18943476816183957,0
53836288,0.4790816288831431,0
53845422,0.7957160372823616,1
53847813,0.23634520389067773,0
53848694,0.01159247557602059,0
53849102,0.02621966408269155,0
53850635,0.003505902980330182,0
53850682,0.11405640140009927,0
53935712,0.08456059388428716,0
53939267,0.7964239612210153,1
53939453,0.35307410457998706,0
53939534,0.40824803725045145,0
53850746,0.08765306178788154,0
53857512,0.7655697196440107,1
53858082,0.585851165488294,0
53860066,0.7737869154463781,1
53862013,0.4258529354886088,0
53863561,0.05679668147157384,0
53949650,0.04251882255837561,0
53953891,0.41681423718022376,0
53967226,0.09092073653139846,0
53967245,0.45856520428181247,0
53967351,0.06903501210270147,0
53970963,0.004317262098149255,0
53971055,0.031390755570102846,0
53971111,0.807044543908659,1
53867998,0.797732909688413,1
53869676,0.03305317289336006,0
53874130,0.7643721880828667,1
53874529,0.7645767342023501,1
53874828,0.12692987441825238,0
53875417,0.1675513524275601,0
53875954,0.12914701501420375,0
53876346,0.1170018782675551,0
53879568,0.054000608043220634,0
53980069,0.7551309973108239,1
53980416,0.42795161756010314,0
53980645,0.5174790151689858,0
53980983,0.5069181995209893,0
53981147,0.5203086585835065,0
53882491,0.06715010865538444,0
53886001,0.12387360668717481,0
53890468,0.5018096121393429,0
53892659,0.25836651925037823,0
53893056,0.011940275957236828,0
53893384,0.017164357680246746,0
53988773,0.11658438075791723,0
53992539,0.22492889982677053,0
53994947,0.08740820024339212,0
53997433,0.003637614515158227,0
53999738,0.8401460158063803,1
54001498,0.013948032567838574,0
53894411,0.012026403325370114,0
53895180,0.5346982833624203,0
54050973,0.7308653271583402,0
54051067,0.3484523527595138,0
54051192,0.8104573191054308,1
54051259,0.4623963999833323,0
54002531,0.013761599630391173,0
54003481,0.01114426295533699,0
54004374,0.7561188060814475,1
54005271,0.15517324088842468,0
54007743,0.4098748690148979,0
54013154,0.005497283948501144,0
54065958,0.42417604599726,0
54067905,0.4102946224871812,0
54068602,0.153111858232114,0
54068618,0.0032701455653615626,0
54069349,0.5017418419598719,0
54070767,0.4160582079861778,0
54015146,0.41073337576381563,0
54017066,0.05612512773924745,0
54018489,0.5073849300842468,0
54018763,0.06217774231940597,0
54019918,0.2726166386378919,0
54021730,0.48077706330380365,0
54028410,0.812660101606637,1
54071410,0.10960938556075979,0
54083128,0.009677042132455196,0
54093527,0.8074578248763016,1
54093824,0.07382611210154827,0
54101952,0.21246560260567554,0
54102963,0.004808753442984092,0
54032723,0.8122258654457883,1
54032853,0.1084772915315794,0
54036658,0.021590797722997764,0
54038902,0.011132549211168574,0
54039046,0.046984799015967506,0
54103419,0.44343436758520893,0
54104181,0.8195771859284852,1
54108028,0.8107494441959398,1
54109419,0.24463724703399664,0
54114542,0.13137016648628114,0
54115612,0.1495187369003638,0
54117594,0.016492190727152422,0
54050176,0.8076846848891276,1
54050549,0.47378453474760895,0
54050650,0.8104573191054308,1
54206877,0.37500779326305667,0
54210471,0.010460694636052347,0
54117644,0.014306553707330857,0
54122536,0.02183454592736413,0
54122624,0.4922400150041548,0
54129100,0.07556578021484614,0
54129391,0.0075364699038810365,0
54129568,0.8073722015748127,1
54131340,0.12493185408588234,0
54132661,0.7829868671093746,1
54210998,0.03651113013395712,0
54211200,0.29821784617788955,0
54211784,0.01467397980597,0
54213367,0.8055196595806977,1
54214433,0.035623458608218916,0
54136738,0.017583282067256005,0
54137553,0.7510305923324226,1
54140633,0.4510780181548432,0
54144455,0.1506683428527466,0
54146364,0.06883115757235882,0
54148158,0.3531643110111459,0
54160031,0.09513948765573874,0
54214666,0.20222172223663273,0
54217724,0.19285050768284806,0
54220873,0.06732814490895252,0
54230938,0.5529132455530198,0
54161007,0.19727721988397115,0
54162906,0.1867849072256041,0
54163608,0.033864729998348025,0
54163789,0.15203674118853513,0
54163912,0.1633740278349121,0
54164357,0.2432015141618381,0
54238053,0.009798351589519331,0
54238875,0.7509828147729837,1
54242006,0.5577017156729726,0
54242854,0.35084590901951823,0
54243072,0.8356912641618174,1
54164587,0.14061046511820474,0
54164726,0.4467896885034883,0
54165294,0.030085737026128663,0
54167112,0.04221150539330821,0
54169005,0.004662859601119325,0
54173093,0.06804292936353074,0
54179594,0.02888280141736838,0
54180355,0.012139418402725996,0
54243687,0.8354926808568429,1
54245109,0.21073926747439925,0
54245163,0.26289893487417904,0
54245594,0.07799215678544247,0
54245960,0.20168834410302297,0
54246235,0.2015802341968962,0
54246425,0.2644537853201299,0
54247180,0.014859000876774608,0
54256185,0.7652658471013928,1
54258024,0.16843000709329362,0
54183564,0.2593088358578504,0
54186567,0.05433360757920849,0
54193168,0.16538024333217582,0
54193549,0.08032045810126764,0
54194995,0.07156856816123539,0
54195597,0.23380052569781762,0
54196350,0.1937741983843387,0
54196744,0.09997990826729698,0
54196777,0.17082587342270938,0
54258718,0.14634263518278642,0
54260674,0.013083533500481378,0
54262388,0.1691758651158261,0
54262883,0.13612912455101484,0
54263436,0.1281013342165791,0
54263674,0.17133439055060884,0
54263886,0.23309653350110635,0
54196947,0.12709641455421122,0
54197051,0.12997814054574133,0
54197179,0.18381143165060465,0
54197182,0.1632004259136688,0
54352197,0.003600039281287748,0
54355778,0.5101464437512493,0
54357934,0.012350532371010815,0
54264164,0.19266597840678565,0
54264262,0.022919186114117602,0
54264944,0.39041706559436284,0
54276494,0.8310008935829808,1
54281443,0.22250053652130383,0
54281603,0.7730746927220649,1
54283343,0.3765291114415436,0
54291188,0.02633519375597592,0
54291234,0.01616742085659108,0
54292164,0.1432357121388253,0
54364623,0.00800345315172438,0
54376286,0.006790153155865628,0
54392381,0.8557310618769798,1
54395062,0.348473648934428,0
54397475,0.00811596406449026,0
497221656953912856,0.021834598307661397,0
499228785781795835,0.17616969744944405,0
54303183,0.2843199188177102,0
54303623,0.15396068065259572,0
54304065,0.3968282157974607,0
54304382,0.1437886738271786,0
54307163,0.1541086252473738,0
54307170,0.0700798032373188,0
54308707,0.8388849907111924,1
54314301,0.7801734095141801,1
54315055,0.8135602049673731,1
54316848,0.057583467218304436,0
501404598925361958,0.02026538642373277,0
502235608092478513,0.28586516243465443,0
502887119852002992,0.01089937445549585,0
506753378825712040,0.02875266111473661,0
508095992839347917,0.01604516144961444,0
509021288759072717,0.0077649942558853215,0
509912694780678266,0.2624146671975288,0
511554590284267375,0.021202433234383204,0
513695012431520567,0.00902183714896192,0
54318921,0.3003344330949013,0
54319024,0.4580975738020626,0
54326605,0.012852017878916194,0
54328203,0.26423133915016656,0
513923548156770577,0.025338646386542183,0
515036044381761823,0.023221312508169892,0
515270964752201497,0.013208180379872198,0
518689109208853861,0.07121813752138387,0
522425855620716170,0.014941986807129399,0
54334216,0.35487937783796875,0
54338345,0.8242235923431654,1
54342351,0.2703625316427669,0
54342792,0.1595274236120151,0
529737934145319533,0.02397518320306452,0
532108412257110742,0.15121144031213266,0
532224775279681728,0.04947195920036418,0
535565578084281184,0.2647778786224747,0
535581626561206870,0.24453471588512157,0
54344557,0.01444289384967918,0
54344780,0.20246355992503726,0
54351519,0.16024112180917982,0
54351650,0.10264821705703818,0
547793067593304321,0.14870612954474416,0
547797787916616213,0.30354685411842425,0
537808541086146067,0.042199334211110086,0
539084025529334382,0.021266285405313404,0
539742633266082757,0.31358979741444104,0
539769745905414951,0.08545323281887564,0
539865017663194156,0.018151258690125176,0
539900905376069260,0.3565522629186207,0
540399699729264340,0.764266150705685,1
547820238225408462,0.16909846843869528,0
547998622525410778,0.3893491458048959,0
548006572647649285,0.10974877611667157,0
548016857794352761,0.14913706466532442,0
548041570921178790,0.07633320647994467,0
548058061023756340,0.713198102958165,0
548496910878656656,0.8188225525404396,1
541449474530378012,0.03486155308836792,0
541838334174119591,0.7530185341647578,1
541840861640055585,0.7529109057013601,1
541841229631087312,0.5420484218585431,0
542239053789372886,0.2094125087365658,0
542600943912847794,0.23142665262790094,0
542640652151641703,0.21959064884741372,0
542677269372360032,0.08734755971445134,0
548511865075106092,0.062327094618660414,0
548559882209685166,0.020398441974409525,0
548618432625308411,0.05542472622099635,0
548672572096028312,0.17928306856653792,0
542747072792865853,0.7904218401839497,1
542856379990916626,0.2456272641437677,0
542897168768814229,0.06482559093428587,0
542959954217251648,0.013266259680759137,0
543635425943076778,0.5099289621378037,0
544401457419857074,0.005405185594758536,0
544867022494251692,0.014718041821770986,0
548826190789392066,0.011952364957102158,0
548963764109682390,0.11736322661336711,0
549026772417423162,0.02094358365931748,0
549194883005854692,0.4135290853542688,0
544998650078746770,0.2808720344039146,0
545090914375173479,0.027707623131662577,0
545163157468611464,0.007832069763932449,0
545563697666112561,0.016900081413312347,0
545653384677866355,0.23573291802901894,0
546256455955963923,0.29380175171127443,0
546263114511633831,0.8230913600782208,1
549264345064528625,0.004744165659804923,0
549275003907405309,0.041189280637401196,0
549362079534421010,0.048501093407020274,0
549418712123925136,0.017164996153063203,0
549465289587099130,0.105508058197375,0
546555949054231567,0.010429468792625178,0
547058790481548248,0.7697812173563067,1
547086501522814424,0.04908799386906477,0
547150124220387168,0.05389417443377544,0
547219823037006318,0.025603777557783636,0
550026488081973881,0.016495588558045532,0
550121438551657621,0.30485133481828575,0
550555428777442357,0.06607618055685735,0
550618527775379687,0.23197699065600327,0
550741674554463731,0.018113630266184674,0
550786709610206712,0.8031200838554737,1
555038069440891496,0.354198478265219,0
555056971119508988,0.32036179052129893,0
555073510443058547,0.11857674100890063,0
555171202368184293,0.018312012009591972,0
555253571958535908,0.48161461574349945,0
555610543409267205,0.5887276302761717,0
555681857754079373,0.01401977099066873,0
555687828315016864,0.020757038263432358,0
556247091679540869,0.019212686198808678,0
556365927024053098,0.013624119165606748,0
550841600859360458,0.3823903617568099,0
550845920087869266,0.11906032781676859,0
550905294962321318,0.07589456765873977,0
550923487986078016,0.0143821089204864,0
551334234415439458,0.7942876195421197,1
551445523938181140,0.004010824639771077,0
551494862092193850,0.013512211658773154,0
556538972710013381,0.06368745234732583,0
556960737995069310,0.34452959940991623,0
557031472849294373,0.007860278852580591,0
557308562445321576,0.44161201146123436,0
557408661745512587,0.10700705923309532,0
557473594642446522,0.8086194619481932,1
557486369436961003,0.0340353361198423,0
551512197873048960,0.8387254151834638,1
551846781913884240,0.8155628345794772,1
552042242548350696,0.8012743728750071,1
552075850942208488,0.31274800319447993,0
552087932017334952,0.20506900261526873,0
552094356450388612,0.7956882666646349,1
552098297559362978,0.45553075644148266,0
552113158032353754,0.8064623093953741,1
552148250523188165,0.7956882666646349,1
552174943582511016,0.7956882666646349,1
557509075015430163,0.006590193358914558,0
557912715961485952,0.012840279895852465,0
557953921538656336,0.3747720015138162,0
557974776402309577,0.4508054164277015,0
558134273361856523,0.09793135065087522,0
558191886076090391,0.23889505024637742,0
558191951714926846,0.3542847312705491,0
558306500468820859,0.009471672168486869,0
552208563699318844,0.006518721120182641,0
552211233896015720,0.018403251888066026,0
552213619587086694,0.06689527602373695,0
552738484785957570,0.1857504020742387,0
552782382741181875,0.06369477907560676,0
552804519831447428,0.489340204111114,0
558310482962197626,0.8058814940031799,1
558575557122330909,0.38573494363914396,0
558732520907162146,0.8004546859984059,1
558746223707426780,0.17314051308093703,0
558874976542597786,0.06909189288486073,0
558934184388886841,0.8172951137718337,1
558941566399441638,0.02568660934603019,0
559485519806458663,0.010617436361340162,0
552839358870025051,0.054697062274769934,0
552972547593855946,0.02919837569177148,0
553005121220644891,0.7890754127017146,1
553029238283466076,0.024609253556350533,0
553429976605273304,0.7637186449675237,1
553465851218500336,0.8007643463773829,1
559544054895092780,0.8152422384620648,1
559572983981929450,0.036692436690664215,0
559586504917827345,0.07402412643653644,0
559592743617283842,0.006363619187628917,0
559619308472416467,0.03763735925725671,0
559671382972443261,0.21066325061533328,0
559730944824545082,0.02387945035666021,0
560149197063785531,0.3062012501051273,0
554125687285092457,0.025115678141660124,0
554175570283178317,0.006714784953324813,0
554283191774753015,0.09184110895583132,0
554590833584755715,0.006182749912376137,0
554982535900288676,0.8234364173075384,1
555005271135605811,0.007476631523819941,0
555016287622862694,0.007786586528565309,0
555025453219071978,0.7713105001544893,1
555030246357854273,0.7713105001544893,1
555034459812571155,0.36127256721301976,0
560205663949770570,0.17563863441857633,0
560224400703639699,0.021982436195049457,0
560241529792006404,0.5515960333294441,0
560727126080403797,0.7643721880828667,1
560731702825523968,0.7647485696270304,1
560735047537585655,0.7645767342023501,1
560746623203080695,0.10911125305581122,0
560819796143132798,0.41032792650555083,0
560922841979568080,0.08367890989646729,0
555035387107768750,0.41282058284868334,0
564281474587681881,0.004628607622116468,0
564542318120486446,0.025938027020091653,0
564542475835793907,0.015218988883054807,0
564546597596686694,0.026348648549840058,0
564602108695275173,0.028566338780449826,0
560997011642218304,0.011624100940871651,0
561056459074470843,0.006708996898305602,0
561411694369629388,0.018997824948710735,0
561438111914086714,0.5142824635805715,0
561580874092383695,0.08589026095492125,0
561766452830859698,0.17210298328773793,0
562139098992282665,0.7452942145495816,0
562228465268570725,0.036085859137088,0
564602702188075826,0.018174238786181535,0
564682824371493121,0.008822900617056664,0
564779036975389184,0.010587833972744763,0
564807913864754690,0.4545257878706932,0
562298581962857593,0.21919513555476236,0
562418047487826132,0.0695519697547484,0
562884903457128974,0.09659242600245682,0
562907819641129672,0.04832914043444565,0
562964125617559122,0.19004385322233125,0
563007560084567383,0.8199295725696804,1
563246706811573391,0.022208833057438794,0
563268292006599316,0.0032860747785814874,0
564844435225916025,0.614639097668299,0
564924380211338644,0.4357508807052844,0
565112303079121006,0.010338848950953942,0
565114924350358637,0.031042075562538917,0
563687425156513173,0.0074601482288531315,0
563690104682126377,0.03089360910386213,0
563719467035680846,0.026667716502691566,0
563728723224510265,0.006384253046552372,0
563737087590348053,0.11857244333321434,0
563747299762269894,0.03142584528224736,0
565173112445230681,0.03566088381039724,0
565233874502784851,0.40138245815295415,0
565352945991314340,0.05061835473957061,0
565490019458489355,0.012487268682347919,0
565773369515481713,0.19572667204700597,0
563814027308620995,0.017545934775209413,0
563864922936990733,0.01677452007706941,0
571085392689494584,0.023376575454734767,0
571141289630267262,0.8123996649561142,1
571202858982575120,0.8237589445747046,1
571291498927701098,0.8134758000386668,1
571533506242496688,0.006569159734339811,0
571584519885225281,0.0872205042870815,0
571598171738337849,0.04792016237000451,0
565932625780175955,0.4591838277388578,0
566029911248687183,0.007802150427816928,0
566095342748806780,0.8384898463058071,1
566099298837722354,0.025298662119722908,0
566115227830033854,0.03327665454137443,0
566119623093680636,0.03124673187198138,0
566167904723304675,0.8300400350406386,1
571766238245027554,0.1834270040369134,0
571784186153729853,0.30395904253951256,0
571787380140782204,0.12576065139385265,0
571799455601186486,0.42031271297448575,0
571805879005480127,0.41650235612317726,0
571977872591258118,0.8408180998319151,1
572326237669668984,0.7625230711887323,1
572326531219816196,0.7525824859746928,1
566548245549224932,0.008231146033864004,0
566763086373559560,0.010158355013835803,0
566793905975010808,0.5583150027549979,0
567166736329761635,0.07833049475572777,0
567257583731577667,0.5274614929593787,0
567569597445331901,0.14870195079710383,0
568179775239963391,0.03232371249606645,0
568189538970405001,0.0120526299530828,0
572328741163521340,0.7536171421478919,1
572329024533412656,0.8119925973803278,1
572484660497450512,0.7783836891449535,1
572530913771194520,0.0076236318571980795,0
572546257431058646,0.1777304896629822,0
572547486242459152,0.022419902061667354,0
572620870722180872,0.48660060198890653,0
572714852622616657,0.027672938029886258,0
572733089973738908,0.004779061823289759,0
573291593605259333,0.8327290826461318,1
568270572432528148,0.1780713691976859,0
568511583610564835,0.7514093205278809,1
568715568448775342,0.04260121816670024,0
568724254085667650,0.8074417194524292,1
568772914092580222,0.19799781569993996,0
568782483385919603,0.007821630063268362,0
573610185765083286,0.7474754999058572,1
573737351748791309,0.005845483546154407,0
573778791400513725,0.7520869532255146,1
573937970477329055,0.037808351687188886,0
574069389069400131,0.1382921549247585,0
574562832846093413,0.01108815105927234,0
568804282571008048,0.006755228452959659,0
568889960851600487,0.40523963414294667,0
568912566505799424,0.23969729960005828,0
569183451383157192,0.012376412908066622,0
569489053139938853,0.0994039375424377,0
574603442936137674,0.7773016216937902,1
574783901288734397,0.7282579933663283,0
574789756800906492,0.7241122749466226,0
575123973920036701,0.019381598534548062,0
575167991874744304,0.3826586406050596,0
575262161943675844,0.011101322747948422,0
569546404049883549,0.5535838685731569,0
569546796277219633,0.8084511878734958,1
569557641370592374,0.2438266456766091,0
569581554159922370,0.06210750387011709,0
570034665527308088,0.00957706410035434,0
570116660574405617,0.7523938460481291,1
570195549062750609,0.4983863605708748,0
575296507654359448,0.006305374414386972,0
575323635538805522,0.001936100511175823,0
575377822891771622,0.0045865426748937605,0
575410155636588388,0.025694851431047033,0
575662739710922304,0.01810704536575762,0
575932751809366069,0.020822513156840094,0
575991857962051718,0.20589901224996596,0
576093855337848259,0.04364709813423778,0
576217808263109182,0.03836773625722972,0
570205083788695535,0.5124559131057247,0
570208020443569412,0.01907874825174342,0
570289761234523888,0.48565243677825487,0
570305497537981707,0.8521510673175604,1
570313162895244824,0.44534370927037287,0
570315741712078963,0.054860120777101395,0
576554964542755713,0.007746068375789902,0
576645744639819051,0.14272451641150108,0
576650068700400424,0.23126295452881146,0
576779694848403067,0.009980986578766116,0
576895620697427204,0.8107719202214702,1
576997675656254818,0.8257212828213308,1
571008901636254490,0.07432653423020524,0
571047174375999004,0.7254924477165462,0
571047830548495957,0.7219074574032478,0
578327925011346119,0.010511451491003505,0
578338335733827926,0.03143996972599178,0
578430230117365467,0.1387941787781085,0
578435995379090676,0.11160528577357755,0
577164177523405787,0.7974637852880215,1
577187306174934665,0.004477203004757561,0
577353418726528790,0.4600212305575705,0
577528145632005017,0.039333509127546615,0
577587131735416353,0.12693462149566018,0
577638418323881838,0.010891823448410977,0
577657240307522892,0.013098691213747718,0
578592072056483887,0.2208448573620765,0
578656399549614123,0.8150259109162721,1
578769192318564193,0.7481267872072532,1
578814651253110076,0.42145316843192016,0
578841345143129136,0.07807608795418812,0
577717132178906992,0.38942682991724115,0
577857477164670474,0.814126928112379,1
578099444956394228,0.5411751729282084,0
578100862597124078,0.8272077185408282,1
578113779579494301,0.7773016216937902,1
578122976308702760,0.09790971323855523,0
584843453194315608,0.016408829411317244,0
578923571089407152,0.16972336077074981,0
578946747998659752,0.16816668425311812,0
579513654453597247,0.14480878321786275,0
584903103239670051,0.04287459260014581,0
585368495763668792,0.008118729395994444,0
585382126083893704,0.0030201516853764782,0
585485781418964904,0.2485799830892214,0
579526088606923025,0.7647485696270304,1
579543533372210260,0.008550260629823564,0
579679370505962821,0.8278904663035591,1
579813070198211370,0.043996650386586206,0
580013014809987573,0.07154085116599762,0
580155764329845254,0.8268958971008943,1
580204728935308567,0.022779481651135164,0
586244870263367585,0.00653664281587725,0
586761073028187150,0.3987086898197326,0
586798321587331719,0.7649500750518149,1
586967576979590205,0.7643721880828667,1
587055482722811042,0.031985763030270654,0
587069440501954023,0.032597267594226174,0
587486114839236867,0.7587577694037985,1
587606395719069171,0.45718782692953436,0
580221270316789820,0.8109323507205687,1
580271592654434952,0.7488457627346528,1
580327989332197053,0.004445601005982399,0
580480407893927850,0.0041064108342668834,0
580589040494696466,0.3728000473213416,0
587615709441605979,0.01385058036738836,0
587659571869719096,0.026147512056840613,0
587842332142199671,0.008623469399301876,0
588211929863905201,0.46397681088025666,0
588263591786868588,0.6622183685807239,0
588273937819990870,0.007397022071349304,0
581146598600431139,0.008336703891513893,0
581204831879275676,0.013277530283686128,0
581276193109315899,0.17345444693832732,0
581411547269622388,0.03914355404487918,0
581427869630920755,0.014374030679745624,0
581673232497281944,0.0577799173696307,0
581703896020442376,0.2302980487519261,0
588288327470809159,0.13287661935017284,0
588433935054614821,0.3872928664909983,0
588550970022904542,0.0052716326981723785,0
588559469616617641,0.023499577408468496,0
588562529196152934,0.0573686351244672,0
588970063349178677,0.04721298986975921,0
581707845699487740,0.036852226150027964,0
581756065537386664,0.7650863629793642,1
581804203112075143,0.1832898887295449,0
581828450067457846,0.8237738159035647,1
581858374016685042,0.016852903342230982,0
582035740622571978,0.06527082494003245,0
589037312864417098,0.0427987361697442,0
589746507763311188,0.8117314045803832,1
589800275607656944,0.1783081994532771,0
589855151621795399,0.006298701313308665,0
589857043016769966,0.05859005097862702,0
582137289665171294,0.0040485136617899415,0
582240067190821159,0.058628390606051954,0
582466438103477967,0.01854295651530801,0
582478029279386383,0.19669994420646755,0
582626681889558744,0.03182834479194663,0
582678773466303522,0.11758577927587585,0
582817278861712149,0.1939350839384762,0
583018303401434498,0.014594324494475973,0
589959408556404985,0.8179400831101559,1
590040648193371393,0.06006702307982739,0
590041263854398620,0.4447058052286829,0
590372866147671751,0.01307268752822031,0
590390648297717410,0.3944829203604069,0
590422201407835236,0.5360322352035444,0
590484773612652071,0.03266334153680486,0
583029260519350121,0.7610102032507153,1
583136653599213378,0.00857671355137581,0
583261334774123938,0.1872004911742443,0
583312696230574640,0.7713105001544893,1
583316946369555057,0.7713105001544893,1
583318124446202798,0.7713105001544893,1
583318937810048085,0.7713105001544893,1
583319794962810365,0.7713105001544893,1
583320859572486216,0.7713105001544893,1
583325206900651137,0.7742794362546437,1
583326605313745353,0.4908313854150022,0
590493898611831944,0.017232591967572142,0
590541486540140894,0.8244173252568352,1
590595341992355609,0.17695826708805473,0
591126001314853341,0.8056106007261128,1
591168265331519350,0.00935033594482968,0
591317872598386976,0.01057765421898828,0
591322358832287390,0.28486697593568133,0
583327900385039624,0.5658984166131644,0
583428565614956095,0.02892317915247584,0
583791786268204937,0.7434463050632171,0
584053658746490241,0.10252828937263066,0
584100149741768240,0.047909944177630975,0
584108904096805948,0.02896187084618426,0
584110672069834078,0.004344335445345347,0
591340911912499423,0.8179148227519005,1
591427135680545574,0.010107660249307806,0
591485868352836863,0.00724204365531484,0
591883582403156068,0.1631395441057787,0
591969184938312703,0.0031079856749545846,0
584631850749087164,0.015129822937765849,0
584833406345340639,0.31550217565209693,0
592893183768538881,0.18181018125694134,0
592108458572200255,0.009923424937720748,0
592160838482377458,0.10430870638182416,0
592225270972673470,0.015250217798862662,0
592231928282119554,0.02154238901617003,0
592466368246789831,0.06782004002934802,0
592529354391161532,0.588142451959278,0
592573997737825938,0.01957884050055365,0
592616778784585873,0.7773016216937902,1
592914921857097651,0.007801854354483517,0
592923226218573943,0.2420944191730593,0
593310907721075575,0.16388969987610946,0
593322347340602809,0.00044067782800465686,0
593539441379982570,0.8008737932893829,1
593539645856888063,0.06614755878927985,0
592679984594951626,0.014493987066570539,0
592736448808176674,0.05527128036567041,0
600263116064127765,0.1134740210138933,0
601189303598379053,0.00896848992793091,0
601341275822151601,0.06325830020605763,0
593628573423529888,0.0124645551406026,0
593684843078544142,0.015782194153779024,0
594168710234003387,0.047182707169837065,0
594235684678364310,0.1665041449808006,0
594278892712646603,0.01976889620815009,0
601383847863781109,0.09269179046493344,0
601387378295632609,0.09133809114574541,0
601395300140040942,0.1702228106574145,0
601436798783503804,0.039154845374706426,0
601450993668834041,0.04652790881437432,0
601621921556384429,0.18644041788621019,0
601643366462947554,0.054337049290744135,0
601684518197356654,0.15151122624342028,0
594364901323939440,0.1774348721991899,0
594686068974696323,0.7546827722351462,1
594686502384672497,0.7513152151967748,1
594914131275091113,0.03358751281534267,0
601690867947727847,0.021747912778112888,0
601809481239819914,0.34486755081957005,0
602019372802508438,0.10592448105202164,0
602029215213888162,0.09471204707620513,0
602823682550416384,0.37041505636787103,0
602827356114645635,0.4454174224088868,0
602829257111124533,0.7722893254168508,1
595046810022277356,0.26902454053863717,0
595528055387349071,0.05158049795347892,0
595613559093932418,0.43614659374047055,0
595656476182329187,0.18139408273093685,0
595879031780542616,0.25249868838652123,0
596165065028890644,0.12787252866515197,0
602831381226115612,0.7722893254168508,1
602833605446123047,0.5184611676431756,0
602928733998502439,0.12370173895845825,0
602952577502027312,0.08385951505999044,0
602989716661668567,0.0650787812885872,0
603053165683406487,0.4942111025153112,0
603083900088109982,0.8357864926907046,1
596203731563582651,0.12799506266906072,0
596413252706204441,0.10784579057324993,0
596413302681259342,0.14840247601927475,0
596946485985538229,0.0896940376534645,0
597013333352448220,0.011796257451546098,0
597077746482427681,0.44409315425338075,0
603145399437635044,0.7964142463591625,1
603288724410012895,0.004579659754773587,0
603858956459000309,0.016216556572432782,0
604574846282012598,0.006043580058191903,0
597087942704646402,0.019636813367489927,0
597288356012627205,0.010355321399050764,0
597293762881765844,0.00843008033350355,0
597304555711876002,0.13636006845469237,0
604623136540022796,0.26350549063745493,0
605035448454706797,0.03749153751286291,0
605051948071435121,0.009502921823641692,0
605090421306435930,0.8313695230925242,1
597375402315843266,0.08170535693479763,0
597752885764924164,0.008063299121498434,0
597775417684775967,0.5561676461551188,0
597885471876205835,0.027916854818328223,0
597938230465576741,0.03260029099163009,0
605263422644130693,0.05560609828342377,0
605300020193610016,0.02230676964581102,0
605583991244171226,0.39443206101652944,0
605677493735522649,0.311252315623754,0
605720639370929870,0.03879161841746387,0
605964818540392788,0.5673015772556357,0
597970057292470584,0.01776559663062162,0
597980544989694525,0.08893545831553885,0
598163738028486177,0.026034791737511324,0
598418961025528178,0.028393338319709704,0
598423415434781224,0.025620212760763258,0
598428972310981226,0.026580467342478396,0
598451687067310074,0.005352139941534889,0
606099280539160331,0.7648337444014405,1
606360437730635923,0.7647485696270304,1
606406524027500438,0.012933217768115509,0
606544996803495153,0.24994883905729212,0
606690225420596522,0.026523840748034055,0
606709162800634643,0.7639441835649704,1
606961940356841317,0.3046328277566158,0
598456006209498021,0.020111401500963026,0
598459577490449094,0.05541188059633367,0
598488193327054398,0.0050959383780214635,0
598499099324319670,0.008639135835145731,0
598503098845264438,0.014186574976667398,0
598507858224426373,0.019593403858093945,0
598600568938104304,0.06304567212052808,0
598713051061239312,0.059840893156973676,0
607145426901839341,0.06627055555126007,0
607202437461817180,0.019646176643117772,0
607334009809889875,0.03303889650698799,0
607365811485133132,0.050164158318266455,0
607527880077351661,0.4521252833093503,0
607696246279491997,0.0503330548913089,0
607787384382455500,0.7498489485619928,1
607841201085063007,0.01442087629684226,0
598899258097315370,0.2442696831522482,0
598923105171759382,0.09768213193853278,0
598928506031816181,0.055263868455172525,0
599017022512024975,0.009691749748128878,0
599077997645477697,0.8507031912087972,1
599163855232485384,0.140567498715654,0
599256513633250977,0.09390011046760506,0
607857571989965974,0.4048451363846351,0
607933688375392709,0.5371125938312067,0
607945532912774703,0.8017989182707772,1
608059640162815055,0.41367170267321224,0
608065350562145555,0.6403761981301304,0
608070430216725944,0.4695123603993981,0
608153789298309501,0.482215789662478,0
608316367002672662,0.8418861338510133,1
608484199640101037,0.0508574888052626,0
599452961415418542,0.007286546089282639,0
599780130229041931,0.03312709366000781,0
599806687631020705,0.04458182282142016,0
599857800756664388,0.1219955909343781,0
599991388795660334,0.006971482587175229,0
599992429950840153,0.0025160261717519896,0
599992807763168166,0.3470358552253312,0
599993984917025377,0.023971708965803848,0
608609524765569811,0.39854985725241593,0
608618639198821844,0.01514398308765851,0
608671468736291174,0.21409868189207112,0
608733870146827069,0.5321485747059221,0
608737695863276620,0.40381692237963857,0
600011341366442097,0.5218514093344633,0
600013989830559229,0.11699461559101686,0
600113695273260585,0.008439043778321876,0
613747202944317309,0.05469510824074469,0
608748589350814821,0.7244182293425933,0
608751764495831252,0.3510943169286972,0
608754282841359168,0.7223182857389046,0
608756805445061483,0.5355732144032674,0
608832957622750076,0.005318366515713688,0
613798700673277733,0.359636945784038,0
613807325009015175,0.2074813654740164,0
613808562601795981,0.11771999401991477,0
613809022021280612,0.05522403700957696,0
613840699365840579,0.045187342573081504,0
613842278291796082,0.0043877057364821205,0
614008463885442204,0.8029553229158067,1
614321790165772374,0.3546923015473172,0
614412564467355649,0.2234942195356366,0
609219525346430851,0.8254790075585967,1
609235605449086737,0.8159357484943324,1
614422614245856965,0.01627036457079223,0
614440509928289280,0.0630165407476421,0
614509099548801376,0.02938740694294219,0
614687897435134332,0.8251519926437436,1
609238880596760919,0.8159357484943324,1
609278205075943432,0.778813262873725,1
609374779504415266,0.38193629212008817,0
609485334617648116,0.015454134111962857,0
609547626613687846,0.021607278126597046,0
609956068365812790,0.07160126331090647,0
610212395047524279,0.17517770457801699,0
610313074951797337,0.06237207551081654,0
610397447841855110,0.011361665984766811,0
614693159756870969,0.024034988756582262,0
615118262419946816,0.011716052332801864,0
615126076185455171,0.07574691035643988,0
615147103937720079,0.013932067359666905,0
615180685247297195,0.4497597289606242,0
615395641198034052,0.07055580132220941,0
610414224153337918,0.011028459037807548,0
610418835243217843,0.00909873630011608,0
610424024716164801,0.009506204346389857,0
610745546680973191,0.004704385140848749,0
610851098819332002,0.4445569401699779,0
610863338159377977,0.2906457357459688,0
610995636848918433,0.16021881640947466,0
615432684761025204,0.04055363784336833,0
615846408980719554,0.09092171128850386,0
615904441638758447,0.17005552086743636,0
616011591675728415,0.005855105875795583,0
616045163495228503,0.00857485086684851,0
616106207872645681,0.36998936566293034,0
611133156075470594,0.047885478260267435,0
611470894386067928,0.008881474639327883,0
611783256714909948,0.00978990468214602,0
612093137295248455,0.814607071777295,1
612146795311921850,0.09789752189860387,0
616588223686232585,0.6741761251113148,0
616867664648376188,0.03152288656987604,0
617108139243397475,0.14588960760840286,0
617276903379514004,0.018815468079722963,0
617440782709168418,0.25752735059618437,0
617499038697675576,0.005730641511438274,0
617902706904621033,0.44845739061547457,0
617996666218494904,0.00467893341230411,0
612178257211694119,0.03556486767694415,0
612338884237506055,0.794403473245533,1
612409930265187755,0.008329785475356816,0
612872711453169565,0.4732872550296336,0
612888390919914838,0.008014672899030038,0
612991065549809752,0.17852859673452345,0
613045587854720391,0.6519130631468582,0
613098581353641369,0.013012391205320337,0
618023128301471110,0.01274058321382367,0
618136830609238321,0.20219736128786273,0
618137879433124876,0.12618006336539636,0
618155488881850494,0.005744184949017284,0
618184915139767958,0.009732143051257369,0
618282597619443456,0.017514199100533666,0
618390733290143782,0.4345185054006851,0
613115354310894996,0.055344635484172566,0
613169372456144088,0.16405325577665722,0
613199633140677112,0.06167179781830421,0
613266153587015491,0.022501622356896418,0
613295222944590211,0.03711685252559906,0
613429806262281723,0.027981805651939192,0
618451653506979162,0.28317731728576184,0
618649798688415199,0.06974646270893178,0
618694402413486023,0.8238292436956732,1
618708161953854098,0.09028368029456009,0
613605942923240266,0.04827111211620818,0
613606685400763792,0.047119464595919494,0
613606877775615112,0.08291121955693201,0
613625022147622040,0.26269158789730673,0
613649143663298138,0.2624963662070224,0
620919324221630458,0.0731404358409302,0
618731819301540593,0.4780627565278949,0
618792015114033966,0.014160543113487321,0
618832316866966127,0.8224931369007945,1
618842603796198772,0.008911396856327709,0
618914766461895015,0.7787113808978889,1
618920986406124869,0.7787113808978889,1
618927610124184285,0.7723156699844378,1
618994191723179959,0.0033245723968370953,0
621581270186251413,0.27076437836417394,0
621692324553291873,0.559711586195351,0
621880905850087827,0.20620847841098308,0
619266532102143496,0.7496222271441237,1
619354374288622502,0.08498273819841173,0
619493228177621291,0.15684358302708448,0
619523165838380933,0.002940122435776462,0
619598201001500398,0.03519288690197397,0
619628446411089597,0.008812100821728813,0
622282373326580697,0.4964543985328719,0
622289283359247413,0.3963418234733877,0
622350469075907189,0.015841454530179492,0
622602193403700800,0.10879742792743803,0
622622320675898463,0.011098210182708092,0
622642286236302171,0.01290340343389259,0
622647238390881096,0.024287313304260517,0
619670698282022453,0.23065237303750202,0
619762115206375738,0.01344960108882267,0
619968653451288600,0.7490628036964349,1
620091110736498694,0.411700115503904,0
620271930498260272,0.014294698717493889,0
622852689794634047,0.5792352372672521,0
622852964134031818,0.8105343845942475,1
622964050408357805,0.8375322030526142,1
623082106605347836,0.00543330390473541,0
623147855079008347,0.16398468327990448,0
623185525340790807,0.3673182387352449,0
623311353812146045,0.02662010954130766,0
623316905566055675,0.02159853810628804,0
620385164597679213,0.0067379004094447695,0
620428760444478344,0.8341388466094711,1
620569593739163094,0.012821507844391435,0
626327629962215199,0.024967667500005928,0
626368815819350675,0.013786670529931858,0
623514517668546155,0.5482270660318049,0
623617517141073104,0.18536343318788084,0
623657977519782139,0.005679601934070868,0
623725303372467759,0.6928804697349226,0
623812432062401934,0.8066844662239091,1
623882710917814272,0.8198917929540152,1
623911914751029129,0.02582521985490949,0
623922493793823954,0.010635161156921829,0
626742288830983894,0.013690953640036146,0
626767327976025919,0.003759394180975812,0
626813836065046331,0.028924696495281906,0
626940120481689338,0.7742627776929585,1
627028314789354917,0.004915799046823009,0
627075354277215363,0.7778230771738828,1
627371470100795624,0.4638838381569861,0
627380994474321106,0.8220952349986282,1
623930544541593281,0.01391663956145804,0
623939702676372002,0.01834852074888625,0
624197678735957167,0.02985357814402769,0
624399238774557651,0.060812155116774846,0
624463882538871329,0.2062678340645014,0
624545561138818983,0.007032709928124575,0
627430327536180331,0.4965762645969362,0
627553930119405271,0.128595442038039,0
627768301668465642,0.8022972034439735,1
627897706345600965,0.017717999827398218,0
628047543440882947,0.7923311199641679,1
628054598742623877,0.011802210710959517,0
624564459912553577,0.003657610295360423,0
624585985635107552,0.007202870266403057,0
624632015335254608,0.0068872857857506875,0
624652602355764943,0.005520038449738852,0
624668883011039248,0.00614835004874017,0
624678118491722763,0.005053385663128415,0
624687753142583669,0.005580226475853344,0
624694699394680598,0.005341903583173248,0
624695997934785475,0.01793666811540196,0
628138206727405883,0.15086210490444416,0
628375857871186931,0.013376112508819272,0
629036001404946530,0.3458936936808727,0
629040494057779296,0.02972885870164973,0
624804271494857253,0.3607007388396012,0
625101948280782536,0.8217723686828908,1
625120941568839885,0.7801846886550332,1
625130804427996264,0.026250433048786805,0
625137784525256492,0.05549368890592493,0
625206952539862808,0.24861355789100764,0
629196150330969487,0.029331011359149808,0
625395041557538907,0.04288314024989979,0
625470772596139920,0.0076450087514626066,0
625519191136597349,0.007643513960824466,0
625559308859723672,0.06329677456420557,0
625575155202250468,0.07067085664159048,0
625575587655149391,0.02884655863088152,0
625607057280802438,0.16695361328634306,0
625792034614526869,0.5430804609312407,0
625794540207537013,0.6493107543186315,0
629538724569464300,0.8413384781516179,1
625945305310477544,0.5859173332595597,0
625949325513875956,0.8283307047712511,1
630127601876610614,0.7468003985163839,0
630337719111556566,0.02067336179085282,0
630424920231712059,0.12745185332018336,0
630472403620874715,0.8047896144421981,1
630494641216712852,0.037187477868829366,0
630501828250730546,0.030349740303967393,0
630539037367901963,0.005515190695584295,0
630550882860410542,0.1404690321835309,0
630606368063091272,0.004945930111671388,0
630782288962640020,0.07941311443981014,0
630863953200294159,0.817359810416526,1
629608042637648455,0.20077395326085115,0
629663355074558569,0.09607368548003875,0
629728707925098234,0.054687271885830946,0
629738067148149172,0.40473777822169194,0
629756523411576203,0.08211063903748184,0
629785812320853020,0.0312942133735824,0
630866621074508493,0.019075693337586793,0
630962489899690048,0.19730489089789638,0
630988343816913041,0.12532817886880707,0
631097874868219629,0.028985363233696288,0
631297971412473276,0.01894038249077351,0
631700434097171960,0.2890911611860399,0
631719694603808069,0.030021273684820556,0
631782880451117310,0.08483604217464213,0
629802358927619607,0.21729556435666542,0
629828621166494625,0.1819138580505754,0
629937865335706536,0.029409329709808075,0
636384130950359856,0.803775990529522,1
636748829958680554,0.07055108991941954,0
636801605735543805,0.0339652463762158,0
636944681866019204,0.0480059002981506,0
631823229287186669,0.004666286709797195,0
631838483322074518,0.12465237108364632,0
631869038931868233,0.16104092454045105,0
631893185455656817,0.15580327141715491,0
631940481660435023,0.4725745205715873,0
632551534039863241,0.157949584743046,0
632586631810442130,0.13880547359131065,0
632608899902231779,0.011361618872756558,0
636974759066296574,0.05502278541148443,0
637041914856524482,0.0606103416769016,0
632632066789092268,0.7705123653844068,1
632694124102986233,0.05054057900885161,0
632726981512238069,0.19879162801941727,0
633113362893109950,0.5243756599666294,0
633318450007507030,0.8463266684754703,1
633321495378275269,0.02958460723541702,0
637524390360273018,0.02430211526140878,0
637634357376846351,0.2520514836348203,0
637834430758310495,0.03464809348336862,0
638044371366059533,0.07480884922392188,0
638186208000099445,0.5867922808939773,0
633741921038906371,0.52783701847029,0
633930221689532784,0.2418453384951052,0
633956160953215663,0.8213537094976116,1
633968806284955396,0.1228795068983072,0
633986809547076584,0.007360528042052582,0
634033315397058152,0.008176494872023569,0
638274411802977958,0.8094767599063211,1
638375695955118228,0.04657886917384517,0
638404496657149559,0.039093655747677744,0
638405806968345946,0.06789859927592873,0
634035217889553523,0.7812028238945549,1
634221576598890867,0.48376553762354474,0
634543701516019054,0.7498489485619928,1
634696594171846190,0.48497281396719477,0
634697357178727807,0.406949673946278,0
634737185619080084,0.27845737172742857,0
634743259855202791,0.04701666423588568,0
638411614489556367,0.041159677857488565,0
638451573988709495,0.205662245850418,0
638452467910880184,0.2569224947752179,0
638454791738509873,0.013407901734817769,0
638593187408318846,0.027826861114005123,0
638943669371529428,0.024053296860886104,0
634996589413630576,0.2587275484246584,0
635125760914245990,0.04598340445185727,0
635349981223517857,0.006870418901725187,0
635383523425875590,0.12681878011505848,0
635420521327405738,0.43265596431344394,0
638952269160723825,0.05493787641415951,0
638965000463155963,0.015519385001202951,0
638990296543110131,0.015588304200148607,0
639259145023364485,0.011593597233985542,0
639317233046143765,0.09986719358085394,0
639375848801087010,0.2246570329810322,0
639540429317887373,0.09299351942815104,0
639549197073947929,0.8099018671720095,1
639664591087069915,0.8199337857833947,1
639694558611399338,0.014456019846178838,0
639705836870039306,0.003162909135932793,0
639772463912396637,0.39123982055367335,0
635446393352142475,0.06725551541566005,0
635454293983433941,0.01678482898046437,0
635474429874721360,0.02407640634569355,0
635484369090867609,0.005336696451564422,0
635574615894942412,0.02531043142535909,0
635617204486061688,0.013237192092499855,0
635840098829073925,0.3590911660627581,0
636051632523341934,0.7533376886246865,1
636167593975534277,0.09065178050489205,0
636216578068395468,0.07451694770778756,0
639920141110609277,0.04062731651145384,0
639943977146307117,0.02265312328504159,0
639986041202943450,0.05081379415096348,0
639987961838040881,0.04840018998631809,0
636259194924261523,0.24496755469170542,0
636274456676328779,0.8227940426541624,1
641928038476344706,0.022384020434162377,0
641930068984421251,0.13912751000107093,0
641966849143161975,0.02511949242634955,0
642114689727881014,0.027433299156028452,0
642193534164032936,0.05519555052303922,0
642204005625892887,0.02293214334758586,0
640159275260186822,0.05685032513627369,0
640366504429539829,0.06114645175823123,0
640508290069155758,0.33820096909113584,0
642617234993807538,0.015356687884096646,0
642755693102173459,0.1396918940674803,0
642778580946457478,0.008411408305272603,0
640546114975692688,0.8230512335950628,1
640550903674715854,0.01733793732803934,0
640553844980086309,0.7720117579935638,1
640612171111039003,0.038639136022711275,0
640698584228535894,0.13032105929476281,0
640717537442605608,0.014841320821523892,0
640801236656094345,0.00758052388698942,0
642948543237637972,0.015612622935775259,0
643033322160599166,0.7622593925413224,1
643036839521359188,0.007302088681921362,0
643292338531013503,0.746739918288189,0
643309952273240997,0.5639644139510135,0
643319222792682565,0.06646767969742012,0
643399667682678297,0.03962891905580156,0
643406530097775941,0.09549202645052397,0
641072234133563797,0.7526199988240337,1
641128802903031792,0.08729052133375748,0
641209854002197271,0.012297271733431163,0
643468329339124241,0.04739859644799489,0
643471736626808139,0.11255376508245984,0
643473669546971313,0.00405655534425588,0
643478753128785623,0.2005192343483257,0
643479175182355349,0.22637044992149544,0
643665371748314089,0.48651972315189973,0
641355980552957352,0.01753239023870038,0
641407498918275357,0.007242142903772536,0
641443656520012132,0.29128701118331257,0
641503239935717251,0.01322254670577544,0
641753911937668445,0.2994180369881456,0
643751687258267958,0.01652057684939657,0
643878224920282752,0.8207694630405565,1
643975067258502855,0.12813571441580693,0
644053798396895113,0.21554631940658353,0
644111410061518547,0.2635370526734018,0
644156882646200864,0.036942218460375285,0
644176324966821813,0.404752681396857,0
644202319559232710,0.08054362388981466,0
641863227870851745,0.0194266748588554,0
648339852314068317,0.8011353948433942,1
648364867651197829,0.39225238018329567,0
648415349853084453,0.8132703036185233,1
644311938371273827,0.24272402880726554,0
644371190094658863,0.4486713664115577,0
644391116758129571,0.13657118255108697,0
644592832830560792,0.2599098920956891,0
644608008451518771,0.7509349389220282,1
644755921284741861,0.014582639242602145,0
644818373615039359,0.03702072639065485,0
644828159829814355,0.0091712850477817,0
648501530742752063,0.071087747229762,0
648543338159103074,0.8141928837793673,1
648552533965336949,0.7452044079977769,0
648587804094088553,0.24706560477816092,0
648592683552031495,0.003754809073685785,0
648612556966047511,0.06581349221353347,0
644845156231451666,0.19581892247032498,0
644940552640814865,0.2593267449254958,0
644996126447510028,0.018633215199328847,0
645056913089000891,0.00461495287422317,0
645315165254782741,0.6790375824285699,0
645446410837726780,0.05823813522268533,0
645589858646705763,0.006777118450375821,0
645615045587314926,0.020270134369201886,0
648686501635596386,0.040231881509699564,0
648732550651285115,0.014896436422334925,0
648733914773975406,0.007061409786223483,0
648775559661516156,0.012263111295164749,0
648857359350164301,0.010653602429945902,0
645666659875635272,0.07132544375079689,0
646115947890871926,0.8102197600178966,1
646116286313431627,0.7514093205278809,1
646234869189160847,0.073416071377552,0
646325822391260382,0.05715454862792612,0
646371982877063378,0.07260475022697903,0
646397294912944159,0.2036854546963285,0
646422444789464175,0.7688535147715743,1
649110754016519016,0.006148333069466784,0
649171234457483387,0.05016867647514482,0
649174647761073124,0.2634132513209735,0
649185211357475650,0.6676226683945945,0
649196902646021083,0.25726405420326703,0
649207925115972536,0.7989431565448475,1
649243480456322528,0.021699338605963757,0
649267754730612723,0.013293585108853596,0
649312397859851284,0.03906182837575485,0
647125962319558621,0.47625929972904274,0
647142881824370304,0.10605752463212187,0
647221355173490472,0.009963930880366633,0
647623852337935394,0.009547647297296949,0
647670913385420699,0.009626277931903477,0
647705805867409740,0.11356368606566068,0
647713196690082967,0.01117456882595794,0
647827764669965037,0.006367422052372293,0
647995381932475686,0.026187651527221006,0
649314401060114870,0.09459144984591739,0
649344196401364433,0.00863682852426771,0
649361804801721027,0.26827863720683914,0
649396817211747108,0.8212210611444885,1
649409919100947625,0.8172060802590286,1
649423203553367743,0.44706015350600903,0
648002347981302350,0.030137505161503868,0
648033676238017128,0.0746854199969256,0
648077091113308243,0.29467666729633923,0
652279676468280165,0.017374078247000227,0
652728420275457154,0.3824691037469692,0
652933534451877293,0.4491922860376916,0
652937345632974037,0.253878446143723,0
652943524305648321,0.013810134997863734,0
649470584792583345,0.23977000471773213,0
649493072234819209,0.006489771212617454,0
649522948140887617,0.026273640590652625,0
649814577876399920,0.24316311845154934,0
649819721923399503,0.09815154000298591,0
649907962236132573,0.7916233340891052,1
649930539132835017,0.01712921738735794,0
649935588690630611,0.04037225739687324,0
653015092633711688,0.27257128253012747,0
653033565392375865,0.8679877101890217,1
653115959913997889,0.014766244800097729,0
653121626548977499,0.04531143748105389,0
653258474247952642,0.006337195841426425,0
653261449256633043,0.26769240197217287,0
653269535028155930,0.018689852429381763,0
653295261335760706,0.8190352845103456,1
649952179707636731,0.011042662015563186,0
649958810437390374,0.005577474639379014,0
649965690762945524,0.10600381451559884,0
649968161200990873,0.03136542937912819,0
649968169559996381,0.058831708449812406,0
650038079521479637,0.13482923281149692,0
650091090835962950,0.8039710144965395,1
650118088095149287,0.8138348578665543,1
650138361418935954,0.43425577612888905,0
653436475529853186,0.010047617738256524,0
653462989981755151,0.024082825433637555,0
653507297797336134,0.7665980736474384,1
653532439555519636,0.8286750708418024,1
653538289455674361,0.5667503092465894,0
653607125944399593,0.06653128906806476,0
650156553358311474,0.11941981915241594,0
650481967750264191,0.11089638880937112,0
650494137473244378,0.029550264727229297,0
650657373008534596,0.12046494228095034,0
650682583711603866,0.027981497103374383,0
650956611349081780,0.21554631940658353,0
653714732160288528,0.009346761208659324,0
653909555821012638,0.04711388128142151,0
653910638122366801,0.45042169414600547,0
654030106559187690,0.7487365158869884,1
654073673847797610,0.8042765196890511,1
654206843986971609,0.11065519874763406,0
651141070866801705,0.7476749231650288,1
651315208890296394,0.01107815570331268,0
651338556174245862,0.333262235552172,0
651379369974834329,0.07214315924662384,0
654213698930297417,0.4649981581266399,0
654236650153476579,0.13331889506637845,0
654272694167633113,0.3081109249868873,0
654274540781636364,0.41017787492086655,0
654361482306091105,0.008507851176364335,0
654369142722453169,0.025070182810719786,0
654374746298580477,0.0075202279770690645,0
651383983309519498,0.028253085605361643,0
651405001634350671,0.18278658802192738,0
651449714253705996,0.017996154343967483,0
651495086718522145,0.15137193272859192,0
651497507012443462,0.006177048652859418,0
651564440114113277,0.022507612197829745,0
654402388376149877,0.4418252276821764,0
654403670398653419,0.0187937662748684,0
654412686701270062,0.0148604229613269,0
654499264267120637,0.05563190850229708,0
654528694889785621,0.8131884347529775,1
654544771425247916,0.3594429480210984,0
654546940803014161,0.8114568005581745,1
651593916026998398,0.7905450758470371,1
651615646478624151,0.8170594428609823,1
651629086666838151,0.03225595372169538,0
651640728974046766,0.8166389703590298,1
652148994573037396,0.2302673448197752,0
656571870851532866,0.20807501278598417,0
654558158981000200,0.18969330454394218,0
654625640417543306,0.020091381405727818,0
654949802542096801,0.004726121642906664,0
654949914481322300,0.01858219120799893,0
655057865614543377,0.575004409958015,0
655061924755781969,0.01168484360421945,0
655084915447823076,0.11514333535155671,0
655133439562431150,0.09748361183394627,0
656572443194920483,0.028209184152883333,0
656786592772732637,0.41994036254359207,0
657007491901880680,0.00754331122500768,0
657114792493776062,0.0534228019319312,0
657125083842330352,0.12169767879646974,0
657161625137901422,0.844935091859337,1
655144931255799849,0.02838764231317448,0
655155221993894189,0.49052541438040753,0
655205438300291534,0.7595200160434684,1
655238160094915460,0.10204063027740998,0
655241486161179082,0.037600374771269145,0
655339007497638499,0.004251010781957218,0
655565090602020122,0.8126768520509572,1
657441930493975647,0.13699732675810658,0
657450415752189395,0.5533291728631226,0
657831597044910300,0.18651451716378084,0
657836649849238363,0.013323288367040914,0
657945772316259432,0.007520480986045625,0
657962221012628823,0.02707213474660993,0
655606853429815213,0.7767315433672582,1
655655590735199413,0.26482849959672083,0
655733624096905947,0.009369036429094814,0
655757649786694921,0.1383357366710712,0
656048217942976411,0.17703521545192114,0
656061093200134683,0.043444061959388006,0
658146128582019458,0.48246470689147775,0
658476893753152665,0.6170660965253381,0
658545811833091501,0.013781877252154741,0
658567847166417444,0.042317101751436395,0
658652034156317401,0.8241589733009546,1
658658419167402439,0.10574245488188563,0
656289993889198021,0.7508869643881824,1
656292512767358715,0.7472073918248385,0
656388033574218797,0.03340586766859113,0
656394974994716619,0.005995174405382603,0
656418876163642889,0.021049907070322168,0
656439552095891153,0.1589979197809825,0
661082174673264411,0.08481699317627175,0
661124761175705523,0.232870422493421,0
658680445829252719,0.2970601727546063,0
658698666358924862,0.029013861013052703,0
658760978030704860,0.010103142713509051,0
658772827164292906,0.006404145508438187,0
658778407325963223,0.011390483130006856,0
658797762075613569,0.016227064981460718,0
658848031386457087,0.009339897852025063,0
658852188801289401,0.005877541661069086,0
661147139425587430,0.0019649538197053897,0
661339537924162287,0.23536211299973214,0
661414349506912943,0.023619914635166734,0
661507166274157667,0.008402779769542162,0
661552460178932280,0.36740205803029824,0
661571589480416747,0.441304771035894,0
661582521798525657,0.35632928222981547,0
658872910949576878,0.009950029981223291,0
659139831841951546,0.7245679572748844,0
659260971295206222,0.016191388292746016,0
661630205577243354,0.05434492975404081,0
661706684975350438,0.01539499318895821,0
661713782277628102,0.012946027420878081,0
661730417858478185,0.04705390960393068,0
661781799902754847,0.02371626862692987,0
661815525849464198,0.08944582965398318,0
659310625338344733,0.07234740735852732,0
659318499793428434,0.020974324712387228,0
659329592070542766,0.5760411338815017,0
659420459502596346,0.04785039373807902,0
659422624325644314,0.23989380642822614,0
659483103190871635,0.12036800879256747,0
659506943405862911,0.2797701783441129,0
659524468137662241,0.007006317450241745,0
659528166968284441,0.018511573448448348,0
659604683113528369,0.2188770856940485,0
659631472910843766,0.006252819331565003,0
662194644295415176,0.07852931061785932,0
662225821326078046,0.006483148771278444,0
662322989507205700,0.014263487223562304,0
662324653098427815,0.04501150053215419,0
662468221101298052,0.004327422613448175,0
662475127673634015,0.3443119697432629,0
662719849289901468,0.811607978278099,1
659830629004758023,0.5291606355594765,0
659898991484098598,0.7530542770604256,1
659997673906063358,0.7426851654105953,0
660042195395876548,0.05032749525521796,0
660052120631955356,0.7991427172979859,1
660056513559633413,0.12668224380958606,0
662885171324701891,0.018784571766005183,0
662908139346389329,0.3303176190341098,0
662918883547539852,0.024878188335456367,0
663587487608376694,0.10861310737865962,0
663619511043068535,0.008881017432046842,0
663621928284719005,0.7641594758453654,1
660082095537116529,0.00590809868177178,0
660123838015150805,0.19494512819812204,0
660143703289707879,0.11615064111015752,0
660204875025359364,0.04530343056038877,0
660299931863349952,0.13783926181759387,0
660299946944611779,0.02136539775547619,0
660310667265628435,0.05286357623327152,0
663649634317192434,0.44139573633908624,0
663697610236716834,0.14176416148919174,0
663718440837696429,0.039137735464279386,0
663746111895282403,0.03416420555375858,0
663774622861765379,0.018919362853003358,0
663812250075043786,0.02141180990367531,0
663833807049084185,0.840604879709363,1
663833979768493524,0.01567100313049633,0
660449497312289132,0.012656055436468326,0
660464226861212827,0.7252200046190757,0
660621871798289009,0.03952336846308117,0
660784156196154183,0.6060420196362902,0
660878177372429228,0.22458623702308042,0
660925723513795835,0.802478109187872,1
664069026786529219,0.051835494095288176,0
664131650504538216,0.7525449017669674,1
664357173915207634,0.1124936737592183,0
664375845830898773,0.48096929476146355,0
664390826805768659,0.3974106803970774,0
664397229263148421,0.20336758940416008,0
664497748383780160,0.07649633640997633,0
664572843276859586,0.1402415755611968,0
664579373936408809,0.15326586003413503,0
661051689303484701,0.09389658366960041,0
661072300808739106,0.08932342035962357,0
665824099468566235,0.016518705416545636,0
665857667645966460,0.011379932997022404,0
665881240261196973,0.007503996581524021,0
665957060402579185,0.012627528978511104,0
666022943667475224,0.009267369122115886,0
664613694451249773,0.23871086430094654,0
664633132220977386,0.012494161332065826,0
664786138147954127,0.44174898348767005,0
664858198125567144,0.3987383972598864,0
665096684159385562,0.029332129835900285,0
666473632976054468,0.4685281438228333,0
666546073287471564,0.019873352195432487,0
666647240323900209,0.1547981293650854,0
665138527790480004,0.03592081128714166,0
665150246288188466,0.5409510794849425,0
665216186202601911,0.4977034230953012,0
665261673918293920,0.17759084335908742,0
665312789712426381,0.1618277171026353,0
666687689202133264,0.10654863330257414,0
666705065274020115,0.12554706254673045,0
666710213882459211,0.3992094972737187,0
666720978502253554,0.09396505148220623,0
666928089924200608,0.8160541433269982,1
667070287508491340,0.34527464221719417,0
665409290103351494,0.0645252535301764,0
665477316287882287,0.24049803395404692,0
665646655834815561,0.7456855732854148,0
665821541040767116,0.026852599961804776,0
670433084394073293,0.010378470726728067,0
670508782333755778,0.036534014034224606,0
667193462423431721,0.07901873720918118,0
667260564999109254,0.011731992688710365,0
667322847280708223,0.11992344981293956,0
667379768469874498,0.027996599550015048,0
667532032936314042,0.007186430070995335,0
667539668193564442,0.008014053513996372,0
670528666075637080,0.009949518435874927,0
670578061835591281,0.025120064218548767,0
670760245146901007,0.5326969914525006,0
670869996943190290,0.3771798622763205,0
670870838934272298,0.038571858538883584,0
671053676457324655,0.008364409010673661,0
671123801706291795,0.03544346725654255,0
671188401549574869,0.021676856179707518,0
667681707929418857,0.8311048754279813,1
668015611171512819,0.8282850626943866,1
668072542591926094,0.03950720065558181,0
671197809028227677,0.008350942045445777,0
671525381875536248,0.8085884280306307,1
671595380930437038,0.3217176344690826,0
671658213452240171,0.015941319012333626,0
671717284247808828,0.47568275258226006,0
671719926157001801,0.09698728778534722,0
671732447545454504,0.8112963715431613,1
671745578734344543,0.039615013522956384,0
671757203904977852,0.5090106622635545,0
668101492405958388,0.005458497601323123,0
668184500955261231,0.03639254412284365,0
668246733213442620,0.030673071900294162,0
668265663179820153,0.014803029807590563,0
668291169950403708,0.32136497378382617,0
668306085348412545,0.03246110906892763,0
671831802785282113,0.04730688918728665,0
671852433528637182,0.15639188596011713,0
671897840167942514,0.4177896692280194,0
671900378304577311,0.04191985053086184,0
671904924954937418,0.47659208746479187,0
672289464526690179,0.8156058555998416,1
672291117149229775,0.02322354742440578,0
672459717259106879,0.03072355615549202,0
668782753074319290,0.007179102365872953,0
668784032759232580,0.13823485631610744,0
668867522409494045,0.12316934195659131,0
668902093131935246,0.2836436279548379,0
672486378317990261,0.007248163527851398,0
672500835605671640,0.5750537717817465,0
672522014124319806,0.345304019945242,0
672527145784967504,0.2316824006259081,0
672533137578321458,0.1892217808618352,0
672584509447841012,0.7586544962769743,1
672679520595641012,0.08297272828264354,0
668902255426418000,0.09301550107357966,0
668951926791048948,0.5066744407290755,0
669064816219867515,0.023518960448571803,0
669124977887839244,0.08455079322439613,0
669305594749936462,0.007808904913336611,0
669389148056543438,0.7224928978639645,0
669434958503706800,0.17498201229317326,0
669488239177845173,0.2975639143144087,0
673038589832674138,0.007590948274477279,0
673065585750527297,0.0569685732421258,0
673102765757221060,0.45984220409342336,0
673171576876246023,0.03587315676165193,0
673213798306719028,0.13492970486590575,0
673259519238099266,0.22273226134021978,0
673302194338130414,0.00480306715577803,0
673339628005219034,0.00869185209170338,0
673371494715317188,0.006515927898206567,0
673400435299130792,0.8451184572120318,1
669491267862682923,0.5351327341919204,0
669514968467200932,0.5475056732284245,0
669517161697427565,0.8169127297116607,1
669540391418426932,0.02651647671875586,0
669720939119467877,0.32141574058866756,0
669881612090048281,0.34727070848691577,0
673763196022491865,0.5289562869837494,0
673765667567431243,0.7476086052048395,1
673784924326195986,0.021909946287101554,0
673803763328291112,0.8294148399936141,1
673811142418548144,0.8141928837793673,1
673811223486765639,0.562950391317078,0
669975220433811036,0.5891014104197968,0
670113209169345300,0.47227804520032846,0
670239788354887215,0.004538834222058816,0
670258225097904745,0.47862910850333124,0
673811265484009501,0.8141928837793673,1
673811286668342935,0.02529199295623314,0
673832429183322395,0.36174271983867556,0
673832833253700135,0.4833048277204545,0
673853471795094745,0.04435162774315239,0
673865940435507299,0.269485480961725,0
673874846826602871,0.2851557918207979,0
670291854273683571,0.007009609705274273,0
670294489555303282,0.013143326860348964,0
670312905458118822,0.4139098207289584,0
670329573323739442,0.007027526660649432,0
670343762862892910,0.524425103272341,0
670347356576318038,0.5172289508668549,0
670375952726446648,0.16567599500689575,0
670381152919644805,0.3982900203942545,0
670401205229303119,0.3361982977608035,0
675147298695151692,0.7597429383123019,1
673891949409493355,0.04963148042958702,0
673945070295033994,0.5292243555135454,0
674000890781448536,0.18754337006364566,0
674009411610783803,0.13175258810925888,0
674040603017953502,0.15806135106585031,0
674043655320352871,0.09647522764316675,0
674077986881033952,0.016452063914249724,0
675213534287960672,0.07372567786629111,0
675401800609066085,0.8586089164193329,1
675489669821327713,0.10552229419239596,0
675637354003240171,0.02162346467141572,0
675765317337436091,0.8014221239116974,1
674130162281885492,0.013067357780080814,0
674132554446836653,0.013324577626719795,0
674455812801155210,0.8058431520077866,1
674524605711151888,0.2337091058406403,0
675894671648952785,0.7466709853381093,0
675939523002388461,0.01567871952695302,0
675959117355164668,0.7693676111401799,1
676078765992325073,0.3430202273763956,0
676206857756954751,0.030094251804701273,0
676285832291308459,0.7645767342023501,1
676689406802185089,0.10523244239486884,0
676691150991486082,0.8003406690889158,1
680586350161738984,0.04131012255961236,0
680609560461132351,0.8147749302938698,1
681025139336985246,0.045649268351838204,0
681095875381595879,0.18695805271190827,0
676705749178508791,0.005598186822299679,0
676731522676199403,0.011209172377517508,0
676737279656757218,0.17456790775606512,0
676778209945329666,0.05232942582353675,0
676802005388260537,0.014830319717655574,0
676955867231155817,0.1233725030220319,0
677064038629345796,0.08341260003688218,0
677408866265433530,0.003077916093639779,0
677481616825247069,0.10294905905053744,0
681164404044413348,0.12060348018861552,0
681210158470081528,0.06542280345959592,0
681296327139376370,0.2276519652953618,0
681340518773187020,0.12141679182974327,0
681366942258397260,0.08953161479750393,0
681380028722476177,0.009591600318428296,0
681730243323738679,0.08650283831223096,0
677490985343470741,0.4683736863635557,0
677666479277771695,0.009703996505564017,0
678035888016921335,0.028882808857722136,0
678213347614482633,0.004274455548101545,0
678216792904885634,0.07472256448302549,0
678299990425384008,0.0861883539594887,0
678307673647236628,0.022711703725609576,0
682011038406152082,0.28178843470047005,0
682535527513924139,0.18473069294773592,0
682569640765881074,0.48590414826844114,0
682641202868881015,0.0711201653289895,0
682739715009522200,0.020573047888044114,0
678314451867012753,0.39416601833429027,0
678320552070670465,0.019973076452269697,0
678331335413405358,0.03459716886197384,0
678437875562130185,0.8117915379471384,1
678788359112415515,0.8186066626294245,1
678794291818450722,0.027352828673498735,0
683343792774114481,0.04226621036353779,0
683349159262420204,0.34659659552924044,0
683368120186220988,0.039744124798882875,0
683521188198131996,0.23316026438668294,0
683570889203258754,0.023055206100913828,0
683756499047497194,0.8177544885355947,1
683832772356785161,0.007753928073439064,0
683855848444214769,0.46694277105603943,0
683856808253507761,0.09759789354240023,0
678851274729740778,0.48186388671545305,0
678853457233224820,0.0041842483430677225,0
678901120783302718,0.2051070422756324,0
678919180976813127,0.7534081005242698,1
683917359584827882,0.8290400386719192,1
683923214708755832,0.10667875070084788,0
683927980325010111,0.1261447093854128,0
683996557814541468,0.04926923097260293,0
684027204035432582,0.5402124648905626,0
684027785145158405,0.8040637719123126,1
684028740341376190,0.826979352610207,1
684031633306598910,0.7757324674007775,1
684032725886785671,0.8064815169839139,1
678955228217767382,0.828494249252193,1
678987385312381897,0.044565283978786806,0
678999969960914914,0.0444671923021388,0
679083434084759443,0.026425009107143706,0
679119267864920124,0.06649703341403138,0
679175170766060904,0.04512685914522387,0
684035098294762946,0.8014460208135685,1
684036907320690818,0.8261395729362728,1
684039950274738818,0.5132641982523332,0
684167152890227720,0.027171036821150518,0
684207350034153354,0.33953709529362325,0
684333733159579768,0.04850129229093254,0
684335173772455036,0.02990978146958156,0
679228031240209812,0.797072725480535,1
679521094740973792,0.8139777958815987,1
679558822608911685,0.5305410655297335,0
679604722787295688,0.029507213126376452,0
679610066679499298,0.361428519830196,0
679639039552683894,0.25726388465537714,0
684380893411439779,0.07721499002626736,0
684622412185439593,0.011791758618602046,0
684634229190021754,0.012960280522330503,0
684636604364196606,0.011173704153927695,0
684685929473485562,0.19195505728254184,0
684753116716834893,0.39559619365084475,0
679789376101116375,0.05084994841663923,0
679793888125076039,0.032714927027349384,0
679810163377737065,0.045340451570040276,0
679857043553287443,0.3734238846927167,0
680330991490808518,0.3663739019069166,0
680360485707632968,0.01582484827741802,0
680442514253235419,0.7051130928877116,0
684777616434180638,0.17171258745151535,0
684788720978219067,0.8464584057859518,1
684815654246207718,0.8464584057859518,1
684818345183889619,0.09576834151378721,0
684845666675241305,0.24337015326334405,0
684918328617783376,0.12598598876156672,0
684960054251261950,0.03321196260249335,0
685107881527039066,0.7520869532255146,1
680442938388437436,0.0197935109561397,0
680477646462919105,0.0779237363701424,0
680484863680480626,0.027228469717801802,0
680506283244593374,0.2831178087029467,0
680511312420873338,0.03499562983713388,0
680527395305587176,0.20651463595399117,0
680550539811300085,0.03173596872755474,0
680557505870104482,0.15245761128541754,0
680563059050396133,0.004142170515569921,0
691676460109271194,0.0009889950832456878,0
685298938967654965,0.7649184312789735,1
685395980170030260,0.7889177349982699,1
685457110179966644,0.049739365466068594,0
685588304301383800,0.3814129779825494,0
685589618896835952,0.29687900641194664,0
685623166091060477,0.007130920786228882,0
685653861894881891,0.2562471530400444,0
685660866794659166,0.08782985125812208,0
685666561879713046,0.01592304997633477,0
685676699427435848,0.06294066842619166,0
685706917487823608,0.012241219209448418,0
691767025683358245,0.8145710295651063,1
691811914823074708,0.62926479315002,0
691865820282757967,0.7303779108709701,0
691905182126336286,0.730256846175613,0
691916839536951122,0.7542535794959256,1
691948132177132137,0.0886901302445334,0
691963044801266991,0.06138426973022597,0
685726194938497987,0.18267069156243285,0
686081419344249200,0.026225535972265044,0
686088987656857863,0.46124936884440476,0
686165744322965219,0.10604844972981331,0
686167351012894994,0.10064480793687519,0
686224538952004466,0.016080781638227595,0
686325667143369470,0.04002203132228375,0
686417098893252591,0.06157569051088123,0
692075948348759261,0.011508413802208784,0
692185719708852412,0.731156796129584,0
692200007832969582,0.5575000836573649,0
692209542398255195,0.7300132569547203,0
692217645174890864,0.006450657479604264,0
692260377076190143,0.6707340770464317,0
692317179893108423,0.7303779108709701,0
692338753651630498,0.7565632034504669,1
692345486097351709,0.4839671154164582,0
686609873236312483,0.04322553910023292,0
686913481730758774,0.01829982694684442,0
686930287262338779,0.4883067072381399,0
686931494585581268,0.3702823915024162,0
686946682932820685,0.13486635178320203,0
686948308860858742,0.32221661378355826,0
686956328127294822,0.21189798113914102,0
687143636484310713,0.8098360212469989,1
692378138313449984,0.4271283257147981,0
692387294521905195,0.72635803313368,0
692387706860229243,0.36821864270935517,0
692387808563178909,0.7300132569547203,0
692548287121051581,0.8050008132161194,1
692641654304732985,0.022819109891007733,0
692661894540894730,0.6915127914341486,0
692677118136223825,0.8170636707687278,1
692700316570921760,0.03802435218968018,0
687351522421269786,0.016372607578366286,0
687561322939099711,0.008105286450243932,0
687654908406137989,0.03275294649722615,0
687698474968214276,0.04696828380383819,0
688264015220459409,0.09282955317205036,0
692726447958336704,0.024590009307998702,0
692742708366170176,0.027295596955218857,0
692759176797642090,0.027888431423467617,0
692810208844929987,0.011319439678030289,0
693291705293690136,0.4241027552353963,0
693451056866395915,0.010204831536403959,0
693567361025762253,0.008852272390234959,0
693619339991699741,0.3355133177815159,0
688347307752642589,0.06012547110745609,0
688439859259240086,0.10854389173342845,0
688475381592613781,0.008466408937859129,0
688696272821787483,0.01797257934191076,0
693681944305880340,0.027294254383761447,0
693682129068012891,0.019787688458220785,0
694024141571245527,0.06339339844472335,0
694085224169979111,0.009077514653769244,0
694207890420253457,0.5377054590862479,0
694208483636229401,0.32383235425473195,0
688995040218369146,0.09205295768484172,0
689043579053364669,0.007380863831638838,0
689090528824596886,0.8063562085888153,1
689097846834777912,0.0253877020204473,0
689168899782649267,0.026161474977134877,0
689200500518970386,0.022091581653466485,0
689295463908141843,0.01871492415639086,0
694230957774889184,0.2735197315402393,0
694261490272490565,0.4556037272927735,0
694277163270989131,0.15717541205342675,0
694318713496053538,0.026405862101800095,0
694360133651367257,0.024023818921304178,0
689759067944171480,0.7117812919222396,0
689890425467758374,0.011817694778496628,0
689892790771456013,0.010940818083806836,0
689915773903422973,0.010279398909087899,0
694387559588416753,0.018634484056943915,0
694405510672672330,0.024692399190445656,0
694709585427847036,0.40561681430095486,0
694730806676379784,0.753686670739043,1
694769596180562086,0.7904531621083449,1
690028967517364430,0.03452307005034095,0
690037658614567343,0.006348717097370714,0
690070364410526409,0.004466921413594668,0
690456760581628693,0.16189303520480577,0
690552616328239393,0.7997814856709109,1
690570268758754857,0.8064224142385439,1
694859987865921785,0.03894863306038255,0
694897398595994504,0.04224344083209458,0
694902191509735869,0.03056410303173814,0
694928981372858824,0.31137851228267976,0
694930103507598445,0.07827025970903974,0
694958372781022948,0.5454798652471233,0
695060989831158809,0.006517923022622232,0
695135968242041566,0.015472212599208428,0
690604203036653622,0.4309448605579745,0
690787676906691363,0.018835183817662787,0
690789292617238611,0.015470010862675009,0
690814821959585555,0.07325636787017137,0
691109892839269230,0.2289719357305397,0
691161893025139013,0.8231814529068846,1
691169735744906187,0.08382473759173942,0
691255376289428094,0.16156073058204584,0
691255512367890158,0.2736922509541026,0
695164590515840055,0.5364134992491378,0
695343343573591644,0.06920232219096545,0
695488688975869568,0.02961480666944915,0
695539871397026127,0.3039687885096251,0
691270986280465661,0.008862197651218477,0
691287196886058167,0.5714354899125991,0
691362988978008446,0.8258964089259725,1
691414042580306814,0.0765554624830106,0
691523395653351965,0.37997969216500144,0
691569646575996680,0.7822031243684532,1
695575113098792324,0.8027689565254741,1
695587837737576376,0.7908447710953637,1
695543239340187444,0.40811718334918407,0
695544287663396890,0.40811718334918407,0
700146181833846394,0.6046856461740407,0
700246592261412587,0.8458097194606302,1
700568844878553081,0.10486698604690964,0
700586064334508163,0.08629377801732412,0
700629595665616550,0.2803404273530678,0
695645035940802712,0.11062657455036035,0
695712819581552031,0.025499945333252245,0
695742749164895552,0.027458306062135344,0
695755456324715761,0.00988482068570862,0
695757611557146564,0.02452127294626718,0
695817663464762787,0.03927626813285223,0
695842144607730490,0.13592916667751678,0
700656334389279385,0.05422099708122825,0
700702850623136200,0.017776118623576108,0
700777447801988252,0.6467788454935058,0
700819811164895055,0.037990177376137774,0
700850368069608837,0.03913654614826213,0
700855290806384555,0.029852861210276308,0
700871408306613219,0.289875054766096,0
695923766308374088,0.008173789314876627,0
695993097350720956,0.3371921112518504,0
696203267090675587,0.05389289534050222,0
696408170720458028,0.024258787861104438,0
696453300870035307,0.023449474899994854,0
696558738505882577,0.004752711711996969,0
700888293266225258,0.0016177677450139047,0
700962934143319603,0.00874143288332734,0
701279449329328106,0.005959691044070775,0
701321715853254012,0.7466634218755529,0
701327529930434947,0.3891355488741208,0
701343273401697008,0.24441536616100779,0
696614683123032785,0.0038931706347846732,0
696616459846609727,0.0076329807289256,0
696811607506823150,0.2567184747157819,0
696895555330850606,0.8099657102423607,1
696897568852506833,0.5739615521164092,0
701345962006300397,0.36301613425960294,0
701352651977610667,0.45795374996264043,0
701401510655012752,0.017720236545460115,0
701478587424915639,0.6224197531916303,0
701504561702033782,0.3741937892004969,0
701628011751305103,0.09491274612312045,0
701740902049454630,0.11504973591425333,0
701924156799918023,0.8214108206412188,1
696897885891595504,0.8531799740330821,1
697076566224009161,0.5801251851386046,0
697155684676038214,0.41654368078434545,0
697162273018281181,0.00220521668773208,0
697193632643079138,0.008014995238762724,0
697216048380406500,0.027970986645191084,0
701981073507216587,0.7519201947453857,1
701996174585911559,0.6748204470581836,0
702005190750685766,0.044629374331348295,0
702012279693056539,0.7584619164287958,1
702015743416166619,0.35373014462188834,0
697714446235246853,0.13581950824469863,0
697719311988590720,0.006664949237556736,0
698089546533464498,0.22413929437863897,0
698371147649198204,0.5780451223980395,0
702113743409828209,0.8064224142385439,1
702182051146913189,0.4093533580893699,0
702234705476101326,0.027842547150399945,0
702315906325025300,0.1047312142178636,0
702747529352284354,0.13501757577468187,0
702953973018419988,0.02955952381372099,0
703477777113329774,0.06988749959531552,0
698398472027614415,0.8278338667504614,1
698451569987978758,0.4412849552732032,0
698473836731921553,0.0034699350633579434,0
698652438608360566,0.009594979384846618,0
698665597836185143,0.008316638040283892,0
698672087827554947,0.1490614275986905,0
698690204501230734,0.34758636653750363,0
703482585590551120,0.039434544357954904,0
703673081008153191,0.29050920069195907,0
703703457778787087,0.8206139025185885,1
704187120309184131,0.02196269644280082,0
704197659673530500,0.7496222271441237,1
704221094474213077,0.020224305868866522,0
704255897463350082,0.01696319294859238,0
704369158423712706,0.013538342088955166,0
704441295872491081,0.4334795805103834,0
698726604633974540,0.11910095537077056,0
698860805071282645,0.07115440621895205,0
698893427097590418,0.12029754693688613,0
698952060530193546,0.6420424900762662,0
699168737421368390,0.02519290220386468,0
699189080597169915,0.005831884720059753,0
704509709325061320,0.007057111896545508,0
704584079874764058,0.8127844639516681,1
704603985956988065,0.4525037988984648,0
704784534051457441,0.8582300511884594,1
704856393767697728,0.5037164870930869,0
699219056401621013,0.07724362814540055,0
699238002983385662,0.7998180998076263,1
699287688809132434,0.0155861538739955,0
699383408601565388,0.07775130929264991,0
699399732360564333,0.031626068783679843,0
699498492683663177,0.2861508696840814,0
699799295716034636,0.021456700474546137,0
699862597447371397,0.22742231207392477,0
704924951363219080,0.11960112373990767,0
704925015465957888,0.006204408162689935,0
704960933715417604,0.005639708772991768,0
705004710308579542,0.008839599795660564,0
705090791379955493,0.04667886879722413,0
705092395335030529,0.2938921943831687,0
705093546823502977,0.09458836646332813,0
705098036070886749,0.02129415426448292,0
705164127784347385,0.02311850826657034,0
700000812390093269,0.005994174806263971,0
700003119167999746,0.10532667224770517,0
700064775616824780,0.8420270039895037,1
700088418861058994,0.4813677236349134,0
700111269108709591,0.04647384835436828,0
705712753930029428,0.026888571989489546,0
705279229767442266,0.7876061756298259,1
705356389953069023,0.09741686212771933,0
705384795679376315,0.4790816288831431,0
705389873738014950,0.018773688963955048,0
705397728780327740,0.1017565383637071,0
705424352499354914,0.1359920574589062,0
705438631142622558,0.14855703031256248,0
705444904455940964,0.12256237474805562,0
705903037541353700,0.07195152427894974,0
705938583194518339,0.11620230395717822,0
705960660317173546,0.0024663007852493398,0
706367279048593468,0.1644721378078402,0
706411598041361119,0.067084528449804,0
706477762633031457,0.055308924583268027,0
706670190539378189,0.007084729864240247,0
706712347413814784,0.013462577547359486,0
705701235826157421,0.3492908838261445,0
713136715421041302,0.113559625652693,0
713185241032100746,0.009253012102938104,0
713214108006823555,0.43691807049941095,0
713214379982079823,0.4302925674003317,0
713238888940954995,0.19330985470474613,0
713252716801514128,0.018685509304034464,0
706715631571807913,0.024079708508000255,0
706948802191867977,0.7506273329906851,1
706995781271751600,0.39123982055367335,0
707176930993535300,0.019903004161129216,0
707250744053305867,0.006433468602793801,0
707545277974486775,0.18791515605946005,0
707776965375863518,0.7985010106071458,1
707951038061444439,0.0390524529600881,0
713297417910028754,0.013282299671293445,0
713556504588749227,0.21466544777905036,0
713690174109417452,0.010915066961011953,0
713696585074780233,0.005676616393826372,0
707958114252508497,0.0034155490839252235,0
708005695505462051,0.3137542069965883,0
708072093129700898,0.41957164083942244,0
708126097161266393,0.0022471607072831416,0
708204769870618920,0.7764130478261105,1
708233950807009909,0.11968835156634436,0
708495014350230261,0.014755853911543255,0
708553815454088469,0.008481593327823543,0
708557346779226345,0.8007311651766884,1
713834359204438567,0.005381441882394844,0
713836647349232871,0.028175278732210166,0
713908258432753474,0.02905513567766137,0
713920711978791782,0.08141855425080598,0
714000161449042513,0.044640741841060996,0
708784876021513580,0.003800924410814999,0
708808138924351782,0.003475873781491421,0
708883217066615089,0.18383577982514718,0
708991049578397838,0.0395461465167879,0
714326525468073992,0.08621806081249633,0
714368791106415814,0.015113867777131132,0
709322845715748398,0.023466188879438427,0
709359790734858050,0.8026870821344312,1
709364398556175620,0.029227950852877996,0
709370156914396553,0.27073985817785506,0
709375379081321949,0.03645892812870949,0
709391679242227800,0.046361250151986146,0
709533840920714673,0.0323197338349346,0
709538422466881714,0.39964744888916826,0
714525070567154089,0.7740712662941378,1
714525159374684074,0.818073659838806,1
714527517050377664,0.5475920174173556,0
714527856020761530,0.5009491954287073,0
714527931805091670,0.8088617106154181,1
714528028978107172,0.5551935853833119,0
710109513630547162,0.8165241662619828,1
710185881341802225,0.00540364065377328,0
710330070838976659,0.009213736345449943,0
710385606950283114,0.049095127813030215,0
710390925155739661,0.056592711959834695,0
710726635217898143,0.24705632319136966,0
710743600315683032,0.03925291479037287,0
714528192914014329,0.8179232869719141,1
714528356937191116,0.5752374666983612,0
714528682440070396,0.5241005701614095,0
714545954855687298,0.4041040260737607,0
714567353707182889,0.0102995060732764,0
714820895011326478,0.08147722726857523,0
714908761730055455,0.753161109322425,1
714936072143571657,0.8343445202649267,1
710763466304966408,0.007121953379319857,0
710826296034073493,0.1986127446425342,0
710878298179390241,0.0063444390556942854,0
710890195983972232,0.3369307390750169,0
710897185427371328,0.011671965669037837,0
711043549546928169,0.006222523010016892,0
711099239733543956,0.8167667339788881,1
711445668309947818,0.4631821346748533,0
711477188594962909,0.003333544048819389,0
711501151642222800,0.8056459325711826,1
715016585645632744,0.300767697483172,0
715019792407184814,0.07874984652115279,0
715020931107317711,0.12275363440856983,0
715023902393711266,0.7522870213895964,1
715268612092343760,0.013816760883432816,0
715272737950656518,0.12806953844701008,0
711610182466435235,0.5349062921135173,0
711637483502170664,0.4324461936658139,0
711820084444046096,0.005175953460618055,0
712191801514007811,0.3582440641287966,0
712203688268700761,0.2506274420306403,0
712211225378154664,0.23114755455290117,0
712211756060399505,0.7900453319225103,1
715330304780837039,0.30849391842808066,0
715330469255632957,0.11120719054603616,0
715330674852310027,0.56143377056519,0
715332535821520790,0.5797714435003332,0
715501176123029895,0.8204619605213493,1
712271296660203021,0.023116029843057006,0
712281667658704072,0.09017413213537126,0
712285563313632501,0.10408480603439099,0
712317270824038988,0.02780238229692814,0
712377668023114014,0.033550044944573615,0
712795713817372750,0.016766667755323563,0
713008213144612817,0.027731933418429038,0
717934854636856044,0.7729735939209575,1
717948583679772145,0.03323655841862031,0
715579236224105612,0.010047766404090764,0
715656179412377243,0.7531971515291508,1
715842881002822241,0.09862282469580438,0
715843557995962569,0.17065525435864634,0
717989014406445763,0.43578763876640314,0
717989379478373538,0.8215326124603619,1
718031653455200639,0.7688535147715743,1
718037328155265207,0.42032501723020177,0
718045777713069841,0.7814642326510989,1
718113626026834032,0.015321905700625346,0
718254887029790915,0.3982553795183251,0
718333714865500745,0.04782125146935793,0
715969830545996246,0.10608506730860931,0
716141628555857031,0.07403201924493702,0
716358794580396251,0.7518742133171918,1
716359039183246493,0.8198969005637512,1
716487547165088716,0.41205666260841656,0
716560648283336637,0.8489014832777805,1
716577023762617548,0.28985766712238376,0
716579970852567086,0.09891518519077834,0
716606118813933853,0.11239406783268746,0
718346128793838109,0.06795313135777564,0
718389176579416848,0.7598599116136011,1
718680759778503413,0.2634377073064234,0
718680878969125336,0.19887858872795228,0
718760700475330223,0.02525314984231907,0
718789323133836515,0.3684119918889879,0
718814212312265324,0.47934263631575097,0
718872680332254558,0.24773637992329464,0
718911506276427092,0.5531603314685568,0
716815084687775983,0.034925795239601036,0
716816213439382645,0.7996464181267566,1
716819070349981256,0.36120757739959714,0
716924236838890483,0.008741542005000848,0
717197794672647065,0.04572388790117857,0
717373799370447236,0.24206012151977221,0
719008620617546623,0.04785216403792404,0
719054235443116316,0.042369275445866245,0
719058422411140581,0.29884572467230613,0
719062366977533285,0.032669112511618865,0
719096242756560180,0.40427926007817866,0
719127902147162360,0.08414222171915649,0
719132295331082716,0.011072840071768196,0
719236297825192290,0.1654127493907581,0
717744863250847092,0.8312659124413466,1
722174109497563429,0.7489545239555389,1
722328771203163875,0.0059091930696626065,0
722449899271854422,0.8785989803234925,1
722621339681261744,0.12515049491841793,0
722724523887446094,0.021473679793997582,0
719285097117124253,0.8123027304021179,1
719358307043508558,0.04455526696996286,0
719424749652587023,0.030027711084380362,0
719495891698342037,0.028360268063462802,0
719593216551653075,0.07100153345137343,0
719778089121701138,0.1258352388504695,0
719995268388951520,0.8074111481060389,1
720072722198622483,0.8585982482771085,1
722748515511570066,0.7650026356910014,1
722970148956976005,0.42542599400827946,0
722992412794250697,0.7643721880828667,1
723029810986239533,0.7645767342023501,1
723141727755088232,0.12710343092862367,0
723290057134167937,0.007225946475125227,0
723322724964202008,0.0970765422460758,0
720182762767765576,0.01556580161688959,0
720499956736661192,0.8651209076459347,1
720505365691423669,0.025995517796460026,0
720634340601945336,0.6080866634095279,0
720710154234486243,0.30622593629010536,0
720734674577622946,0.024433235068427293,0
720788233766408840,0.020179207028149695,0
723326004107290023,0.03287337239573228,0
723396979906254244,0.7644775953428289,1
723404316908135712,0.01804976866748469,0
723486009288550240,0.5357309377683587,0
723822033416473918,0.05974169340555467,0
723861207309008728,0.010385041341644459,0
720896670635654011,0.005110403112052239,0
720984712450297572,0.00811740040782621,0
721000569241610344,0.03834348441282002,0
721009702892259433,0.8154860076150137,1
721017473217995896,0.10257064217463484,0
721091038846734506,0.3970569769577807,0
721135809916651324,0.05033480896224648,0
721171707395016040,0.23505867333856714,0
723878111397724292,0.3150403629566451,0
723956849520711622,0.7889177349982699,1
724164762115465599,0.17313113934412522,0
724176268503296364,0.26259716369445046,0
724176305399511436,0.17388851011355824,0
721176041440198098,0.0995793145872504,0
721215691788584480,0.03029180148329044,0
721492394447568920,0.309743567720787,0
724285069714184078,0.44992791802490967,0
724478427910818191,0.14341789345530553,0
724493104271684619,0.3728078321700896,0
724511815615022203,0.39753992935220006,0
724518292928075902,0.2779612784909336,0
724535783876553795,0.2639396676106434,0
721612728001471389,0.30082647941162965,0
721733540827419505,0.1265666547416258,0
721751344187456272,0.009081123203165058,0
721869934612599931,0.026559504094130767,0
721912126539392246,0.012109518673554209,0
721917164353135853,0.0120048803643343,0
724702772019188387,0.021969739143502913,0
721927508792405981,0.018879306904715332,0
721954345991117899,0.4288587482074772,0
721959611016208603,0.23484751623409583,0
724712165452391439,0.020816286693274233,0
724719197235678837,0.030080720070295625,0
724727129214369671,0.01990501932787033,0
724835120949186187,0.027684954639778287,0
726119851349364741,0.3093716664714156,0
725073741505940799,0.8414539714060665,1
725088224980807119,0.014959247177751713,0
725127683573391265,0.4068540101086787,0
725201256638546056,0.4223070604149315,0
725207627976588501,0.03240843597749118,0
725211850843486191,0.31877571232406443,0
725243436882376244,0.012202707802946631,0
725253395449891146,0.06859328179555395,0
725265752067758226,0.027631265375431414,0
726146340579191842,0.006637649806811087,0
726205107648048166,0.13559433922196407,0
726344889201919789,0.7929997824645233,1
726469632450695613,0.06988699310519485,0
726579130880945632,0.8152194530009794,1
725267821235974034,0.8106545026436175,1
725268537560579955,0.79826145133608,1
725279153695249377,0.24121928842988608,0
725284817891446470,0.17122933647156147,0
725374269862818359,0.3276689986581846,0
725482656106188093,0.8518636647294333,1
725792455364919003,0.7486817090427245,1
725792742255312604,0.8085884280306307,1
726616333794995114,0.0387097276143456,0
726626309889942397,0.1515524054107839,0
726676303768676616,0.8127107698414463,1
726679319187119772,0.7482387815492012,1
726691054073114790,0.006616737009725159,0
726795202821831233,0.019446489168209898,0
726871477775738378,0.8364599905834904,1
726911215820092470,0.07375708042059329,0
725832343729707990,0.36615995693037956,0
725922310297628286,0.39883332305863667,0
725966967587357427,0.8291540878486928,1
725986142193287056,0.057228266636038035,0
726018745632954909,0.7692707038410089,1
726026082789429635,0.31312832344843927,0
726980561418178924,0.5477771919937767,0
726998314453788976,0.03200510147451484,0
727002652481662101,0.26513552312657807,0
727094584087324095,0.4339355491850774,0
727094751882208933,0.751340762852174,1
727195003556962655,0.5132445872460629,0
726038186245781989,0.09810470764924044,0
729851909412860042,0.23365761265964205,0
729882104428326289,0.7688783510624401,1
729901170307417800,0.21110447756660408,0
729947657876634696,0.2265687975691151,0
730146657324424694,0.5500776040449563,0
727195064267167304,0.7263615704970404,0
727312631524178549,0.09188038980099082,0
727329511774515361,0.036359729708491974,0
727393508691090676,0.7485165484573281,1
727393620129250709,0.13770510489108662,0
727394016312534644,0.7516893713627663,1
727439577532735416,0.8668821382573394,1
730151695984674528,0.5484615191851864,0
730322098122161810,0.5314421362206857,0
730384944915172215,0.846945120146452,1
730397424509623614,0.027965568206062892,0
730539617976108809,0.1689364255431886,0
730574439705544433,0.015350122560772162,0
727602214221214247,0.3507169418644007,0
727635111550428709,0.11908285922534545,0
727734064500278359,0.04148945834673897,0
727832613571928027,0.00951143995187346,0
728085702664098904,0.16245326626903678,0
730620209721699066,0.4263837836805578,0
730631370609562184,0.1679130045878038,0
730678343765499183,0.186421346002301,0
730806224413736320,0.07650455925167268,0
730986962526556970,0.8634891255300872,1
731150942469383801,0.8615591449487273,1
731214915263523282,0.02790710398837329,0
731237194552561506,0.03080245796572372,0
731279097670482626,0.25818090035715213,0
731342456361090851,0.007913661512190636,0
728158846144114927,0.8223049434518148,1
728160311581420967,0.8011353948433942,1
728193530651281929,0.02315427889306789,0
728223912693364536,0.48687632032478817,0
728324579254521292,0.028806406789733455,0
728795847476708926,0.28013213466687403,0
731363063067597348,0.1552988689508037,0
731375908393497665,0.046069692516382967,0
731712826444841903,0.35972011906062795,0
728898265855426177,0.017567100525557242,0
728959740839453264,0.02004379077532792,0
728974638707556180,0.24478562519847444,0
729009942205510892,0.009859562030351059,0
729091062376794592,0.15471985055534462,0
729093021465019177,0.030236220614970798,0
729096618222905266,0.805932195629386,1
729125823009270662,0.02462618891485209,0
731729526869469898,0.3536113538221863,0
731784525862689115,0.7105315144455218,0
731820184781162841,0.5688713340424916,0
731852946981388150,0.8618678657661458,1
731940007156884626,0.8369160104555712,1
732015468917137084,0.013101739222038973,0
732081188915968486,0.86093973867549,1
732109804589016317,0.26169217680631573,0
732407002362979676,0.34352112319960315,0
729559350454124966,0.01944865326124341,0
729567707956628031,0.16308377956704662,0
729721629145505897,0.8741447975044706,1
729745044802488456,0.1031209989632396,0
729790014222031318,0.18298725362527302,0
729814772008750766,0.29514152744470634,0
736089644757189679,0.6065686755797396,0
736091766551385632,0.7636248238724473,1
732412230246403599,0.4278575179728561,0
732423590558525981,0.014329871127096749,0
732499499283055968,0.7636248238724473,1
732530709907169836,0.7636248238724473,1
733219724258180821,0.019415354715272035,0
733357289463416967,0.06826703679112599,0
736114514393186916,0.8307775499134807,1
736131273924020245,0.3112182871363801,0
736133252972764787,0.2747721329980557,0
736139385311072356,0.1307893397559717,0
736139658330793719,0.060769378302177275,0
736148738990041271,0.04454868405116768,0
736205539767283775,0.8386244195675504,1
736216304989788040,0.8588439829114087,1
736216685759993219,0.8059653801515488,1
736306604387468764,0.3184406436874832,0
733422980036577408,0.008260277379723176,0
733643513468176349,0.11080384093219448,0
734088502582394286,0.013638093049893423,0
734137973420177752,0.03578763879276281,0
734146997394470152,0.011908229460808642,0
734154018348711412,0.021598626573628196,0
734167560905310417,0.19467757086729714,0
734217966968048115,0.00738659617758881,0
734218369429025853,0.02465609498511193,0
736313238393733602,0.06541844399373328,0
736330645469694030,0.06884039780867633,0
736427204561194184,0.0409645976830766,0
736446347557912709,0.7206220749936395,0
736462450819335206,0.7212901875436971,0
736678331800252109,0.026527067218639094,0
736732701163914761,0.773215459752503,1
736764801777007539,0.7240305134128202,0
734234083570975359,0.023646376271677816,0
734241935990286841,0.2043208989722577,0
734299289826981049,0.4342211239517506,0
734505370282762658,0.7499053231222277,1
736883715878353399,0.4576162438181708,0
736935741903228510,0.44975554456090877,0
736935903731706713,0.43323250122207796,0
736963295195292153,0.1155512645242879,0
736965655445471779,0.8182238888696628,1
736985875740793560,0.8001102114574047,1
734632429122941216,0.018256339848805654,0
734670689144946957,0.09157679116694062,0
734711419793571699,0.019464965889977655,0
734738222848364398,0.0177714796425826,0
734739290205367737,0.8319338764855246,1
737015982193204327,0.8178978944636445,1
737130536861792516,0.01691964178045833,0
737188583474491405,0.014882406641507667,0
737373064682765825,0.09020317433386152,0
737535736317180074,0.05819039105763554,0
734810929658737801,0.15506037063138947,0
734846747989529693,0.005979736511249873,0
735286735702558767,0.20363720970078125,0
735423541309079837,0.425909474677289,0
735531096154997193,0.03682876431039516,0
735551051888273909,0.8587664594883527,1
737536455895522482,0.7807252190155642,1
737539992975231292,0.4023684793250374,0
737567109090743244,0.35126708993112465,0
737647813122514311,0.019070748486237674,0
737718519546722846,0.0215670966556594,0
737853468116887919,0.30563885320931344,0
737877918821333784,0.01655382582716408,0
735612595906525217,0.035293905919372065,0
735631763810679610,0.845481890936894,1
735638043453159182,0.15538747251296484,0
735740047616638963,0.02880548234734395,0
736067616889139930,0.6254240332695394,0
736084795061799206,0.2917146132662324,0
736086215467906691,0.6065686755797396,0
738237759321392625,0.48114176334529707,0
738594574645655257,0.01006554766775164,0
738962214400586787,0.04133681469172709,0
739023711602043484,0.44425982297777233,0
739088395802167731,0.08242252600115724,0
739112539830946258,0.026019961992453176,0
740654894919684749,0.5157034224272128,0
740725192615343242,0.6482953764833713,0
740743485713081436,0.003849086632932242,0
741178664950324853,0.004008741745480249,0
741203384678717076,0.1748725375044477,0
741224200594669992,0.40513890035480704,0
739232719991932583,0.13723313443425136,0
739314926079159676,0.185688744620642,0
739333866230665371,0.807044543908659,1
739353430791373395,0.32460559780362264,0
739670023874151238,0.7998890789868476,1
739758265100844130,0.5955157175799249,0
739776411733999088,0.36262201022586804,0
741232873957537709,0.31764024273756764,0
741243111598984805,0.4512869864136946,0
741258879565847173,0.8057606625557245,1
741259529129879788,0.8064520923330474,1
741287817783270966,0.04734454934692045,0
741304412879165092,0.04121794895776008,0
741304743431862990,0.06388965501425847,0
741318611492586622,0.8645723580180749,1
739825179394275875,0.015047472508729788,0
739834417351177521,0.8084621182011545,1
739895361417621462,0.8017613027264772,1
739933686932667572,0.5103639485209159,0
740118115021378182,0.24109227021699992,0
740362442397130150,0.4456349177502551,0
740405625762067517,0.012743088919054214,0
740414959590827579,0.509854837218885,0
741407967250747313,0.32151112700205975,0
741416829933711693,0.017440304589965348,0
741531697395335107,0.007266114303431075,0
740430164115683052,0.7001504956957977,0
740441221336131136,0.48066476864208724,0
740446516694389016,0.5268483248731449,0
740482688468999472,0.4838969818318365,0
740514885087653391,0.658597591368219,0
740581159062231033,0.8614773659734363,1
740606284690310306,0.5321144113654779,0
741630536336437867,0.774206222061286,1
741730313598556488,0.002301142654358371,0
741855432786425988,0.44450696517807814,0
741856106447591515,0.5562476211149614,0
741867669405328335,0.5203670662993954,0
741904760414691668,0.04383075601905716,0
741951889226170199,0.4885728225020221,0
744908934921683014,0.31666179497007674,0
744932142269775261,0.6990167294213568,0
744935000442450119,0.0065396958472422224,0
745051425164634863,0.146002173940302,0
741962066446182403,0.5003930773744737,0
741962324502200158,0.4762881221096314,0
741971895925871723,0.2447824546562734,0
742105070935395430,0.35441284085174835,0
742224718214908605,0.817830903937889,1
742232031742777766,0.05068136629277435,0
745301417141530676,0.13955296788092927,0
745555272015423459,0.006519814417094444,0
745627039931945103,0.21760657823939153,0
745632549952601244,0.4907838183689927,0
745640311964628437,0.22007323802555187,0
745647050744624708,0.01403914623990069,0
745650392862550785,0.8410727626663973,1
745688948281946847,0.01778251246754294,0
742246741289035376,0.04757351020267278,0
742246964097639508,0.08219307415579648,0
742550372170721908,0.008808443291361337,0
742567489503884321,0.0056613988196212274,0
742579079773788872,0.7523176919362777,1
745751296696283337,0.018254945647576976,0
745755112076050280,0.08194208902195106,0
745780827160085096,0.7848808135156362,1
745881711855691249,0.00987904947383235,0
746104322016171774,0.8249121391610696,1
746116888957090177,0.5466804665292271,0
746284414276369998,0.2906631367968902,0
746307265463174267,0.17320979379835405,0
746314309007431370,0.8397044955170531,1
742712860134731702,0.14748366201722218,0
742714386869902245,0.09943167283955463,0
742732381800551504,0.7135877043513723,0
742782792117753136,0.009144756107948555,0
742846569646585640,0.00935745486090873,0
746373585663654569,0.014723903231521191,0
746448940630442819,0.8355212114594447,1
746609415323932939,0.35054547157640265,0
746667852407531509,0.14653504693966832,0
742998749453434439,0.018604892561469782,0
743022845874791243,0.2510433423298997,0
743044126030965291,0.039440843101116604,0
743048167676584395,0.7916233340891052,1
743144725581158434,0.015198002127693509,0
743331614628195915,0.07959311152269004,0
743405374131206258,0.13153139944803655,0
743407453043625683,0.8219631656252077,1
746831602893009488,0.8246715788297518,1
746852890077275772,0.06340422760708382,0
746896926309492595,0.6914878277871433,0
747020141188283669,0.3807602751718536,0
747024222007908598,0.8087266706539212,1
743430766348459803,0.8435311801174905,1
743505416321115919,0.7913495686113261,1
743552965365692523,0.04442950305709467,0
743780945335493322,0.13700634074735255,0
744111974490993924,0.04191739830017151,0
747128578147440471,0.020009003639408177,0
747173133155663772,0.7964239612210153,1
747270118567165916,0.18061977665166806,0
747271541986706190,0.1460917619862277,0
747281464541904800,0.24034331877668014,0
747286094460461568,0.15162147483656663,0
747313502550968185,0.1539792824443739,0
747679721740067552,0.09765966822130294,0
744215016935384966,0.02430170836457134,0
744233285959436628,0.13056741980716527,0
744254980057484501,0.8216758952932837,1
744262493550796218,0.1710778881274011,0
744278325880141330,0.09757485468766071,0
744307258225953765,0.003660908178044111,0
744362529094004795,0.008244435185307436,0
747698059198507352,0.05403387167861563,0
747718813171243776,0.2882166195335515,0
747722195492393579,0.19594177229780257,0
747788176671061849,0.2779363230872968,0
747795788052579372,0.08368872906085101,0
747811979906699962,0.2583825313160085,0
748008078823445006,0.0866984679916378,0
744733352328495344,0.4032595704975156,0
744796548590277337,0.041540138059351,0
744829750133256721,0.018699612935694547,0
744865550787331092,0.0903554509646161,0
748008170757503374,0.11032273051205992,0
748057680426693490,0.038681045966777315,0
748493536087479146,0.02959256642456577,0
749994404489872607,0.07577311125221312,0
749995208680067786,0.48089864896728984,0
750063210457454544,0.028477594704622536,0
750101014637158472,0.07779176849076347,0
750439855383844363,0.25593753846621914,0
748649452367589640,0.477777742216233,0
748738181686866655,0.13437196968718917,0
748776693953354467,0.28082290104742885,0
748994847204919928,0.38640972743457286,0
749139083726291164,0.020959420077350577,0
749225990646579301,0.3872211804671587,0
749445915164605594,0.15962550200843334,0
750477267798699634,0.4024919927030101,0
750494588662372881,0.1918943661022912,0
750505282907380667,0.265412156602535,0
750531394025062547,0.38570349584765645,0
750630709509833993,0.8399061606563285,1
750710871111682947,0.00575460012436702,0
749496803777210350,0.01677012687165854,0
749791080990625595,0.8136621114735093,1
749791392549026619,0.7501853863227683,1
754967751881719122,0.02332314314969096,0
754970276793406798,0.00915813508651062,0
754979566412995800,0.026900632198280625,0
750723710285471751,0.029738665276956924,0
750728051948450130,0.4680033860973377,0
750753904000998400,0.022949442171837107,0
750835631234831601,0.0066695794897725395,0
750848976700866789,0.4030732388385648,0
750878732923935980,0.8334860793022068,1
750897244570425014,0.05779911365344638,0
750900533440778103,0.03477998544463486,0
750914635345448241,0.002408996636958551,0
755006209338871768,0.4879782079656438,0
755105772226825440,0.11105776522433143,0
755220737964381713,0.1551671516205915,0
755221394406142242,0.3417463037726341,0
755236868074533450,0.06894957478932087,0
755241505514314737,0.3800640521248945,0
755267697122482301,0.011141441565664309,0
755286460663638372,0.04929863433196269,0
750934716608055913,0.0024921521665358195,0
750938225856054796,0.004281784537668004,0
750940597423602694,0.03384324711334191,0
750941542611047167,0.003703656563570959,0
750953796684262265,0.041853170954060256,0
751003075015712590,0.04424191653319177,0
751197861486680304,0.7796346748868848,1
755386389542198187,0.04625220032372278,0
755389547492464436,0.044597266102094996,0
755673708679842154,0.33779537039530316,0
755719193573695714,0.06886348385903018,0
755778466825526669,0.0123220799338158,0
751266564043593979,0.16575790146808675,0
751321782606558940,0.303001770338555,0
751359271785565868,0.0956990288083851,0
751398972746724429,0.07587148004166933,0
751527152443176010,0.526857244480303,0
751544681082578652,0.017300259090639227,0
755784207238872851,0.7968738276799915,1
755798852926375070,0.7968738276799915,1
755808864708679787,0.3165139097854112,0
755833845116246629,0.4294887795860293,0
755863550672124721,0.7729038222210339,1
755864309002645553,0.04597062446786504,0
755990019516594974,0.07778842226420812,0
756017911613112955,0.7557445519964658,1
756315002691618118,0.011734636771266498,0
751560271396048113,0.8169694539608828,1
751590253777641465,0.0342643951277877,0
751699636457395715,0.7632399501241861,1
751733068317841365,0.03804814123395637,0
756336742747682834,0.7499053231222277,1
756339762760284119,0.8152106115584473,1
756340118753059733,0.5523466915031167,0
756375120285261731,0.20027766142818706,0
756540536210360087,0.7406160075824454,0
756606060975862828,0.4823831485237631,0
756650222823891886,0.026037813381180438,0
752069608196724586,0.7783098971213209,1
752124019330703900,0.00821233388117314,0
752124066836971423,0.002957437122492436,0
752124417745502491,0.005448833694577758,0
752296738753328187,0.2373674925185952,0
752408572450230364,0.07432303511556496,0
756660534724054097,0.07527493000685778,0
756737882259334268,0.0980850766125422,0
756886660277220330,0.17720879242472942,0
757149473920319178,0.006142128685937441,0
757228774711849799,0.007937808752986119,0
757254022509601488,0.45797848082150394,0
752514414550683953,0.8200682894371242,1
752544464812293243,0.8450496015967259,1
752655228754167475,0.8115734690343304,1
752655549882355544,0.5811960906999671,0
752761400910761147,0.008060435518291062,0
752831071821066645,0.061579103537029015,0
752908864541788629,0.04414987489071317,0
752979158791929975,0.08530999428689098,0
757277022393109416,0.5150990770514953,0
757363398086716298,0.27325039830430997,0
757406296840445291,0.012897943763628338,0
757429076597893284,0.06299860021244502,0
757531638758343686,0.15311096391498508,0
757723885731661028,0.7441766909368921,0
757883032406289882,0.800334547320232,1
753356086346283078,0.15614226389860586,0
753574482609407847,0.32530638138360085,0
753925994443114374,0.22682133118373676,0
754134478242726210,0.14824322843516374,0
754261198080724775,0.845905160910947,1
754303014491958884,0.2790029790729223,0
754305296891617366,0.1489466978247443,0
754330591139720659,0.11148296332658583,0
757939633245286029,0.29886145596563096,0
758170978075093624,0.2241594142719369,0
758191510016295572,0.7995209683282567,1
758797764317871954,0.02107156532626592,0
758954422050271170,0.03562971079119573,0
758972902973903245,0.03913189379204976,0
754389618036593839,0.03499251305245977,0
754531862309177538,0.31575522046510607,0
754532333314771606,0.8090482363703322,1
754604578608166118,0.8107108064458726,1
754619431849960594,0.80117996651421,1
759230767767830325,0.810449338516758,1
759327196556438457,0.45265697452492315,0
759510323619765888,0.055502042098196994,0
759618126064467893,0.007447010611486893,0
754705050508576196,0.02961458896592991,0
754903813460937923,0.029461156113908978,0
754916874524563088,0.8381399445052883,1
754919891718147628,0.8546539475992574,1
762780213003267628,0.7499615763775287,1
762828738412800593,0.042495196771235824,0
762880946440059484,0.02103093446643163,0
763044587478989128,0.7688535147715743,1
763058020165928394,0.46455942869546096,0
759629483491978223,0.7991078852702638,1
759644640471449248,0.008133361725849298,0
759988921323877489,0.023734977594670647,0
760025165140763703,0.527235443056398,0
760067389876708923,0.09435735539998462,0
760086536368275287,0.1479642769438392,0
760094078662401363,0.8120969695988107,1
760108051671400285,0.19289701556178604,0
760108593429302062,0.16630277960557271,0
760173471824448206,0.388403593556746,0
763058485614035011,0.525341914687791,0
763095935495869214,0.8094027444554115,1
763123027753258600,0.4787244041686378,0
763125103285604216,0.05124787471970299,0
763186374158969600,0.016547389296430442,0
763221273695589438,0.8356423359056279,1
760190109240680941,0.798022603153983,1
760251269720096205,0.054331128138291426,0
760265299629196416,0.10934187155558633,0
760316248704941154,0.019021224088951596,0
760370608843977331,0.2718584278387332,0
760377148896746634,0.007838044346476112,0
760385181815939549,0.008181047213195531,0
763731966740220241,0.03125148740978795,0
763765859890748763,0.7845444418087022,1
763886203005710009,0.3119126319490797,0
763886348952916913,0.31754164991837913,0
763910718510137075,0.3538248214249987,0
763948654655084485,0.09134050429883235,0
763957019261580065,0.7649184312789735,1
760418351537039714,0.053882656810401185,0
760757830798985434,0.03628712622538467,0
760789452004127383,0.06906463787516708,0
760808327741861820,0.016983548838628234,0
760831577880022251,0.03511323167640641,0
763998145997517182,0.7647485696270304,1
764009535010619872,0.008637300185141968,0
764028832460585546,0.06987274591782815,0
764160445270416334,0.26165453966136676,0
764320625295108312,0.1310914201190294,0
764326029440464052,0.7648337444014405,1
764451400540955575,0.40261076490447567,0
764509534515516743,0.00838401696995858,0
760861533251417597,0.27466602786866906,0
761060573991467805,0.21871856664656208,0
761092020586433990,0.19424153574703876,0
761354793682533629,0.7528748954815322,1
761440964551045378,0.3367541486510503,0
761570023840746147,0.014232345761435318,0
761590468027663159,0.023631583024513278,0
761613693125925496,0.3970315148000356,0
764575349543735915,0.011295942568777922,0
764578441677175829,0.00723700396100572,0
764627669435933018,0.1494856211628384,0
764649300374679192,0.01642884464397266,0
764766608238216047,0.0119661292403114,0
764904930841636839,0.2811920149702777,0
765017453608235245,0.21147670828244064,0
761616212974802622,0.3329721368206559,0
761666718123905227,0.005709693762852497,0
761701570805304167,0.8026277995693359,1
761751218620391134,0.08793390782612856,0
761811422193396844,0.1036050844806466,0
762106384516079291,0.01793542103722692,0
762108355757780127,0.04194823494976494,0
765111841001584233,0.02103026099929313,0
765118844676212785,0.7927112047384325,1
765130473241233735,0.8278853926613695,1
765148667899215063,0.021587171816279532,0
765179360601952018,0.013554241479026983,0
765223964875173585,0.462560033191499,0
765229505754817003,0.010734553899299405,0
762235443968582234,0.5364737602544177,0
762241527257255051,0.35811515777983244,0
762296955086811882,0.3108006562763313,0
762330782833633074,0.029622766667743095,0
762354667794020777,0.007921505573651608,0
762355634788904537,0.5555046064738346,0
762384139940705802,0.2322665419804407,0
765281056980264511,0.5411612152597863,0
765327602416869056,0.007205152608814117,0
765481781441556146,0.28437135898879956,0
765673625786204864,0.07091300922226307,0
765807287945552082,0.005371457474190436,0
762388975585026394,0.1897632316227966,0
762416913912153218,0.5008937468600477,0
762429245666943839,0.0382978168089494,0
762429977455151701,0.5037164870930869,0
762458991784656327,0.007131816930895994,0
762474821456521478,0.13719570798746475,0
762480481580735660,0.16423335389193985,0
762482097617218325,0.044925244092903514,0
765955236862257442,0.5132715066548582,0
765990025204967594,0.05178747102118921,0
766064842518858109,0.035836953633233894,0
766065140823310125,0.8070205521324767,1
766096522634607786,0.013374255297362149,0
766139255133320100,0.8075693111004163,1
766143851141113634,0.4718991555535401,0
762485685708703023,0.08732362432589043,0
762491072924707955,0.4802351997653474,0
762507882453765581,0.010669135482179607,0
762526483701320413,0.007861790215254969,0
762544570846570665,0.05938845506237723,0
762545840532397617,0.045355446040607324,0
762579977393252405,0.04230681112305444,0
766154411511432669,0.02434468240854352,0
766172114480214335,0.012707169644432562,0
766185201488093082,0.01481802885461472,0
766186374255566430,0.0056144325103043196,0
766254098303221820,0.022935462362659913,0
766278199081581936,0.03690980034738263,0
762777419274013912,0.3692035764495282,0
766602572542480306,0.07468688099590996,0
766655006057705213,0.02004535276676264,0
766544218723906199,0.806077103269614,1
766665056551945374,0.9062050049291213,1
766587114043547494,0.748593878253031,1
766590908640895287,0.020930192330565544,0
770213577576274525,0.431645463886259,0
766677884307151479,0.02980720437599633,0
766684927171631153,0.04295096889498374,0
766778023016290813,0.013676791392967524,0
766779185445709749,0.37922175513669,0
766811967495913594,0.4659510113056967,0
770275914173487140,0.5177620478302315,0
770285871397233955,0.04772284703072851,0
770288951055858979,0.23739995556701432,0
770290214254588951,0.021039421195990074,0
770337906744143594,0.5240081381061917,0
770483747373569378,0.1458211573739697,0
766867327829311890,0.38808087752734877,0
766892295180159338,0.32710614612294275,0
766907082203833190,0.017153475337604942,0
766978787062887845,0.23883242469117172,0
766992440128844738,0.017391939405971002,0
767207240487627384,0.5449983110784378,0
767208161850599057,0.3412314393548202,0
767231878009646886,0.008387059637415184,0
770566178748431390,0.8169238653481853,1
770626111287655384,0.011331180140548604,0
770834159010679789,0.26043953499710093,0
767258588510178635,0.33919101410709945,0
767300934500983246,0.4136734192802873,0
770898598733119665,0.030552966362706487,0
770949487661505259,0.14316537929344555,0
770951877817471110,0.029171071628961417,0
770972261780417799,0.7793515753946044,1
770973671053934978,0.33354179022764524,0
767335930771824747,0.5869708178202416,0
767379256896961469,0.47422091594856836,0
767521098040013680,0.009908652649927402,0
767546705892688379,0.022423582892211972,0
767836915829700237,0.007161121250425711,0
767916549446056034,0.8180369815383642,1
767916883499342445,0.8165514586843049,1
771087689598980035,0.06994554292476511,0
767919812132267159,0.004045650120210719,0
771248576049582925,0.07867838573333952,0
771270809241656242,0.7645767342023501,1
771308650564280223,0.03323151774121684,0
771368486923037096,0.0545953615476272,0
771422886160920375,0.03499523026233112,0
771499666300242340,0.5788434968736794,0
768054125640023806,0.8399061606563285,1
768055416816530644,0.024920567188168256,0
768139828018466187,0.6453529745496434,0
768239303625460600,0.04749497531374174,0
768276890212217152,0.0572183873733794,0
768282087563056680,0.030872442559572097,0
768317284380347979,0.763835550757294,1
771591241885965586,0.1235678758181796,0
771740206890969653,0.07946183048774205,0
771766947230589326,0.0399655303731535,0
771790426347751108,0.02112662917805655,0
771814619000188761,0.31172384441499573,0
771817036951495110,0.8098551160593127,1
771870136610057169,0.7755275476266135,1
771918390264300599,0.2861405437153796,0
768344399966300030,0.22510402056645848,0
768858775491753050,0.496990638402495,0
768894253310309659,0.06098795866703435,0
768911582117670134,0.19088713436517807,0
768962003786730102,0.23950856747811972,0
769203788648758537,0.041113012808410294,0
769423344734549749,0.8576198133436443,1
771962449581256963,0.021798645999473995,0
772003410329132579,0.09966964112310553,0
772135787688936954,0.2526529806179387,0
772163145887336030,0.25807973809197626,0
772198560326818270,0.28318758844333985,0
772234088877834938,0.11914012636773984,0
772279462487875919,0.0019783607908730287,0
769524991917527110,0.33135982566761046,0
769752594697687350,0.5077524711497826,0
769771789526487395,0.7724374450292854,1
769798916111101444,0.8554229125849082,1
769820904680056494,0.8240039837130805,1
770130015451026213,0.06606310525960288,0
772304450747416511,0.7525072459367477,1
772388654659113138,0.42893803759427424,0
772560809110228074,0.49615265393943486,0
772582827254717471,0.6693954288403721,0
770201033720908424,0.04118532173234514,0
773214568696699034,0.35479665163979845,0
773237631431486588,0.47230604320208924,0
773283704607466865,0.020455852171023272,0
773602850831222324,0.003347463301964901,0
773726954569381317,0.38152010270481235,0
773826216180195039,0.006985750349538834,0
772596782067442622,0.4139225377315508,0
772607042480055880,0.03467483687506174,0
772725658656025875,0.00660197135110219,0
772730056277365796,0.08056491790048788,0
772756968091149678,0.18667784890695968,0
772767421017560337,0.050403239944128805,0
772921509916924055,0.7505175458744866,1
773015666203783850,0.7148156463926887,0
773044313856212611,0.7137163384237384,0
773899230684455375,0.05383267653156799,0
774049935883707009,0.026133074176368537,0
774062557680188919,0.10355342914250176,0
774084891829212376,0.251313355115495,0
774129193889231826,0.7929997824645233,1
774157814612040502,0.042160250716757136,0
774466175446212322,0.011743470940989213,0
774620728248082420,0.026072978260486462,0
773055752165402204,0.7644775953428289,1
773100393141445120,0.7867155453629576,1
773109547703733522,0.5751084338908211,0
774639072103641181,0.1360937219018626,0
774698296047092914,0.5564968770197632,0
774720286543224436,0.8300107563886254,1
774741244725477536,0.03290521078305184,0
774761471642616124,0.21092820133151335,0
774766839213283130,0.4798535987507876,0
774778034807808122,0.7906157370671791,1
774790005240645091,0.029666997788964183,0
776998312373826024,0.837886432796836,1
777210105036572525,0.2668768830573854,0
777263304379648003,0.20524899678767708,0
777403051452968837,0.06616668774185394,0
777428711682463144,0.7494508873678404,1
777430853925468516,0.816535386371363,1
774802408005054624,0.12609072800317617,0
774826768451201686,0.23530056202201716,0
774843999742350040,0.008486187880350727,0
774964827545681619,0.026566558640390103,0
774997494059685168,0.2296213288449384,0
775141157558032530,0.7511733391410089,1
775328752462827141,0.1022943466614873,0
775347520118311909,0.8211579697354181,1
775370554168722901,0.8631417555267505,1
777439966917556755,0.38116999584359434,0
777522603710150946,0.5836227060641149,0
777563851225513973,0.7723596614189212,1
777572930730588568,0.8296948580810753,1
777662577507681372,0.017691485189405907,0
777686245168591491,0.011080645843667322,0
777760571218948460,0.023691882511480123,0
775391797402674304,0.21773234551606294,0
775404417497255085,0.6066290376390487,0
775404906098039775,0.05186570301082613,0
775408101743191192,0.4500931895927871,0
775408494394003987,0.3983810423076525,0
775434149526341783,0.025353105147168715,0
775492348920244062,0.06271752362268788,0
777772607597688935,0.021283429980310374,0
777802203255436038,0.01339235362292971,0
777819432822411458,0.20837541676702742,0
778012566509598679,0.7519660852496263,1
778085332786348581,0.32796695499743306,0
778207541912919166,0.04472625768119993,0
775955744385547821,0.48058063567082143,0
775966284146509182,0.016878923869366833,0
776013736440101802,0.14455585422321,0
776018834861372435,0.2943888211219929,0
776027620120107434,0.44561458094224904,0
778211862154488577,0.498522026770676,0
778372032945748991,0.3820236611273944,0
778441097353195696,0.04207425899096727,0
778457317754893437,0.08117157954357952,0
776033103286310223,0.7710859590202829,1
776058905828707468,0.3886237473584898,0
776071696118223930,0.8092591626862569,1
776078472681139612,0.8083739754189391,1
776103242936974883,0.003976314529958064,0
776129453363109091,0.07501451614329434,0
776152317850229170,0.47654222167581684,0
776156499497617272,0.49089018389177547,0
776250907335139310,0.06427353031550122,0
778572000129057354,0.015495474837431612,0
778574542530282444,0.057546837853371974,0
778834476699550338,0.7285919953436584,0
778988559577357784,0.49089018389177547,0
779010937952266773,0.12841696514091064,0
779014938888711241,0.10019444229047549,0
779054083848267105,0.7526721239720399,1
776267007027362660,0.3609650556714149,0
776267527494946591,0.8423053564386289,1
776326406718532799,0.3321866393643218,0
776537896059013270,0.23120737612404565,0
779062833521269078,0.7612820816769257,1
779090854871808720,0.5620217429109847,0
779482597825709997,0.4165695595820066,0
779776296413227357,0.1499333239670939,0
779785361288282366,0.005973794591354802,0
779805772745559832,0.04674468732792758,0
776615878891313388,0.8127613428975061,1
776620930082932920,0.4702583560469328,0
776685513171440422,0.220443616278809,0
776759187442679676,0.477777742216233,0
776812321278978993,0.603826815268129,0
776958081437989970,0.004923848125871578,0
776975856045992795,0.2688519960569669,0
776989156532266496,0.8332663721771052,1
779849998311560128,0.06746435291615058,0
779973859525247404,0.052164811500508355,0
780006096308383874,0.0204601218959568,0
780097544898278919,0.2543987354084515,0
780226637180973739,0.8142856265117148,1
780330742819725859,0.14814577046188812,0
781837617897194814,0.3827598939048628,0
781851253728798676,0.6240430778212349,0
781921444998908083,0.835868221547673,1
781949645524311249,0.12276233994122218,0
781958828895172889,0.02875360587436738,0
781968768297440066,0.03656213524678842,0
781979920797861016,0.2965679123443206,0
780363355344579209,0.49878327394140315,0
780367558387044721,0.22538057995145042,0
780560899891607462,0.06724106915242055,0
782300583829333108,0.33366450545699705,0
782404014855199852,0.7474754999058572,1
782595339625590679,0.3457040841208133,0
782602259984951279,0.6663312989338648,0
782661008019550832,0.10949450613581213,0
782703731135941912,0.14345353914718678,0
782837059423533942,0.004775945552330528,0
782932651604019354,0.18754458271769225,0
780692750042272542,0.0688639791981885,0
780793386308713533,0.43392225146532143,0
780897141519639753,0.8591392055787677,1
781070167326135184,0.5846070349671285,0
781241825396822509,0.017671922175839506,0
781242816348905832,0.03615609653177584,0
783291200468768256,0.3750893436117262,0
783305472099181331,0.3889646300467978,0
783324749766796882,0.2851422507624183,0
783350966806640141,0.16970204081538062,0
783387491435863626,0.005793668764023684,0
783420775267244079,0.012236107403866457,0
781311253609661076,0.2398015250126868,0
781375615513612622,0.15384998911384415,0
781387162275319892,0.009602322988996524,0
781400979774367017,0.36571594017400005,0
783522420840578469,0.008546288546241069,0
783565797144842727,0.5752110877149218,0
783603959542380666,0.024208080483115815,0
783615162751617942,0.024300432838215206,0
783619413754613935,0.024734850941158144,0
783623234937280854,0.04661705776711378,0
783995604151732967,0.03544233540379589,0
784006807530911630,0.02559997172900972,0
784023302325164605,0.08535591029895445,0
784124479509853993,0.13663031204698647,0
781415651072000593,0.03532350309549786,0
781447553772633220,0.006459381527816083,0
781688772983269636,0.8386527296411687,1
781689525335094212,0.576473837715532,0
781800348872823259,0.23505950136231576,0
781804244104102364,0.004488591192217961,0
786704154938363139,0.719972400623225,0
786813064665583652,0.7516893713627663,1
784155384180596269,0.051429995028695774,0
784294277993627702,0.3963886573536121,0
784655878980242901,0.8227628981688543,1
784672458205813555,0.02346311588812031,0
784739684946519089,0.11555977094200616,0
784777365560010842,0.12784576393936356,0
784796714161686484,0.0770806852499146,0
784864404356521208,0.1523872932390862,0
786813426813213019,0.7789733578938541,1
786813705384661274,0.7476086052048395,1
786824512560943945,0.19554517773070956,0
786892001532429718,0.21860145368264056,0
786895030497240792,0.813725178163204,1
786915040612156936,0.018900319037309682,0
786986645361368404,0.03391899890670435,0
787003220376895637,0.35579557748527957,0
784908269976623770,0.009891473248288648,0
784913772644779819,0.010688805896515146,0
784992346056177689,0.3526855667280855,0
785362965883004752,0.228056997773372,0
785403855673751437,0.005833366186818598,0
785411909264885705,0.050082244594490594,0
785444984586713233,0.28514590080448315,0
785477500044951072,0.7972613329814245,1
785499763795327535,0.7964751096144794,1
787065483397206331,0.009032150115423195,0
787169234885074235,0.48467606974353006,0
787197176717299032,0.1655853838578585,0
787238307521673198,0.4262453150577877,0
787322546345191716,0.34028459650909454,0
787547046845187866,0.29993689166910353,0
787550427791648461,0.8153678112775374,1
787564313404336491,0.8368689448439581,1
785579879561981885,0.7815620658327905,1
785601696900959075,0.6270984385398978,0
785614258641560502,0.03184935254592753,0
785637169517267565,0.6260741782507961,0
785688352714247316,0.7992783796121838,1
785853179336797488,0.19089019545140076,0
786136894869462302,0.01831116940099282,0
786149074369437257,0.788177327582947,1
786153051297683129,0.020854421373341005,0
787590858545007533,0.20230841159431523,0
787639567025687909,0.35024429544467844,0
787857735797161138,0.0037683486887446853,0
787900887666890786,0.1003591942468697,0
787917881988426164,0.28318758844333985,0
787927073413255581,0.27436685110011616,0
787999065887227438,0.04431389496521394,0
786178301572408675,0.817235639111321,1
786182923448059288,0.052811661806859235,0
786291775348380922,0.7818040439340308,1
786335345121370277,0.7757475998491731,1
786339755153004626,0.41051380324456727,0
786351045272502197,0.4063113394634617,0
786353625151565474,0.046309438368906344,0
786453675169924255,0.21289243786770595,0
786507816464532831,0.5673513277236498,0
788055270949292372,0.7546052802263862,1
788070664074856714,0.41190390492240414,0
788247508204883788,0.5991669034159317,0
788308144653208576,0.01935688493901054,0
788328674800030171,0.24629854408871998,0
788465505169839820,0.04054855646470023,0
786557479422953962,0.08168683344744804,0
786561442853576095,0.4125035311728019,0
786567164909772806,0.07947793683626114,0
786689028697613402,0.10292971386296858,0
792034633163081131,0.3207921310152209,0
788972847900260034,0.03293786937046195,0
789029499490692194,0.05239484684252238,0
789054232678927551,0.2052361975403636,0
789257430540589759,0.14865467577080255,0
792084481792213383,0.0627223976842045,0
792127771538948078,0.021217443321504197,0
792134666827224780,0.8070955769368527,1
792142016859270276,0.8039490458095293,1
792154227101270228,0.6257329204336683,0
792250086445040724,0.8312070422327043,1
792261106552376426,0.7897237384853015,1
792424049442672164,0.7579764069315934,1
792719851832898977,0.12340998231911886,0
792762785362533299,0.035138767123532484,0
789446125370099615,0.006803329807890789,0
789818156626793452,0.45659538490875234,0
789835463760764236,0.34365011108520904,0
789847148265694934,0.22887884188866175,0
789850979080614897,0.8144414762817362,1
789857234658564657,0.3366798449295884,0
792766482547093509,0.3511520028369595,0
792775101360784896,0.7970661650626993,1
792793758746280508,0.29269944118947583,0
792797538929761246,0.5815738229654976,0
792827337331390990,0.1327000770302288,0
792921296328561476,0.7931627349745605,1
793061028524792296,0.7641106924790653,1
793077319627619018,0.06755095643284925,0
789900944936543773,0.10116253363995292,0
789961263149182314,0.1661124592577932,0
790110712110282257,0.40818977004921664,0
790126950595547841,0.8088421418799605,1
790333576079499985,0.570891721819451,0
790526078204876288,0.13208456639465152,0
790527792300128395,0.004862986520074062,0
790530143812144447,0.822497261603227,1
793077855709558476,0.1008481378841777,0
793305335027186680,0.8184876855883556,1
793305971249108991,0.5703008266884884,0
793306261107429606,0.7504072949207515,1
793436180551697640,0.35947277717801157,0
793446715018744491,0.08706698269179769,0
793471885965153009,0.09325630054182928,0
793539365815167335,0.009784125571349368,0
793638699862272241,0.003974223703271578,0
790545997885341824,0.009814448234301722,0
790642720405672493,0.7858966551847978,1
790681115900703507,0.8514895473317404,1
790682390329571283,0.020251622191833858,0
790689611092002953,0.015037745555802586,0
793689430315525053,0.08230265075386446,0
793702435200340894,0.7653281232362724,1
793966927729526052,0.09465953070094497,0
793985712623454837,0.06749148285205107,0
794071520594124768,0.8242626804787848,1
794225336036117914,0.43612057924515624,0
794387732348122664,0.10151268072433874,0
790690458373831288,0.38051810491278215,0
790823862952309361,0.04360245542329475,0
790946338212660871,0.9125032245461131,1
791089336676417488,0.010500256823919753,0
791171438144825999,0.8171429294322569,1
791200059474381820,0.40689586984877407,0
791224387772379947,0.790552757674855,1
791250597874813492,0.04520818739107906,0
794976846491282708,0.08625686921417833,0
794987266231440933,0.024474832526721325,0
795110369832936703,0.01646818227646518,0
795151139193872895,0.12961776745581344,0
795186991590914531,0.06235882164746136,0
795449123169469966,0.5351015707792581,0
795600421725758974,0.007895814868086668,0
795672952188987474,0.0378297754884872,0
791289377443396780,0.5907328716203204,0
791325232039728302,0.22228164997536423,0
791460584187166313,0.20535653664427003,0
791539646807027059,0.8005281682115624,1
795728060620513850,0.39933467500289516,0
795748488553923191,0.016004549694000027,0
795767361445130827,0.09237112572755019,0
795853601050162136,0.017017776851535743,0
795905156272901704,0.023671747301418602,0
796202435145665961,0.8121997482098933,1
796272831722011455,0.007543448903113861,0
791547385152000202,0.05308228749611265,0
791899211876811806,0.8347284977927979,1
791961034657424212,0.11016147407868744,0
792014763599128593,0.2258506440481229,0
797187969473896429,0.08497277241604831,0
797294766825705391,0.07156274278638561,0
796277675829638670,0.46842431821670444,0
796292950336850099,0.3108318631481705,0
796330819102964562,0.18015078720137429,0
796332140450277332,0.025724916425026438,0
796409313475568477,0.06639557161434943,0
796476069779619310,0.037321140235179615,0
796476747136417108,0.35561789342402145,0
797342493959826831,0.30461169197102456,0
797348073045001503,0.8217373759200963,1
797408025766016354,0.7644775953428289,1
797532770024273727,0.28824765369851035,0
797577207386252643,0.06489793635810764,0
797749636813293902,0.10165037269460585,0
797846717846008314,0.816741057369106,1
797894095534905728,0.08099532666778449,0
798032385826364846,0.8142926076525848,1
798070055983611922,0.7889841253367084,1
798082812604809443,0.816741057369106,1
796542718936118514,0.21257715364666785,0
796552836624415606,0.09386005189223266,0
796586843818916029,0.4235311854282122,0
796596570478214970,0.03326833986034803,0
796660992700511337,0.01612864604306395,0
796960449374949639,0.74939352395827,1
796973696740712786,0.3999447827474024,0
796987227532480934,0.28730534034952077,0
798085838750475432,0.019209139189820795,0
798131035300073974,0.06147885749995386,0
798205651004437942,0.1372087112018296,0
798371719775859479,0.5757392656288205,0
798465931580249330,0.5040935198166856,0
796993840883802349,0.8000764720681238,1
796995020441290618,0.4716741111543843,0
797100390447847177,0.012861971862957351,0
797161677213334866,0.1407200299029508,0
802134195320486104,0.5015961481429212,0
802147501398480596,0.26738638287725597,0
802293068136903179,0.8502036508039,1
802408047891912894,0.006679561532991068,0
798499291435284270,0.18508535494117542,0
798552098675454820,0.11853423962807319,0
798797430485788840,0.06128342807791384,0
799162258800932959,0.7649184312789735,1
802469165911414491,0.764266150705685,1
802528180126158845,0.48538770103590884,0
802587549750267128,0.12255016743168953,0
802646882034233358,0.5548726817363541,0
802687894128187641,0.4463311679226838,0
802701696358654675,0.8370151866727693,1
802710662961559965,0.33923531674139124,0
802852592911003580,0.36737101267497363,0
799170991396680986,0.764662901432835,1
799180555434739980,0.7668047063263369,1
799189690264226761,0.7645767342023501,1
799196986985425752,0.7645767342023501,1
799298437148913940,0.8093665423254841,1
799406556818678045,0.5442148103916747,0
799414421319259127,0.18839214245239688,0
799440231073284274,0.021618550832613735,0
799478806479524557,0.013569642008590054,0
799513237725073820,0.013425292683491671,0
799530813091808684,0.00564837346773695,0
802877326807090745,0.09777486483946066,0
802886228752307356,0.09452517348207383,0
803019506754857519,0.03694861609465611,0
803036473552203166,0.020316625433936114,0
803122432860577324,0.04700519773221081,0
803364102565553735,0.7515030463749423,1
799545397069606750,0.029960951186155032,0
799731614530696207,0.018192205428068067,0
799918050841895335,0.21476915435711866,0
799928647325845976,0.16956464558026405,0
800054352598593965,0.06579346429326374,0
800130194293808699,0.006687178638680507,0
803382479124958259,0.7577786248335037,1
803488091392976613,0.062446729787771264,0
803552386184741557,0.8235644744432473,1
803725152355903109,0.03881523791263193,0
803900033218779798,0.7765402126396064,1
803909163389869172,0.4744537566625556,0
804263080422812027,0.024698717891064273,0
804468188565214896,0.049261204848644415,0
800152064408223661,0.7969251074749285,1
800165532354232730,0.030331014835777968,0
800175630360727966,0.0223191226774852,0
800225555580524286,0.21613778110856338,0
804582918613581571,0.0030208836556016674,0
805063753072151438,0.32819528242973023,0
805097623277517080,0.026346946351050553,0
805158793007109841,0.29488149262513463,0
805261820765910707,0.08882345271882483,0
800437249525223935,0.25033727462646843,0
800545475384736198,0.7916233340891052,1
800620149781852857,0.06249187755718999,0
800621544990660790,0.8130628011497394,1
800622061064335597,0.823534536249472,1
800634656799444071,0.12785721755388432,0
800738837396327435,0.7438171102964668,0
805262340426539445,0.8124335777607485,1
805277288619637431,0.045205266655883494,0
805288292321801605,0.06856535687080591,0
805345391228904561,0.7166313055888714,0
805356815376500120,0.19695034440963846,0
805601358075133143,0.813322687236401,1
805601743909177540,0.5754228602220113,0
805725215071886985,0.021103541132774305,0
800784650035007772,0.10241080057580307,0
800860095602948972,0.02278117011077219,0
800922424201638568,0.2529184965469293,0
801004802797774782,0.17820062266131334,0
801010874739650352,0.15062858467343765,0
801014523878814505,0.051703579284312226,0
801017993216537396,0.043443643623333056,0
801220797184122272,0.8129124943399636,1
801304229514196754,0.8455312974627115,1
805805963320996000,0.026136025351947905,0
806060163730588111,0.014620440162053189,0
806094615394129673,0.7166759000077376,0
806208335662808362,0.7787188613895432,1
806208895285808888,0.7531255644017932,1
806209199376610940,0.7470046276202219,0
806346987571174223,0.7654495788061861,1
806394951574081856,0.7121384036341288,0
801447078817471585,0.14486342335945462,0
801466561343424271,0.8042623867749459,1
801474015810755017,0.008269028219430416,0
801478784227176336,0.25708351635262217,0
806402459421346488,0.7120616049250462,0
806454044338089289,0.017574235348826826,0
806488692376848975,0.06502000231135721,0
806496948572480124,0.685335993002958,0
806559695552186402,0.4784675196504492,0
806593875700297041,0.5361716024036544,0
801606628280383620,0.04095996960575724,0
801683077873210778,0.7137163384237384,0
801688678773662248,0.03839924366536608,0
801711929496391506,0.06731161466297603,0
801749842377802394,0.8057412756300238,1
801950962536207360,0.1744617157915454,0
802000625835644351,0.8221888935751557,1
806772034013586078,0.7883360281834207,1
806807540134759323,0.01922570830139034,0
806814059542619975,0.23648295806132766,0
806899252911679312,0.8138530313520701,1
807000904173339945,0.8011353948433942,1
807172063275763015,0.014635078440988193,0
807237286663146622,0.18585794133695807,0
802039755779496218,0.8399194219922579,1
807348839788084623,0.4937832881963805,0
807410366379540471,0.7773912512232635,1
807463231771532858,0.7733492432500487,1
807467054653213959,0.7971683006988605,1
807536724341035252,0.17093262782784713,0
807573829682972166,0.17572227208618663,0
807723813200018804,0.7518742133171918,1
807275444865070916,0.0076512619929774706,0
807299063858848749,0.8020297481578481,1
810446395831534876,0.08501626799500114,0
810755302125055085,0.752125596233602,1
810759129656828106,0.007822525775876783,0
810774276186071072,0.007532230870016172,0
810830041327117144,0.4116996589777721,0
810830154939980866,0.02652875560868111,0
810871681374370809,0.0763231648716415,0
807826416863866703,0.33023738926929375,0
807905405566350881,0.053842438953636225,0
807919911088300640,0.4834629349963309,0
807927925274837556,0.0640725363223045,0
807945843450389326,0.10862787714885908,0
807957188943197036,0.006699524417985157,0
810938423027148377,0.7721046471518789,1
810943286160067072,0.7686140242546865,1
811013982349538234,0.10447181021777253,0
811090179019174805,0.08496635558354075,0
811100013407497294,0.7961982099294284,1
811131528679964756,0.2075261319846812,0
811177977370215808,0.7134602194647305,0
808048450412493213,0.10795479904657229,0
808151077351402875,0.2106811081526828,0
808296073504455291,0.022483563215127126,0
808386228706904148,0.011271921996279032,0
811452732576174040,0.019997163354646918,0
811480555977826304,0.7134602194647305,0
811503738270440757,0.713198102958165,0
811509208342037066,0.3573365088180327,0
811516531230788102,0.7130655926271162,0
811520842318764028,0.8080189810928056,1
811589415141588632,0.06670126263099253,0
811605866541468809,0.10121355395695855,0
811616685470196321,0.8098324130173465,1
811638251522261624,0.808662080008252,1
808466217693273962,0.574060365188979,0
808466571599498269,0.8181493373213284,1
808570671122929101,0.7113543472800747,0
808624705090281349,0.031174694164390178,0
808627685964930371,0.7988557032437251,1
808627778501508750,0.7988557032437251,1
808627859776945520,0.7988557032437251,1
808627949318404786,0.7988557032437251,1
808628037194879729,0.7988557032437251,1
808628302996990115,0.7988557032437251,1
808628304855649271,0.7988557032437251,1
808628438347816708,0.7988557032437251,1
811691110854757146,0.16252448524092505,0
811784480371839660,0.20603463644927025,0
811794915460622851,0.004232553634073772,0
811811665116059750,0.03363865449943522,0
812142220944834128,0.004551617687619582,0
812303911037205133,0.39638820015992554,0
812363361679077941,0.0058687687282148165,0
808628534079968724,0.7988557032437251,1
808629336659570094,0.7988557032437251,1
808629343999219473,0.7988557032437251,1
808629391209329400,0.7988557032437251,1
808629522066886810,0.7988557032437251,1
808629563338473159,0.7988557032437251,1
808629644846116021,0.8005444601434546,1
808629727441761020,0.8005444601434546,1
808629897642520802,0.8005444601434546,1
808629899486594865,0.8005444601434546,1
808629974245769898,0.8005444601434546,1
812364312949019978,0.14697071914074597,0
812515079646741128,0.01240513844511743,0
812525039857019552,0.007050624599089157,0
812549975278498757,0.3190429194471555,0
812595351840904723,0.11842540351537803,0
812614501465645508,0.5366617870580406,0
812619518792931382,0.7737869154463781,1
812649282770207903,0.0764753282234168,0
812650377737473108,0.19716548614369003,0
812824433682429889,0.8189284916547549,1
808630105620176598,0.8105847938325441,1
808630199296631199,0.8105847938325441,1
808630277447023911,0.8105847938325441,1
808630375571933404,0.8105847938325441,1
808630467328402208,0.8105847938325441,1
808630550223421071,0.8105847938325441,1
808630627122603156,0.8105847938325441,1
808630713892978799,0.8105847938325441,1
808630794075602246,0.8105847938325441,1
808630883049503411,0.8105847938325441,1
808631031500163292,0.8220673743125776,1
808631194272172831,0.8220673743125776,1
808631322516608776,0.8220673743125776,1
808631333908940933,0.8220673743125776,1
808631435183179517,0.8220673743125776,1
812888118606679527,0.21798722865525108,0
812904501672660576,0.7645767342023501,1
812918853506988002,0.7641594758453654,1
812940893548383179,0.764266150705685,1
812942450524640668,0.007325210140747791,0
812960706146211564,0.12723300791122266,0
812963637210021030,0.005900921998568778,0
813080654981727113,0.08887600830150423,0
813087117074496388,0.2580802269001844,0
813179182445362705,0.053319184867787216,0
808631547885072196,0.8220673743125776,1
808631713116748676,0.8220673743125776,1
808631814620049469,0.8220673743125776,1
808631861903365769,0.8220673743125776,1
808631954436702819,0.8220673743125776,1
808648020409908524,0.03274891750360784,0
808681126216283038,0.2655282304330313,0
813619299927003389,0.10531742992533398,0
813641968666191978,0.349898029241955,0
813643267419061734,0.1845770417629081,0
813644062830607785,0.05724706945424319,0
813699540556853516,0.8053884888403867,1
813699649442418444,0.8053884888403867,1
813699714183483903,0.8053884888403867,1
813699809642365517,0.8053884888403867,1
808720738631007169,0.4964835401657705,0
808833553841121814,0.82925431825912,1
808885374393371918,0.0080009574593125,0
813699890174846244,0.8053884888403867,1
813700036702759694,0.8140365880832037,1
813700131988722555,0.8140365880832037,1
813700178841582736,0.8140365880832037,1
813700254399959987,0.8140365880832037,1
813700326001228334,0.8140365880832037,1
813700607153501046,0.8242207813997736,1
813700748758406957,0.8242207813997736,1
813700878957374342,0.8251570974488341,1
809308909633542851,0.004436496810407204,0
809348379579209580,0.02729672798812855,0
809427195635289424,0.02034583352008595,0
809457478921671235,0.8338723934216646,1
809503558229015441,0.033249318912118284,0
809518045636653120,0.26154433868450955,0
809649506221297892,0.1744420238945501,0
809740250942429741,0.04544646867211542,0
813700910308163425,0.8242207813997736,1
813700923615597690,0.8044366260577414,1
813700999695743209,0.8044366260577414,1
813701095604735279,0.8044366260577414,1
813701182063614934,0.8044366260577414,1
813701258122616967,0.8044366260577414,1
813723668254003862,0.25273115010411235,0
813784922457452129,0.3976845707055087,0
813793851865030503,0.06509719541271615,0
813795604614689001,0.47389794020634224,0
810121182812488899,0.8588553034816967,1
810426522723187669,0.029059449373795485,0
813935270908007609,0.297992164470571,0
813951398799568395,0.3603894832522762,0
814035938732105780,0.024348949683140376,0
814140499041386815,0.5063240651472394,0
814152362544321220,0.5975286599319303,0
814152493798462336,0.39968406147418756,0
814152878553377349,0.44131554792194555,0
814153223490009645,0.4929560889347381,0
814165801113930661,0.33268680899014685,0
818125827182233766,0.08698626958476387,0
818179625602858926,0.46158099251332707,0
818209290472580619,0.012535515937629464,0
818211569486005441,0.01971391294610243,0
818227802719333778,0.07003549363355002,0
818273690583791382,0.339178365916955,0
818343840653731944,0.011209531637999115,0
818785714339118256,0.8124053208842581,1
818852366357722810,0.7603158903805953,1
814665504437654778,0.012531363848277657,0
814741679869275205,0.6419185879403665,0
814892634456211326,0.10191208308168491,0
815120807794894299,0.8016829648931867,1
815148194323194736,0.2176172441158911,0
818990900951340331,0.02934897433086522,0
819298965203188593,0.01191791788357669,0
819412869698280943,0.05258009043649197,0
819414242602084580,0.019008867487344424,0
819507461872359629,0.3343579555795942,0
819586023258001487,0.06668924896825061,0
819711620719566358,0.8109034196340541,1
819761922178142776,0.7928620917769028,1
815196047046719915,0.07039344304534308,0
815218881748870384,0.12131367902865689,0
815232656029874377,0.043494354511693166,0
815302297449439868,0.011041146107627022,0
815406323850393403,0.0381879157613426,0
820361475735199804,0.12715844636095416,0
820391438673266629,0.10562321223057587,0
820498236955797984,0.16097084581887838,0
820545553376050082,0.7926509809265948,1
820671459392875676,0.7647485696270304,1
815891316205624928,0.007502573210572995,0
815905515940429741,0.023899545421202168,0
816102839080885333,0.28400906613569926,0
816171035608966135,0.772619447503079,1
816182291434872215,0.07723184472458951,0
820866532149885436,0.09174963092235755,0
820930067227183497,0.7640521560072561,1
820973617127079733,0.14611951303388498,0
821008630461119661,0.5553044928665162,0
821012397088618609,0.793808349346088,1
821019243721350862,0.5826920967799621,0
821019725341194896,0.3285525664391836,0
821020138220358249,0.6762215314409946,0
821027441104935897,0.5439443380664718,0
816320941221100049,0.021637427707059523,0
816753648317535998,0.09471843601028476,0
816768813156134404,0.31311573658153247,0
816783428767938211,0.08519907899453459,0
816848131067274281,0.4190296810850492,0
821029707655831334,0.5602156624411642,0
821030948961436015,0.5897814958346288,0
821031571738778785,0.4923337327222156,0
821031760388969580,0.7914093733140063,1
821032662304058466,0.8135475424359783,1
821034110666008939,0.44749451518432204,0
821035041004824848,0.541056257070239,0
821037493315566324,0.79284327431539,1
821039716685433489,0.510120683462443,0
821042511119924424,0.47196699654965685,0
821045754911305756,0.518366906759568,0
816918519230676255,0.4526701979040632,0
816988342858515999,0.28314047028622336,0
816993818031596566,0.11287707955213784,0
817035992237456061,0.004194358053765274,0
817229143963095637,0.8177736709151849,1
817246542999315934,0.8695926009261169,1
817337173977098818,0.006934716844050858,0
821073821703888212,0.3270481342495872,0
821496587955779196,0.7481828483348825,1
821532299969370557,0.7694997507965305,1
821620096485245785,0.30142233968105264,0
821678072574201886,0.4001922128694649,0
821692456646624732,0.6885212242245689,0
817419227535954823,0.060223386303821944,0
817490864743448479,0.08177065522830596,0
817571435911571082,0.035209108021209336,0
817580985819220523,0.0769073218232949,0
817650219257594527,0.19774320783596064,0
817891489793125737,0.8144083675775485,1
821745411929728188,0.8307872540411103,1
821812150063956321,0.08541449418127438,0
821872067238466790,0.08875575871428555,0
821890279132867622,0.029619088982082997,0
821903428567245708,0.029356025707938133,0
821912872421792536,0.8179801427043913,1
817955264395137862,0.04991993423432776,0
817989481842751653,0.8158355405529276,1
818063842815793153,0.04316985496867221,0
818082696608058770,0.534504614006843,0
818087759889734860,0.7906168261624823,1
818090794671877501,0.7917445852504102,1
818098463249824835,0.8183597531683081,1
818099336473939614,0.5951772146018168,0
822188649801139573,0.7496222271441237,1
822333830723573461,0.764266150705685,1
822360755166514836,0.7633274095919877,1
822366022120332071,0.7639441835649704,1
822376759890209277,0.7628703901500081,1
822381092426074362,0.02855415104227592,0
822383556854983290,0.18664954248266757,0
818113264111815180,0.5521496380649653,0
818117820760322238,0.5620031127902975,0
818118331588449510,0.48395111824920134,0
818119556081729494,0.56192881676072,0
818123992750150461,0.4978678918521009,0
818124366423505608,0.8620298900243797,1
823162870267898572,0.4921151170365447,0
822384074004886757,0.026463044502196893,0
822516214222849642,0.8517157514394895,1
822551687278405345,0.2458242771618197,0
822558617844543273,0.5932532633057496,0
822562635742641880,0.020257270078252322,0
822597665094988187,0.032305015201182376,0
823240139168836992,0.1632134627048214,0
823336914508128675,0.6953806492319012,0
823349333746787093,0.8214669202014028,1
823353128006666274,0.08903742969693781,0
823357651013487120,0.8327224407598316,1
822627637431135533,0.05923313815023714,0
822658910988915901,0.07416357351381624,0
822707124118259327,0.11713540321024918,0
822759892870461459,0.024646677624601782,0
822778389069736671,0.0242927299985208,0
822928524915128534,0.760789097217198,1
824811980486472568,0.5586303262118193,0
823377990550060379,0.6749810846247947,0
823392763573738506,0.8166389703590298,1
823403018504800609,0.02845057968688221,0
823406575491358222,0.485940799234274,0
823416365857983355,0.8079916123136204,1
823424973232990714,0.8162394185904457,1
823439230480225108,0.8158629882207505,1
823456614151897188,0.8167696846363494,1
823475329896774330,0.07851934638594076,0
824818738378350048,0.49936373104293674,0
824835446046541942,0.795530391679534,1
824846750512618687,0.45024013468861335,0
824852741556658878,0.7689501515015974,1
824997515300157532,0.4233544237404769,0
825247324039186969,0.14532147717170174,0
825394549344382800,0.011965717110284654,0
823481564766373076,0.5781981246453727,0
823497836432683079,0.8166389703590298,1
823518170965571711,0.8171594151412004,1
823533625613996196,0.8160353331963129,1
823726404934978117,0.23755898222261115,0
823801547229200571,0.8417818780547575,1
823802490232227719,0.8546625548828998,1
823814510650049791,0.06355821476123331,0
825404242518614691,0.016986491348699135,0
825477784904207437,0.13640904348345018,0
825866626338422850,0.2738277430557453,0
823846058822740902,0.7820668915309724,1
823873279680543477,0.026096158674128817,0
823892595257100057,0.0908625682902294,0
823919993371756124,0.133053689910883,0
823952971853742254,0.24762495833730488,0
823957834958768027,0.7009683897136525,0
823967185013463654,0.8154794964000563,1
823980443835339124,0.7900533456489082,1
823983957277988099,0.3012075660153528,0
825961541772527159,0.81026710848702,1
825968755994219686,0.3456927737308915,0
826005317265632784,0.05962805130667822,0
823993957815916168,0.7840880214680349,1
824002783527215478,0.7368768100640224,0
824015275540386225,0.8098265104657616,1
824019592196865018,0.3670806385597068,0
824020651172625704,0.6319776105429453,0
824027183533763671,0.7021741718155792,0
824043361946855010,0.8070482141143323,1
824061685139152766,0.5060533863845468,0
826094504335640745,0.5304885913936669,0
826143163900874973,0.3697513578337328,0
826179887903185453,0.02289963797779138,0
826261336861117040,0.02122501145879129,0
826289502008928314,0.3033757187597393,0
826294884471865993,0.38055575642234457,0
824070818784226501,0.8076182312758564,1
824108080864720053,0.7737877686534552,1
824137752947298282,0.7677737722677128,1
824147186167780504,0.8074928090046447,1
824158611517383045,0.8069994811746478,1
824184435065961691,0.7681562998206929,1
824207879465231300,0.7696185125153534,1
824207931155452360,0.021137299229683947,0
826301711151025362,0.010565132901769882,0
826324925710643890,0.1507080958319131,0
826423047200477941,0.08498835353609722,0
826453415903291508,0.8062781302302175,1
824218029309043587,0.6500878932599616,0
824311609636415604,0.5606404806594542,0
824313129458639258,0.38126836609780995,0
824316796061727879,0.4585635049093464,0
824327659189660889,0.6907344824096753,0
824505288280530137,0.6914763136634259,0
824534556141352442,0.18607525160003746,0
824581370085361147,0.4137611107478183,0
826470917092943853,0.8094767599063211,1
826490298309242331,0.3923019983958071,0
826626089794986454,0.796921632127424,1
826770129027843748,0.6832207564930234,0
826787661243638037,0.5195741526422554,0
826789265612203414,0.7707233958188614,1
824642500642437382,0.11872432469313242,0
824655023444498473,0.038625144944317916,0
824659055427131007,0.5880004633444346,0
824679086783355249,0.5026831567008251,0
824686093613308495,0.5575053502373747,0
824695090652114564,0.06266808352994852,0
824703307818049942,0.5390362401006601,0
826791045908778765,0.6349256075350386,0
826816052014979983,0.45793050329953733,0
826953587228902015,0.21945673870416946,0
826954611754394920,0.8277367366350766,1
826969224903199121,0.2827070082274335,0
827002640925575966,0.2623862024433439,0
824706664345603007,0.600414130523523,0
824708897502231070,0.8226180583963086,1
824723283087430170,0.7648942538713996,1
824736120120911591,0.4997824520066508,0
824749079501370777,0.010595284940315001,0
824752784171698084,0.5003349514450252,0
824773807735374874,0.5430222565134964,0
824780355637263365,0.7652638651186509,1
827078574137668934,0.764266150705685,1
827131170644556587,0.764662901432835,1
827376071474257667,0.7634779132794587,1
827384477544852712,0.763835550757294,1
827423328399331714,0.011238578170628406,0
827423858824146634,0.4342191106604028,0
824789430249331702,0.49851482029406174,0
824800297869336058,0.795680205105998,1
829047208265111307,0.4976575041099019,0
829139485988087913,0.08574856651557021,0
829141633548661267,0.21522701089918467,0
829412640299033842,0.024793229609692415,0
829588915244027854,0.796921632127424,1
829707243638137134,0.7929997824645233,1
827438472468771617,0.4605093055806776,0
827442154457479957,0.438927897128584,0
827459282145425543,0.3383010318858336,0
827462961830020987,0.24313349605954676,0
827550929803566942,0.19018931112780835,0
827615113875084829,0.3353016632647333,0
827637596661542309,0.8057795739364478,1
829992739790275700,0.7130655926271162,0
830074407524805248,0.31507817908895774,0
830074416009533879,0.10135171268029934,0
830168647098232618,0.8039821603871035,1
830243073885397256,0.04791047155626025,0
830351042822418501,0.014375559841029999,0
830355450769846735,0.418506674508253,0
830381769674857235,0.0857333508696185,0
830527470253057745,0.386301879265501,0
830610321913691030,0.02953239179837961,0
827664801029126722,0.02650440651357722,0
827670335196395931,0.5174114726620476,0
827691914693479588,0.19051712921933178,0
827782225194164859,0.7636162723075818,1
827798633571141179,0.03476216630678501,0
827836215881086208,0.015003808194298142,0
827846475904191618,0.7631760349922994,1
828006200123947421,0.7732399353468776,1
828152028875658486,0.3664139973470079,0
830634705984116989,0.23539024777446568,0
830647567231017102,0.7594981591098618,1
830656153550799267,0.8631249626711155,1
830675617804023987,0.854949974371032,1
830682282357157632,0.8631249626711155,1
830964462652326315,0.8117827911947062,1
831063643941032636,0.02499730563369026,0
831071199689672078,0.007938657869240247,0
828351902692226657,0.005968662608541293,0
828379893246126050,0.005382553559855543,0
828468031489975936,0.039451264403306464,0
828516904142959209,0.41757446644628804,0
828797602316326682,0.37440766713038925,0
828849279205396178,0.02708174501634816,0
828892761093335605,0.7710372013407648,1
828921231509400639,0.7707233958188614,1
828923867578229929,0.7707233958188614,1
831167886889726935,0.0869048712978033,0
831215011193019352,0.022565032922802982,0
831287359195264999,0.14435379783954533,0
831345651987770923,0.11464792468769552,0
831403481895281193,0.02586952005175678,0
831408392595434781,0.7040971321212921,0
831527649339027569,0.04107786284053502,0
828943044984014984,0.032152495267108026,0
828975443887378700,0.4430798743782963,0
829004570141942872,0.06743601345089571,0
834949788293241118,0.4840273271506309,0
835034745398769498,0.0401014488228909,0
831739059877804982,0.4194311998444535,0
831750401259376735,0.04756945501290984,0
831804006273315173,0.7217779940237246,0
831871731252762706,0.513975293157359,0
831877664353048825,0.7923311199641679,1
832049412685764760,0.8133247620347019,1
832075125839194086,0.7985846077721247,1
832116320078489581,0.744673833733359,0
832495545734122740,0.7810760834253566,1
832521423146425469,0.5002383259587685,0
835091050665213129,0.5595380805354516,0
835469828197383326,0.25628306744128604,0
835628809880515514,0.2232742106836604,0
835694570564388515,0.09802371103941859,0
835746654919179374,0.8050691443088992,1
835879999990852486,0.8261120590353882,1
832527577617424055,0.7652206762960295,1
832551996657489389,0.8005081353542784,1
832687086291691082,0.012720031669755641,0
832761665452783066,0.8024668193148609,1
832825426759488355,0.81714407194535,1
832926612618262513,0.7165043293319467,0
835923623157525975,0.03946136023519154,0
835928798451571206,0.06587011360384545,0
835934696620291215,0.02362689484094702,0
836098744894657768,0.7167202485119001,0
836106623462339161,0.05095664001585429,0
836109742135678312,0.5364165937690055,0
833232881348220878,0.7163418012705329,0
833238100106571339,0.7133296406064298,0
833310434929138937,0.06007086462189211,0
833458528952634774,0.016278999985641224,0
833469190636161184,0.8136864447708794,1
833472723526637676,0.8231057226585621,1
833553765502450102,0.1271203121857219,0
833588625708953989,0.48641722760578415,0
836110322731098202,0.8818880545723387,1
836118007460273820,0.005162323091420708,0
836120656034901766,0.8843220613987216,1
836120834301143556,0.5036600940311856,0
836121760362411323,0.003982225716207161,0
836126872335757274,0.5430880349947161,0
836129981914196311,0.8888977772933516,1
836143712015846264,0.003807024429060097,0
836149853009345396,0.013898667597534466,0
836217704130033621,0.7851734464963487,1
836251283404712012,0.32985470201776845,0
833871341556397892,0.014030551140681134,0
833930218211281670,0.4439172254929393,0
833971342027321234,0.02793014572224349,0
834135838650148296,0.16089092143485587,0
834211463376372321,0.5178354669714214,0
834212331898670829,0.8383507142884191,1
834259639960441445,0.16721913565847588,0
836260974611821702,0.18665044407390038,0
836291707199025319,0.029353246213411874,0
836329016202899281,0.03451983779623826,0
836392619479597624,0.004116622164095074,0
836435885170591095,0.0027055417176792074,0
836505598393075125,0.04163728587879989,0
836823818517192081,0.3393317523404662,0
834674710327656289,0.005774388172134499,0
834733705556228356,0.14617719724680317,0
834792528293666440,0.2850170440169202,0
834818502256471453,0.23221962739937305,0
834851134880546221,0.008070853078496278,0
834856584078486542,0.12544232665165356,0
834870310815433942,0.4178958555736602,0
834898684259417407,0.8103931307437413,1
836909205162247606,0.056550432238365075,0
836929065600380921,0.732458838592662,0
836969659440950649,0.28498549791769157,0
837020791066932572,0.30153335113545443,0
837029221074776517,0.8273621099052093,1
837067530170726009,0.10114540434118056,0
837108131763380339,0.4631595688394635,0
837149679437985752,0.07548207653911357,0
837213410815312557,0.0049085701918270075,0
837553678722454357,0.5357309377683587,0
838435059333997811,0.03830318202763733,0
838475540075168335,0.782962367430909,1
838643680804220913,0.5268321993327546,0
837570147831223278,0.1868560696812917,0
837590494379094798,0.2255540831196124,0
837596213891828121,0.7937210095764895,1
837601171260417968,0.36055139239983786,0
837615861348802891,0.013302536399822052,0
837637518064498209,0.27188148509416704,0
837666970450706079,0.012812208596699145,0
837677241873217389,0.028247892482277725,0
837705512484546536,0.8325029222868372,1
838864017534757170,0.5500776040449563,0
839002442072975085,0.5696201785263466,0
839011785416234767,0.06831722628920336,0
839016996293180615,0.8069258522853041,1
839034010728630188,0.3179987774281335,0
839122362661827573,0.8147000044701797,1
839138896528698210,0.10995401828318808,0
839214509166617431,0.32110336379136917,0
839331256860792652,0.03444694117909216,0
837710549549184416,0.008400390855421417,0
837729407448901485,0.4219005405543026,0
837800636838438304,0.04770365616992095,0
837852270134939044,0.07630044230243979,0
837888270806369904,0.07022915246710296,0
837909730353865269,0.07187404082566873,0
837954385452241019,0.7737869154463781,1
839363985423930842,0.014239593640597334,0
839373823395998459,0.033195633380222335,0
839415800079955074,0.024635608809108298,0
839814083143454171,0.8273119531953453,1
839832783319798273,0.034290389713329476,0
837973163592414954,0.4911667505199568,0
838047023330162496,0.8245442732881533,1
838047027381953926,0.7821900250618677,1
838140438684301140,0.8167407726909286,1
838140921544263409,0.811843016424716,1
838141198693830649,0.8081297246360432,1
839904583057491087,0.023595001501284633,0
840040983573141067,0.020254204827513448,0
840073360095363711,0.0823568547203213,0
840185619302876324,0.365190063725965,0
840836892210118758,0.3412702905292147,0
838218404811254111,0.2488003708672682,0
838222335282904975,0.08742062923774908,0
838318413207505639,0.7528026724782572,1
838321552121170735,0.032203682094762744,0
842810190442498314,0.7928264370586263,1
842859220033081539,0.0020169242822490985,0
840868276915949369,0.05258079616386013,0
840915812158141698,0.8113298021255302,1
841160224790717487,0.0552802988115224,0
841292661317496577,0.08277995358456244,0
841300394500737442,0.05355212725568941,0
841313992614806016,0.005680430497298586,0
841368449428969241,0.048302557487524975,0
841375126168259482,0.2669145375999653,0
842876131443629692,0.008598964265397427,0
842923312130748655,0.48363727553518904,0
842978126440326634,0.8235417592587455,1
843026966136839934,0.4467264968979773,0
843041198653798373,0.16927588153812897,0
843067632656304283,0.03793306464178405,0
843120641045897604,0.7911515187905995,1
843182778674338264,0.11728338628957741,0
841416582693430357,0.046051266438698876,0
841529572949852894,0.061798414745545566,0
841536197790389488,0.28198671410242965,0
841959017859906169,0.01338019041799017,0
842055611883190347,0.028082798599321206,0
842077360551879392,0.8086332231326152,1
842118935122565420,0.03149432167584965,0
843260927484263191,0.009474421299624197,0
843397008430876455,0.10246833643837314,0
843420472067241296,0.10098427293319923,0
843421506658841795,0.41912507963105244,0
843433367407788343,0.11264237566876056,0
843468602620951565,0.023239850330624208,0
842119542861549682,0.049088205909769214,0
842154812552617797,0.07075414087474366,0
842270334846674618,0.26626229483693786,0
842303573357572989,0.3178003057950709,0
842332006598538904,0.24275902020392665,0
842654095670281349,0.36250541380914225,0
843487553292371210,0.03786469339537075,0
843522384418926967,0.7992376229884176,1
843566843959251599,0.00873836903198447,0
843579161660140499,0.011133995678711395,0
843604153165005184,0.4244822951657619,0
843636324402955937,0.013156441779576367,0
843637443120669075,0.03936449497441995,0
843639399638398264,0.042919337344923994,0
843665683615037862,0.019946945297772748,0
842691777475545064,0.813748926887311,1
842693421738271534,0.7722494100765723,1
842710704051634071,0.009874618205622137,0
842724427498164965,0.44846655682700687,0
842725190103388713,0.0359351218366071,0
842755346079535776,0.3710049311340306,0
842763254864969121,0.0569082065302703,0
842776676158517297,0.018691586441078635,0
842790326832860482,0.39916099619271106,0
844016394264859192,0.3014291173915994,0
844017044001139450,0.010771350515958813,0
844017048694252681,0.06670444023371462,0
844029641961371023,0.2547231631762524,0
844045896754574247,0.8091750630712945,1
842802021893434513,0.7978698362888824,1
846997594331753366,0.8669054453558898,1
846997756027374861,0.14001776594919302,0
846998028506317248,0.11331978785602859,0
847060268481987785,0.05005929127324297,0
847073826029422248,0.7546616074075128,1
844299534820696669,0.22475217879728454,0
844467180001617592,0.09774291460185666,0
844838352973010367,0.8020791724457421,1
845041278365372205,0.19889153202664503,0
847074245784350188,0.5589970135808057,0
847076168679282117,0.8014013489083858,1
847087780844574910,0.4006297039594225,0
847088264340785190,0.7289995210871543,0
847088716587790052,0.7300132569547203,0
847095858274228094,0.8153718945067705,1
847102011520679894,0.72635803313368,0
847104056413213162,0.7289995210871543,0
847104466265879180,0.7300132569547203,0
845098253984969033,0.8043597491220025,1
845209255123786924,0.5188215780687813,0
845212590532301127,0.08455592842242333,0
845309991878712816,0.3461257492994725,0
845498300976332882,0.09696526667585731,0
847113109243256072,0.5606428945788252,0
847115675515322373,0.3597452633776751,0
847275579020579828,0.02221105326256731,0
845549971133257062,0.06660381160412517,0
845560218300355960,0.026854232883716984,0
845589524179766526,0.7664715944731095,1
845593284017518424,0.7637262496850018,1
845593471934446203,0.764266150705685,1
845595188056013778,0.7645767342023501,1
847276077259113716,0.02554747022372928,0
847276083866577520,0.02439684397961771,0
847330895220128568,0.022412464708697004,0
847386759152293390,0.7273082952774811,0
847388401932859187,0.5703441937984494,0
847388511756915536,0.731156796129584,0
845596919658541172,0.5360429616424889,0
845673513670510598,0.5198472704200224,0
845739414386723045,0.2972972290017378,0
845846218230382008,0.2436775669864544,0
846019068928133440,0.31253794018388814,0
846159021680447362,0.1476439532324874,0
847601654133805278,0.7495652384360505,1
847617675503248401,0.020587264151051162,0
847626209769232363,0.3794096345123452,0
847645121415435614,0.8287457032476014,1
847655639426494365,0.3837123700281119,0
847655996659849184,0.7244933577658214,0
847660310915905721,0.05426384925348155,0
846162633162567022,0.753686670739043,1
846286215701421421,0.7648419551720177,1
846357775746150075,0.8017060063210161,1
846382535724977704,0.3410352605398115,0
846426507440770607,0.03996585188715645,0
847891629085072408,0.7720838430180579,1
847892495602190847,0.7708844895348311,1
847893904007149152,0.7708844895348311,1
847896617602380673,0.7708844895348311,1
846483577749999772,0.5250522975219362,0
846502217501118724,0.049072027200500426,0
846524013295393960,0.8592767670628991,1
846546411200661715,0.018207319946444686,0
848015889649001582,0.514115468041839,0
848016516513859179,0.7330024752460446,0
848063156347741909,0.7227471613240014,0
848080152090891276,0.7265017196382413,0
848080360692448777,0.4650369523314805,0
846649168437586864,0.5188123446387207,0
846649972533138229,0.7540482579640909,1
848081973688682867,0.022045609741716373,0
848092180307734416,0.2186356134293441,0
848096495893199846,0.3801802367863891,0
848096536616781570,0.44317418231116906,0
848096577738722997,0.7250140919266567,0
848110172251227897,0.4446609189616212,0
848110289480552133,0.4093800895406736,0
846650210494283864,0.4805310782043097,0
846820283724677140,0.03777591869429743,0
846927779366533939,0.07375527262052464,0
846954471654735419,0.008869509147708366,0
846955971288535334,0.8219641476285888,1
846973595051672684,0.04975273955396283,0
846996887188956947,0.8438620584254307,1
848577958550471596,0.023883700997978905,0
848127304112491553,0.7210647912958921,0
848127498966265828,0.5287451643105083,0
848233961169303607,0.44992791802490967,0
848235377484027783,0.7237292718580889,0
848404919151240985,0.338551345141366,0
848416944928326419,0.8050691443088992,1
848434404988665136,0.5663084155990584,0
848458045522763649,0.8038180774648291,1
848571829871964537,0.020928884637187683,0
848600126597705252,0.1452622170444804,0
848627681349272330,0.44528307660927363,0
848639150774171406,0.49918156095785665,0
848648275744932650,0.8288545663932555,1
848688887881823440,0.009813542984386138,0
848700499893494953,0.1141126136195074,0
849089372266891592,0.007350119830331464,0
853708485423716426,0.035584267264300966,0
854223736955826087,0.7677659773115243,1
854263144503416151,0.07525864350680408,0
854263401766388076,0.033118074834173915,0
854291865963468254,0.26254006570449867,0
854361894828191891,0.5542482660110106,0
849159989403541622,0.4064843682125107,0
849199148002707818,0.8255685788703478,1
849315412913343353,0.06430472154937619,0
849355298615771362,0.5590096214313524,0
849458722007621708,0.05428286904471516,0
849516540539302137,0.09757586414087392,0
849578246398069958,0.720364653897715,0
854439069631231361,0.7867500856734123,1
854453201801767998,0.5932509294854708,0
854462861008883615,0.012223803748739513,0
854486627998924274,0.010083678070689222,0
854520205864838749,0.19332762867772,0
854904674304723636,0.10317009431572632,0
854942696371313509,0.0930688037284023,0
855169787137770665,0.18125564330672342,0
855175287799087813,0.18507984316892842,0
849766949872596187,0.008905233391659042,0
850000058467889828,0.4545788349538445,0
850068604258737442,0.7758025226150297,1
850082047929987986,0.020031205328216225,0
850085679404038080,0.0876596996432148,0
850200906094037889,0.028606046134356904,0
850619180497787481,0.5859838727939403,0
850620715416914851,0.7641594758453654,1
855233330415172667,0.3848505491421406,0
855287462356191079,0.03733812471732836,0
855633038154233030,0.14545390249111823,0
855690998868030307,0.7650863629793642,1
855699631161038780,0.0874872663627168,0
855705447881368204,0.3919780711452859,0
855858117414211119,0.8109647666872367,1
850663853879529531,0.1057946882599594,0
850720093399986020,0.031509659522762024,0
850813236031594023,0.03218440813722331,0
850926985725345985,0.004694603931451134,0
850944324306947041,0.8318534343450417,1
850956416012110188,0.2759843235827936,0
850972829284174961,0.00676792587506147,0
855951770337839321,0.12229303367996892,0
855961894411260875,0.16641079072614698,0
856249316379328038,0.02632060388403165,0
856256646708066759,0.6797348974954012,0
856336581177236867,0.1899530161096998,0
856356860792519943,0.8364122475386546,1
856382292926202871,0.01029753754445431,0
850994914110684147,0.03627688147441923,0
851268870316740374,0.25951172814747514,0
851299489251343109,0.839387037931033,1
851418937274147108,0.433661909803041,0
851448591738600547,0.8137733514755017,1
851703525774434254,0.7901811376465137,1
851748434941515981,0.3365982247085898,0
856469032632992649,0.26829865586195467,0
856506863490306029,0.012873060262148907,0
856524140333584118,0.057589339248355194,0
856530614801644801,0.4935285960284798,0
856617809936726317,0.8209915330795988,1
856651933812762904,0.03939434864606087,0
856674365271587414,0.2706754107323118,0
856735434937708938,0.4116505781751615,0
856790465100420535,0.04731469187149843,0
856843124617214103,0.5344334260784314,0
852041223399275274,0.7653890171278369,1
852055362497766950,0.7655098118155398,1
852058233566906557,0.7652658471013928,1
852097762131147029,0.021023278853511802,0
852216245968244426,0.5076826596244007,0
852231888519393589,0.8415290710823212,1
852293809096264492,0.47579804634975525,0
852308974299854597,0.4163900314720516,0
856885310810415292,0.0683334214907716,0
857023774778549107,0.5620824798865787,0
857039314350675881,0.3351452837440583,0
857062198263789456,0.7833333699782036,1
857079026453430439,0.0703727492273166,0
857103803651618158,0.03880771052377555,0
857118576611621658,0.041946467887499964,0
857137247614597916,0.7670502291714779,1
857168594847563363,0.7942303037795516,1
852309506287905145,0.46757131446437167,0
852368647478352245,0.0887785416804276,0
852496524274576225,0.7670502291714779,1
852508254859011603,0.7671312698402116,1
852516497115442763,0.7674515311115861,1
852533216053517812,0.764266150705685,1
852764807433955299,0.7650863629793642,1
852767241219252179,0.7644775953428289,1
857216097977521005,0.07351643587017533,0
857341470604785256,0.12307887227922858,0
857417526155184478,0.11548392296948762,0
857422905691998850,0.7613553681663432,1
857576331544501191,0.0093751589888162,0
857869072143873415,0.019245977848437557,0
857881360655894278,0.3598573157696143,0
852772116672194327,0.7639441835649704,1
852778088990777217,0.7637262496850018,1
852780155600628104,0.763835550757294,1
852794733717967525,0.7636162723075818,1
852835857036904951,0.05029127647401255,0
852884650232682299,0.7661030315462667,1
853028685326156511,0.16265731953006898,0
853033045815699256,0.8498142577025728,1
857908098860949283,0.3508404938797279,0
857920249258512670,0.06830379427383221,0
857981626958643059,0.13313450519336847,0
858062545028044267,0.08408397782124626,0
858197365700453988,0.511446998781039,0
858207672407178675,0.8074950625517823,1
858226550408323497,0.08992083117375728,0
858272839740348480,0.18165562589743273,0
858347373190592469,0.5610415444824631,0
853129844194650967,0.10646208109601783,0
853269117514653481,0.7668047063263369,1
853297381076137114,0.20924101668458805,0
853394785192534016,0.7497358335074525,1
853462912641913538,0.6348514895367652,0
853538253952954070,0.7133296406064298,0
858375248220142360,0.572536798937355,0
858399512890496136,0.755692769066486,1
858407311840630098,0.7571216579737905,1
853544111045060406,0.3044191429482323,0
863079371414230030,0.05982731429749092,0
863086394921757756,0.1583468121952396,0
863089350951779284,0.021396971288525413,0
863124089220260072,0.29612356564161657,0
863144823566273407,0.021562198535666252,0
863149230242102130,0.1208981242014278,0
863254886048091265,0.048769843527373055,0
858679273196045423,0.4094544634079793,0
858692736399542780,0.4250070608177931,0
858697692672545141,0.0002721869275781306,0
858708323647967485,0.5021081699019506,0
858736119167717150,0.059415225396764124,0
858742884623844884,0.11168842340254712,0
858763587774457966,0.8169394964870755,1
863368962371246498,0.764266150705685,1
863594130425703140,0.2931093243182768,0
863615264380782152,0.44508703961991286,0
863670264173228640,0.015906854686335938,0
863679242254441670,0.802478109187872,1
863733005126162178,0.8402948853416454,1
858782177517024951,0.04976634340044097,0
858809320345619069,0.0386852094947825,0
858818652549978819,0.851252713220269,1
858883993478311814,0.06160096262210897,0
859155756002790635,0.7525449017669674,1
859156243688052974,0.7507366600071821,1
859215377591012167,0.05344975200610183,0
859225590386560233,0.7245679572748844,0
859272312597021667,0.03954953506999085,0
859277415032066601,0.04425551284384205,0
863746617249208195,0.4598952059823909,0
863837770757500365,0.03506355346574156,0
863865333531295342,0.15541636525773428,0
863952239676350529,0.04731514995980378,0
863970120056671899,0.4009987915745555,0
863994418425862340,0.04684408180809649,0
864065069541988795,0.0481356458986073,0
864120969128195666,0.7640909820914907,1
859474530990564004,0.09207397015108176,0
859664945143080328,0.006613082888838473,0
859676226888260227,0.0388306304155195,0
859771139425703476,0.008448161851052093,0
860171140269043383,0.24385699296255037,0
860219417695095744,0.024249100669460733,0
860241816039531223,0.5451660945124317,0
864414440563027383,0.05150784924277011,0
865171499991948256,0.8183161447568907,1
865230549026339190,0.019479839754758886,0
865335974410390719,0.013161369582276709,0
865479841102912873,0.17795810709719576,0
860268952074614380,0.42219364128956216,0
860633567026070430,0.1812235910168056,0
860788937069153064,0.27981709392391674,0
860820994316209596,0.02396587227990419,0
860909296421311500,0.01029073376161707,0
865486116964150164,0.1251027288488427,0
865605175906629028,0.8156234435703439,1
865787534997394407,0.5222882385602294,0
865791593782195807,0.5978352713716639,0
865795436428289529,0.315930972179643,0
865828592376110628,0.12366998888348052,0
866020391538719699,0.010605223645435676,0
866028568381589241,0.3547313422961832,0
860932964024906492,0.23747550031107126,0
860957832109972386,0.790217420931517,1
861015405984233526,0.06543291865010682,0
861178335307696212,0.19649221764467742,0
861322572787764783,0.8135353999433844,1
861323064956564179,0.8141209668878766,1
861425260494982827,0.292509363261321,0
861436290141272191,0.5852597982937702,0
861473992704197120,0.8171429294322569,1
866098267798992244,0.1803208308675857,0
866110317260988889,0.4374486703901691,0
866409594143336866,0.3768016732881455,0
866504897024300729,0.8096384520973675,1
866505935950430131,0.010304293506855668,0
866518628279065718,0.3527104453630786,0
866646143317431123,0.26809885212175333,0
861584964614132041,0.004521401639353038,0
861588807272031658,0.1630027125998,0
861625396155486382,0.36057575589161894,0
861663857199612878,0.8182812653682356,1
861711118861248957,0.7869212891070793,1
861766175836746276,0.333008713279429,0
861772055508285344,0.24859060368496433,0
866698991976612799,0.22936897333825168,0
866726967608392853,0.19169334513208117,0
866773461643841206,0.007724150372221881,0
866859234391760001,0.01692051672006426,0
861891356327666003,0.816472938149975,1
861919045907837234,0.04749247560699685,0
862268458010507312,0.3439170943097834,0
862301260631895369,0.7670330216533678,1
862305603268828965,0.21698704201000263,0
862309807710272679,0.10660026260442748,0
862309823830890433,0.18008190873889154,0
862309850904527778,0.35835872755598247,0
866900662760031357,0.33023738926929375,0
866931048866229926,0.47553751259580385,0
866980963931403533,0.6072891059415346,0
867195127051545817,0.8119146782122014,1
867315278647828192,0.7127975968256934,0
867385242229456287,0.23813031629416576,0
867404878141992486,0.09052012238062443,0
867406219730555446,0.056458707404826544,0
867448908138953559,0.18212009840773274,0
867508048947886657,0.026626371055796915,0
862336728395638313,0.809868974116608,1
862340552185387998,0.5552081470567717,0
862341303159465325,0.8319850249083323,1
862392240139597676,0.10486344181474289,0
862558605624506287,0.21529493915431402,0
862624693922580366,0.032974395910846464,0
867626578080817403,0.8334017503838008,1
867959795483328509,0.2513331198690325,0
867964370199094869,0.45932246006619365,0
868137929514017172,0.4668845571721595,0
868140173684117848,0.005039863514258959,0
868216255208611744,0.03327849411265656,0
868474870479421673,0.7649184312789735,1
862648661131276981,0.008238261380839704,0
862664998185425084,0.07742490560252127,0
862665135567530067,0.11222508856178258,0
862911460310554685,0.7759913091020344,1
862998268756294318,0.044550185364845146,0
868570518187338432,0.5499635983639917,0
868673656780128788,0.7637262496850018,1
868765638450836099,0.8440550591891578,1
868477109181268687,0.764266150705685,1
868480657659408701,0.764266150705685,1
868483861214719143,0.7648337444014405,1
868486577217492874,0.5857853653342925,0
868488509107014555,0.5351015707792581,0
868569804607766610,0.6814858798237753,0
868570078307759732,0.7506820537795265,1
868570296963582156,0.7507366600071821,1
873267481107160615,0.17853473698678493,0
873392253229649061,0.08214957123460181,0
868766002052094233,0.07691073764236225,0
868788073943141532,0.03540821431012342,0
869073628135619552,0.06335541692235624,0
869156231243048170,0.30643070848673204,0
869351964326385706,0.08398362021910617,0
869434362358340890,0.45832671621543075,0
869485537018723078,0.8057412756300238,1
873413181470892642,0.329833466596427,0
873430115241136891,0.47968205097210836,0
873460455740000460,0.3724654981169385,0
873663191005881353,0.10308736047658887,0
873814186773464575,0.01376423612627419,0
869517168278341365,0.758476517783553,1
869545990885002095,0.8365966702656517,1
869611205356082975,0.2299555025512498,0
869666016368939884,0.3603894832522762,0
869681711796123936,0.03494706397048168,0
869697696378563569,0.259400980985667,0
869720755755708085,0.36782677311920425,0
869724433981873555,0.3852957799040342,0
873916511344650748,0.012281019319653006,0
873993790318497072,0.8169127297116607,1
874094083624913235,0.3277838337330612,0
874129511957862751,0.30259222221289545,0
874469617099566229,0.7493360345932973,1
874704133332727362,0.05283768580521658,0
874892322289038312,0.28358850893873777,0
874974131617764309,0.00565465572476108,0
869914087181379816,0.006867176612735422,0
870029861826839677,0.42714264762973747,0
870114342679438920,0.18309133797604604,0
870204063188789346,0.2473057275388589,0
870212853386092000,0.47379919216469013,0
870319787566373067,0.18969824200425237,0
870420092221946863,0.3924707245646768,0
871071720172614762,0.00645195986153638,0
871075934437189983,0.012553709150746327,0
875223366460944377,0.005832208992307811,0
875225792794462721,0.5366617870580406,0
875230304910055828,0.7639441835649704,1
875235562848665848,0.7647485696270304,1
875244209407489646,0.7648337444014405,1
871090697729762049,0.3412702905292147,0
871115043844246546,0.3782506677612108,0
871148039667443773,0.03607375774276203,0
871154078710229055,0.03316996505518562,0
871154085124580402,0.03941019766611609,0
871154090090879590,0.034892847137050965,0
871162499986291750,0.02749950687202114,0
871166936573252303,0.04451355217707702,0
875397670499949808,0.17218735958131148,0
875402584193811191,0.8051973222593513,1
875426090400369943,0.016076791008687218,0
875461933837332140,0.28751873370499137,0
875491191200426915,0.3498007903594176,0
875559783557211358,0.27936940347512046,0
875563738026069726,0.5356944273509843,0
871177819664985065,0.028281586877087483,0
871200484656283015,0.8557010342234207,1
871264661238205649,0.0054562705006161,0
871418642369055707,0.6291456391640323,0
871580459593329391,0.19242167238110053,0
871619561329335050,0.08081148720832879,0
871658809501519241,0.33780729789395464,0
875638047484129213,0.2525431484732461,0
875686185069075165,0.5357309377683587,0
875700220392682345,0.7670502291714779,1
871663274448137972,0.8116120909964349,1
871690724659514256,0.011087144128524656,0
871694470132446535,0.7636248238724473,1
871703040677169039,0.398001512172977,0
871704761882387574,0.7636248238724473,1
871714936110930463,0.06711826273410204,0
871715183170311780,0.6657189855589727,0
871715898393504185,0.7636248238724473,1
871751061108347115,0.823480357734874,1
875953820603062687,0.4080401158064688,0
876082187462403683,0.8070545074066503,1
876235231260401337,0.1777350704613159,0
876235378836442155,0.19707093712293958,0
876256546845874342,0.05920807422929429,0
871803798146386577,0.21050931679654541,0
871915107924718633,0.764573993843206,1
871920706861738130,0.8672152046120054,1
871933212421118004,0.09086318690889504,0
871947516587211409,0.1517819903748901,0
871990853610302281,0.8026277995693359,1
872069543250517180,0.1621768018956948,0
872353328761318419,0.2542933420225722,0
876282504475875674,0.08348838228864253,0
876347715276058077,0.17120492530219295,0
876614264590071419,0.7513152151967748,1
876614541042696364,0.7604925952349939,1
876664384815230551,0.03619739692970271,0
876713339623757524,0.028700940630946196,0
876799791104516669,0.28473689653635686,0
876860275309566281,0.3303565244044799,0
872354212473704575,0.8146132217851713,1
872364633069066620,0.10962122580467724,0
872437778753078941,0.49099657879498243,0
872484146849792661,0.05200494913398107,0
872614266621442181,0.4460297232374606,0
872649906150203058,0.1431965922832776,0
872682429699521331,0.14495025258241798,0
872684583358280151,0.1162099832574167,0
872955687554776108,0.8188738765258357,1
873038476887648108,0.7648337444014405,1
876897059725496601,0.37341555621011757,0
876960001305787820,0.8070955769368527,1
876976573490909729,0.4074134698765898,0
877021428085946807,0.07303328368841736,0
877260115601894218,0.7518281406164332,1
877378924316197141,0.25952494888959804,0
877469016958154685,0.3322047177834168,0
873042603262132939,0.011997106075985614,0
873085539866772060,0.7641594758453654,1
873086414676039507,0.25969336945604665,0
873101518537780650,0.7641594758453654,1
873110287064843178,0.08184120856205648,0
873112974182017252,0.7667220521945444,1
873144717960029601,0.2153641324057357,0
873155515991837871,0.004407093075937464,0
873180723841124206,0.0676374338113359,0
877724198833809998,0.4894533331458779,0
877470034896814851,0.06956216507757025,0
877508466982043920,0.573099146567286,0
877582036495470050,0.803504123312763,1
877589150859074278,0.45801235007814517,0
877594518474201118,0.13018766588593023,0
877602226028132663,0.03268244115940564,0
877620974568653457,0.06107714174534944,0
877731639504424119,0.005372183728740674,0
877753061864919643,0.3122428897176779,0
877760791836546905,0.45049113514876554,0
877830748057150507,0.8240039837130805,1
877978259455712594,0.7512680192950574,1
878152671005832472,0.4271269694241174,0
878174846329432963,0.3049298741679983,0
878183485143735782,0.4204422297032992,0
877621410232403938,0.012856085428312928,0
877638836723394886,0.4532607108345146,0
877662117836015219,0.563621856012166,0
878248054168336219,0.789446331966969,1
878330334269238127,0.013685692104371166,0
878332173770248531,0.34779576615040586,0
878336991435374403,0.23101436545954787,0
878344866337191031,0.5355009798278056,0
882757009539519244,0.46511778589444513,0
882783908741636228,0.31540028670103604,0
882800080322962362,0.02887491505842169,0
882854676538619391,0.006855855313885048,0
878345911258968289,0.289509479150049,0
878484956150776375,0.8503737023939976,1
878486010112549434,0.04408958606065006,0
878489096899268968,0.020082907592356897,0
878493181649245779,0.006048280756554777,0
878504836455661519,0.17061547269548583,0
878578926841233712,0.0059227456561659906,0
883013921802455774,0.7516429300456764,1
883112096841319366,0.0077650528781067285,0
883176015603021693,0.014170009943180963,0
883178181130435692,0.8710854646418196,1
883182374074172374,0.8279004602482082,1
883193158224666341,0.4648589922491456,0
878854857984940867,0.5140167452873595,0
878880734446369699,0.7682035917089473,1
878904671193875855,0.2730613898161387,0
879007455354395494,0.5764056809296307,0
879107190027413874,0.44775582793331636,0
879109717689809490,0.8244021830704528,1
879133274958780696,0.06720132350350433,0
879190235208239772,0.0800492347318139,0
883201159097081081,0.25164255486789444,0
883285676623233005,0.03482038123342332,0
883443215051312945,0.09421611667623823,0
883607653341164621,0.5467156432635718,0
883767800069660956,0.15374299441928801,0
883799106556646619,0.7519660852496263,1
879312129620796285,0.1546047057787436,0
879482859725830688,0.35131105961313736,0
879575087369763316,0.3719122812408612,0
879604089705082068,0.3213225274446046,0
879611314193733403,0.7655697196440107,1
879619982852256438,0.5489967429167751,0
879659947435780030,0.04242871768538968,0
879677345725701125,0.6133961394931386,0
883865094666339873,0.055973734275882654,0
883876153770919460,0.8242395510043107,1
883896500051204160,0.791313490598967,1
883955753472122104,0.009983632386823234,0
884114210754372592,0.011252279278078004,0
884120983442669856,0.06398945794929865,0
879848302925367431,0.8017182650118432,1
879940798328309722,0.0365685039497024,0
879999605697157564,0.7479386467477948,1
880072783308872650,0.10670109054048361,0
880465322920413746,0.8187312205964027,1
880473158416436159,0.44874467891432834,0
880476290217593132,0.5029178386490816,0
880478634300478161,0.03788609798851368,0
880492416678821473,0.05669002864311224,0
884182701924143689,0.06870654410003166,0
884315775213323321,0.15810119873672254,0
884661357873554269,0.012624675002287412,0
884716836263283661,0.7874126508216354,1
884717759824402312,0.1734567753160189,0
884797357819808676,0.2238194339292627,0
884851071791030135,0.23035551218701447,0
884852367757897872,0.03576167359762804,0
880514548120222566,0.032817334624585165,0
880643090819651668,0.3201774674656116,0
880704288932050723,0.019282293954046,0
881060123019851725,0.12476687572809105,0
881201185244371657,0.8228220815316913,1
881270779058567244,0.01708564204530439,0
881308253613816864,0.5542910073980232,0
881322086488888673,0.21465280560280733,0
881332060506998108,0.1730278617932608,0
884927631933563971,0.037631475867633525,0
884977596472621491,0.3935349015992242,0
885055802653396959,0.43031349556999104,0
885532193980405410,0.21960334896988026,0
885677795587208186,0.17104788804984394,0
885691427528707438,0.8186760723900189,1
885730568928410536,0.8029390043363421,1
885767130763705756,0.8338107629125433,1
885780151968842531,0.8119144861134986,1
881384171635357208,0.03709311191352439,0
881414660645896635,0.10482933421952818,0
881805988134105830,0.02753697795905682,0
881806004898184580,0.13297892764128688,0
881815895437767923,0.13963339691109783,0
881850516071417144,0.03682744474939989,0
881866129472923133,0.4513263575159185,0
881923995142509731,0.8487158510176233,1
881951052718448493,0.8124004882410599,1
885799158715550569,0.763835550757294,1
885863256256216530,0.7639441835649704,1
886123144988031902,0.812750783878189,1
886123153961243035,0.4715960959220725,0
886123877714493336,0.337323694217005,0
886123887345983404,0.20805239849140658,0
886124063208895750,0.2762262781645591,0
886132465591212134,0.0071141659104757326,0
886219533084350581,0.030004492409638192,0
886265109629501124,0.009443541445451464,0
882480223677449587,0.43836438057567084,0
882495408207604385,0.2656108566214763,0
882504391136032815,0.31942913259321054,0
882522731362408989,0.009991588983676424,0
882549893727590653,0.7811845500166221,1
886987512886191216,0.8446868508075873,1
887154685365791917,0.31091663132117003,0
887160291832994336,0.03129810448249712,0
886310753075905123,0.011207319510600852,0
886337532266112789,0.7889177349982699,1
886380153672699150,0.4780238139336458,0
887257857262565594,0.13529570878796413,0
887604599187144034,0.45615329363225965,0
887698137449826556,0.26500488415041,0
887752876011773990,0.7333601230285388,0
887825283612121065,0.800787337185329,1
886380461999835299,0.5407400625133231,0
886417469102966234,0.36248448207868295,0
886492710478314470,0.14081853060470553,0
886529699184775747,0.818496291684966,1
886596104702449661,0.7643721880828667,1
886597010135767580,0.763835550757294,1
886601037739546869,0.7633274095919877,1
886601349653370745,0.7634779132794587,1
886733352930840953,0.17862894597023438,0
887917763854717245,0.02845812757212052,0
887939034837879097,0.012892377361648725,0
887946742552972349,0.24263215255740242,0
888097439041063087,0.7496222271441237,1
888140728520503018,0.8166998932955664,1
888141481251242147,0.8171353658366893,1
888141810408582652,0.7483502664814955,1
888158663695997803,0.01004394503821149,0
886759118206964183,0.7518742133171918,1
886759599511427720,0.8110402623730979,1
886790767042370461,0.8014824777460834,1
886856156430249385,0.008204099052204128,0
886939753063835891,0.39814998456658396,0
886941255592981941,0.006035749953213674,0
886960046624888196,0.31891765003531797,0
888253861914052883,0.030598803727342076,0
888268985092863449,0.09118782597881196,0
888318454888684639,0.815575184042253,1
888340361696224224,0.5981369927155517,0
888371361498172865,0.013893587433132253,0
888385005019472825,0.8021241808828694,1
888393397093662974,0.14294718816790566,0
888426985116704427,0.1396450830600755,0
888464832995798968,0.045236534493196964,0
888515846857730382,0.04761822056247044,0
886986524185344876,0.013927805542085458,0
891532159853891550,0.03136867672060631,0
891570929224045266,0.1558860387889054,0
891826372390355580,0.04568959119363767,0
891954955953617483,0.05172984404741146,0
888551200498958434,0.32867410065304886,0
888668264357618033,0.1787101902469448,0
888689436431655225,0.8189712964178955,1
888955844898354270,0.042134586239360915,0
888977225467358710,0.8167737562668865,1
888991884573051686,0.797732909688413,1
889230306877998461,0.2738176647554158,0
889324274258344955,0.24145613145332454,0
889335002923209336,0.31893712631499843,0
889473480615870803,0.4218175179351627,0
891972022242665951,0.29397878201291133,0
892031805528633128,0.19493948071288855,0
892063550476731196,0.28929072761598984,0
892074447721012381,0.28824142746535614,0
889501516298878961,0.4504938918433737,0
889520045192057788,0.7242439011008858,0
889554711332025927,0.7249334394668157,0
889566425818179772,0.7244670812099429,0
892079701167817777,0.5023631775291801,0
892153575639889577,0.5130761186786285,0
892163187280345537,0.03280263395638209,0
892205665073544010,0.17358512144887028,0
889566540064154051,0.4053042954778368,0
889566654051073571,0.7247886546146173,0
889622988320548425,0.8121481093420331,1
889641086503997936,0.025406877316782248,0
892234896229665553,0.04236010848569905,0
892277263570627452,0.3642179504447779,0
892319696785638223,0.04311789423217653,0
892649108042423190,0.057095464759143566,0
892682416283989783,0.006448163358122986,0
892777186576928585,0.04631622776168915,0
889742723078950861,0.14205299890284764,0
889881692966378340,0.24062142719963892,0
889881699353298612,0.3401375452061824,0
889985943152089806,0.6260741782507961,0
890024618549880298,0.007550232716824701,0
890071098609522032,0.8567577704436071,1
890116632523721018,0.2540407015772655,0
890421229308814399,0.7952455276975031,1
892876907569965980,0.04478279233215869,0
892945902800833733,0.021441445767026238,0
892968676280864546,0.00906401231477501,0
892982419216339428,0.17087373701284236,0
893129836556260443,0.20887090981355036,0
893178433399302391,0.7528026724782572,1
893384294866390910,0.024062319979121363,0
890443345054045797,0.45172931391593923,0
890493280151398769,0.439538513663437,0
890578160748025477,0.012250767803896228,0
890797400522621481,0.34495744289348734,0
890865451922227760,0.03975199648333261,0
891259523090721267,0.8133616505316249,1
891373162949637205,0.7730705092302137,1
893419014177589726,0.010606095139310977,0
893463322764370554,0.7964642109726139,1
893539889281697061,0.06374618591837519,0
893642577224806699,0.11028866108157825,0
893659289184810838,0.018153625693247463,0
893683257073499708,0.19295154661029393,0
894060385873877940,0.034908849973468326,0
894089586985952896,0.23602053788902985,0
894180827712055977,0.25004898649886365,0
894195367256167429,0.017222712027348742,0
891379223690923565,0.344835682841984,0
891379231793764534,0.7991229979570639,1
891379236454192350,0.007931245714828424,0
891403684596430333,0.8271276727923981,1
891410283784110559,0.2566775866251091,0
896939245238848955,0.22711825126980154,0
896961700877359478,0.03849613848926115,0
894236663009316679,0.4497597289606242,0
894303627800187949,0.4699758406699336,0
894322542386341043,0.5833562909326003,0
894500003651727444,0.8589335095649644,1
894736262481713316,0.14620140304733198,0
894778231614694246,0.037523967278490396,0
897089711642898827,0.5527085284594162,0
897096495164150615,0.05119934109989494,0
897112860184859342,0.8175761106602527,1
897171274730049643,0.80910984356575,1
897188303018264214,0.7817708775856994,1
897191045434321961,0.010112315233576946,0
897193173064996251,0.0617314831512784,0
897323444335573582,0.1593594124260005,0
894783088681425080,0.0127855857023675,0
894909051395582827,0.3079315904016103,0
897366772582089952,0.029350073124407128,0
897441590874788617,0.004336548030005207,0
897545763701951677,0.3847782898106361,0
897551501705489525,0.23837441531760886,0
897596420535159358,0.06213272745021437,0
897622871165711966,0.2764188071529782,0
897671789573838437,0.36312607308975825,0
897773635353382964,0.04285881979835812,0
897861455839507683,0.020443518480398836,0
895007080264023582,0.005487459362691943,0
895166281363796536,0.15075500465045882,0
895476726063394199,0.44994103894729726,0
895502673828974285,0.08902060479661227,0
895547053633648514,0.3183167744006617,0
895681617796889995,0.11053271781361725,0
895721582994627963,0.0878599487811627,0
895728856553995817,0.794923597180327,1
897949174044168754,0.00801472865933238,0
898032158839073557,0.047555708594462634,0
898047985441174541,0.2702589047654873,0
898077144962515384,0.35050558169449175,0
898096440723080683,0.7661030315462667,1
898139541091550572,0.028867563727138047,0
898174983717316349,0.533951610102539,0
898322310635830570,0.7563934039415153,1
898351328210904074,0.1707328727295268,0
898418380037475590,0.3801508050922196,0
895829139047810776,0.238030472920411,0
895849504534728870,0.007354084798292962,0
898425696243041784,0.06378215604263046,0
898450531679969199,0.5688080546018257,0
895852155449630100,0.5942071602918136,0
895959960269467013,0.7864253923573872,1
896178972601608711,0.011902728149945752,0
896185778425447968,0.8488997437332335,1
896396385687132511,0.42124870179042573,0
896444436938739154,0.8220952349986282,1
896467430216714455,0.022552815905314653,0
896504117378380893,0.009270832745420222,0
898535197012301519,0.058168369325049415,0
898746552381581282,0.7236519107516504,0
898755613660028115,0.0071722219571265945,0
898817174383059616,0.7250584669273478,0
898833379500155456,0.7298200928010863,0
898846217831725424,0.36010640200391003,0
896547434400061834,0.1323181395179612,0
896561005310735467,0.06931587005255378,0
896569389103548178,0.7718499867357436,1
900095243340236823,0.12287938807096205,0
898904640609152150,0.02612118588981969,0
898934440823594118,0.4009893551904502,0
898935195254453224,0.7305971170995821,0
898986216952301480,0.7243203556130035,0
898986457722079943,0.5323492197948947,0
899019461092822487,0.4472006506381609,0
900161726918924857,0.8263417987676702,1
900210961874346857,0.016222624630705635,0
900301067012439683,0.006372466453606463,0
900438606900160902,0.7862513345418385,1
900523198699096632,0.10520735983865848,0
900574988513659456,0.021824574150328145,0
900694366864703170,0.07705138370140298,0
899019513347024196,0.5682958808373423,0
899019587397699911,0.41508380749352786,0
899029977125048428,0.7248428037848624,0
899119632256906495,0.27692224831335127,0
899130967249343832,0.05468105629779345,0
899205328206948365,0.8239583525324081,1
899303829992786945,0.12749178390686736,0
899314293384838218,0.12993569238852415,0
900756762692073591,0.8055884503398599,1
900845159348542811,0.7589425563917702,1
901353931813750670,0.009272723296761631,0
901545811560679267,0.02649995768035995,0
901609055054730360,0.012730647246261405,0
901659428219334853,0.3435963200450053,0
901715413113833978,0.8441858809656314,1
902105607895566798,0.36390299761791467,0
899326733086710972,0.23589546723859023,0
899352196807253603,0.4467070390544544,0
899752796158016647,0.09312872835594865,0
899872776956071144,0.008655206901780496,0
899892308740180470,0.831243181321354,1
899915234353462972,0.12396985713303259,0
899921833554830653,0.1762500683631664,0
902141236113014829,0.01725319401126901,0
902177470076989986,0.2626564419265076,0
902190686960271673,0.030639746016364263,0
902193682087373578,0.23669227887268676,0
899938894250085681,0.35959052041415157,0
899955635638086571,0.20902912191619788,0
899973821755358897,0.17941116841583157,0
900031651019083404,0.2828919301505846,0
900036861618829572,0.12774498076100838,0
904438966406791286,0.01166630640898523,0
904523946643334652,0.8877297861459388,1
902301984135743401,0.07692556734386106,0
902455878427288307,0.19133687766240817,0
902459784093602977,0.8042765196890511,1
904524100106225881,0.8970684238739127,1
904524223667771043,0.8877297861459388,1
904535302708188130,0.7954208550810604,1
904536587376482157,0.8008759698774465,1
904537540621885048,0.8051096840679787,1
902634222332941527,0.7523938460481291,1
902718214390417979,0.766321430251548,1
902809383437129274,0.8183171905547304,1
902811891730431445,0.7517819762925121,1
902813434268355159,0.7511258541307719,1
904568307426790068,0.03772519438779655,0
904585380099402394,0.0061657010449415175,0
904639583559716185,0.08828757892617653,0
902910536148547320,0.011112927484506638,0
902927650985371940,0.84100566761474,1
902933858180439366,0.3279415004733513,0
902938170390156566,0.8065785317145426,1
902939115237127744,0.22965592663076145,0
902949768567349631,0.25403036800931933,0
904960548681723189,0.11487284851363214,0
904968514528702932,0.8240782926128898,1
905031073149861760,0.11086304340677987,0
905066559607295258,0.8064224142385439,1
905070033065803206,0.07554239591569924,0
902960662716026845,0.28102974125382385,0
902962513104551401,0.4032595704975156,0
903013004337597541,0.06633734254477687,0
903025741591233106,0.40749773976607034,0
903027129454197865,0.3290688086519535,0
903052654757256299,0.4701596427354907,0
903067025276062014,0.4162434879442656,0
903068061959225269,0.3666070237611341,0
905077900484113845,0.06009670151764972,0
905083864275613467,0.4284036544505275,0
905154913221917061,0.0062337431411052776,0
905178362266009348,0.4512553968987117,0
905243732881843633,0.7819474677644956,1
905310919641298879,0.8386424674398122,1
905636887650555871,0.45453015021616594,0
905651319684253457,0.02893133707501516,0
905821067093280628,0.7991078852702638,1
905916927242175062,0.829160135217655,1
903129847390759842,0.2519472133291549,0
903456647456152357,0.13462119150091165,0
903458940669528518,0.05770806745582722,0
905998253119152699,0.019444318725868024,0
906405971128285143,0.0031442187674015827,0
906431737761773574,0.40647284319291854,0
906585491077215836,0.45992843114018994,0
906602360602163043,0.4390870119014484,0
906708901829665684,0.7955905847012507,1
906769734194982627,0.8502036508039,1
906795104264452299,0.037160799733137045,0
907088727200673307,0.010121917385144475,0
903472266941997664,0.7524317183450981,1
903472612170930563,0.7526938278554791,1
903497169182793234,0.3431583783940325,0
903518091869585200,0.1698355777358934,0
903532779992444851,0.02032172176331406,0
903538481180018263,0.8120671010278881,1
903558683099075132,0.2270856419516135,0
907164433967781820,0.4659337211329284,0
907233238783890443,0.48458038809080817,0
907252516607023149,0.19349220980809959,0
907315447065163180,0.09390011046760506,0
907356347496873739,0.40264001637081764,0
907422652648858189,0.8131886193465284,1
903653179256778879,0.7737869154463781,1
903694272951730564,0.19628724165563058,0
903703292568953969,0.7645767342023501,1
903726654705656695,0.45615617917525586,0
903808034491004746,0.005553602678421783,0
903846654931945447,0.1294410030551157,0
903872405831157824,0.23253856330377165,0
903935533025871679,0.8229356978341958,1
903935606382398001,0.8030431352608921,1
907437772031475874,0.3963746676520597,0
907492111656886874,0.461122659353552,0
907528228019359587,0.5855488530953754,0
907890235383105477,0.7939301919886327,1
907998178838818312,0.8187163230513899,1
908054237296563910,0.556697038015352,0
908055533935517657,0.28651157664749416,0
908067468230875350,0.160420033101446,0
908098813888769009,0.8155597325543117,1
904259895461635228,0.817442725184236,1
904276013705839099,0.4566137250266191,0
904286092272787383,0.02953815008286756,0
904291292488749810,0.7166313055888714,0
904332116672992001,0.844972769882719,1
904349625576271247,0.7668869512579921,1
904418713890170820,0.29366564044218835,0
909413687382641860,0.7830117384624037,1
908168226182126434,0.39398722672037534,0
908179761746967863,0.007977741553683635,0
908514518240064800,0.03166451846542783,0
908634322847816388,0.13631575061062975,0
908674065556198820,0.3331332564942314,0
908677070021981560,0.005414540796367487,0
908678306945938969,0.018476207047473773,0
908718589831607250,0.09292733668176098,0
908758734185174325,0.7901811376465137,1
909492443054363122,0.015133790070701082,0
909549411811489192,0.0853262999269173,0
909624529045715360,0.781283041517527,1
909636006692373784,0.33272451390811714,0
909946357885285259,0.8036066148579114,1
908765271587049834,0.8528569028744489,1
908782132165679917,0.8193418032445179,1
908902110868808889,0.01130813747875726,0
908911613377383627,0.4230595836613912,0
908972998408255760,0.40643577295559924,0
909324042216967670,0.44377321028816785,0
909349194222367057,0.534504614006843,0
909374871119358865,0.8259439744874735,1
910028509989680036,0.03691554678668802,0
910081455813892137,0.1310969046797558,0
910086340644888056,0.7636162723075818,1
910115731942105916,0.79079804279435,1
910116681468508560,0.7898148982484987,1
915407246442130302,0.8206600804505899,1
915410405019936292,0.8130421871532192,1
915410445541292401,0.8128118695942472,1
915410873910553566,0.824971377962458,1
915485774792788806,0.8347978609084922,1
910153012037513121,0.2078147154483866,0
910216180478477144,0.4263483607638695,0
910291003643099196,0.5327577489133447,0
910673513043618573,0.8490458819015786,1
910723395719067100,0.7127975968256934,0
910752913523912296,0.8115613195859803,1
910771154080515905,0.06841305612457062,0
915780736371404768,0.06646443678001343,0
915810628947572057,0.28171207943169524,0
915896747275039057,0.00833961530624177,0
916141533448157977,0.051562170557669845,0
916285509910053837,0.5102369217381973,0
916676603917739189,0.8289282745673916,1
916821110812610124,0.8508059965869905,1
910836081162496898,0.03244518495481427,0
910949023374171399,0.25838932279812266,0
911059653094636598,0.8217418563924197,1
911540975483008852,0.33758119776727336,0
911614953936526319,0.8185609502688337,1
911756533429812789,0.1649738899531678,0
911813271676603698,0.30456753576950435,0
916935346150480085,0.12052529730708135,0
917234029357675052,0.8260333961157075,1
917260113030074428,0.13940479539913067,0
917280232416284960,0.3956401962760712,0
917297550127335549,0.009757869292733581,0
917375093575662322,0.7906517854172838,1
917490319184727650,0.24335257070182229,0
912003079437996551,0.0040630986993689935,0
912119017271777009,0.8332367013108282,1
912119694048610928,0.8243745036225458,1
917885222415016226,0.8160623933502221,1
918042274071362095,0.7672119166846837,1
918058419916793654,0.7647485696270304,1
918064253899263925,0.7647485696270304,1
918130735715171123,0.009055763185364551,0
918141090813487912,0.8436798607969588,1
912145313916489812,0.8190471654144803,1
912149898639905036,0.5540982727218188,0
912158210133915666,0.01851859901214394,0
912190924391215062,0.8128445318903587,1
912198154257146118,0.5248475124299453,0
912239943387317373,0.5150877947390009,0
912294324411562584,0.8081005719621722,1
912333987362017752,0.554215656877291,0
912355868324493373,0.529290059520372,0
912372424580941879,0.44401116974935584,0
918158720284859176,0.07535231475099478,0
918299351414917573,0.004410915686307475,0
918355450872351634,0.008977167406026474,0
918367184813940843,0.30146763387790415,0
918388866035115888,0.7771433925165309,1
918404144849811197,0.34459402777762654,0
918519185390900058,0.7523938460481291,1
918665614477414731,0.12913669963774316,0
918838993806282033,0.7704614990480669,1
912717631989480956,0.1280785640022307,0
912839143978682230,0.005427187340466732,0
912954461491294373,0.20663554771472595,0
913100388817665332,0.08653241269189461,0
919010726624168985,0.7974541733057178,1
919086783844247028,0.8085646458599302,1
919116471135457824,0.7891951879372759,1
919116887602916479,0.7884378419389284,1
919383845592883891,0.010534761984359547,0
919387125442548941,0.8336240587664526,1
919391026829825331,0.006244861141080121,0
919472573063950493,0.7634779132794587,1
919518849494471990,0.8140190203767705,1
919539730227533043,0.7764036618300052,1
913179089790807600,0.5519297755084933,0
913227757411567414,0.4950420122749487,0
913349521354135175,0.46944809451335,0
913517936554777822,0.5526986634622922,0
913518239659716460,0.7541010670207206,1
913649203847330084,0.4950420122749487,0
919539874798990303,0.14138273423046863,0
919625176319452795,0.2687953554249928,0
919794429341881622,0.3850152420513766,0
919794435352565176,0.31688296010058264,0
919827882552409032,0.8020872515417745,1
920068592892731269,0.7552792155588985,1
920069373723972214,0.5498493761032446,0
920103826004223083,0.8761767124318468,1
913651309025783642,0.436937209043306,0
913651695148256598,0.819178837212332,1
913664880261753635,0.16688668521526806,0
913671198784114317,0.4275384733208661,0
913797082679152766,0.8330755068308425,1
920109301244982385,0.876714039749284,1
920109678115048743,0.04691291409766892,0
920175418961824665,0.023242629982607527,0
920183085038406972,0.38728465483350993,0
920192085939852814,0.030589231352128547,0
920194483850422892,0.07559634297323979,0
920235590947471498,0.49968788767890204,0
913925496138986779,0.1462626493980517,0
913979499533324610,0.04893412763038445,0
914336107143259554,0.7139666366160871,0
914592079538599777,0.6044105164801931,0
914651482170510192,0.8141060755477254,1
920281729367862507,0.38366677211596506,0
920302144753983936,0.5327274835033424,0
920320559323406807,0.7707404483106514,1
920322352062480991,0.5930588572962738,0
920363020026592147,0.69046066917961,0
914732629628014021,0.17654234883265404,0
914762610430196148,0.8194592408197362,1
914802043242793073,0.8087266706539212,1
915143478128199331,0.5351503333423047,0
915164113918525424,0.3539993286334665,0
915195382103435091,0.7679640588177111,1
927348854814354483,0.7509349389220282,1
927349386005876375,0.820361086496309,1
927352093776346379,0.7509349389220282,1
920396587945791656,0.7995873940000605,1
920400184300743734,0.7746918322371521,1
920867558233350907,0.23421071939238025,0
920989843818557838,0.38925265763977107,0
921089227714390493,0.8036633727043202,1
921243805509585892,0.014646029807689878,0
921390228920922351,0.7654495788061861,1
921599070303324425,0.764662901432835,1
921604059816537271,0.7651732548898056,1
927353218349068481,0.809580642186434,1
927425874394304949,0.8201765221316138,1
927531075448899720,0.8279416924112803,1
927552764907318502,0.2604969273697977,0
927731029815577414,0.1050008801052285,0
927751966043550944,0.02617565305714239,0
928135852681483836,0.32567291240215596,0
921611295968698655,0.7644775953428289,1
921619058159405708,0.7643721880828667,1
921643385169345805,0.8352383130105303,1
921673175182304339,0.4078407777056256,0
921731972122044707,0.8556137522059618,1
921754895372312797,0.8066163715654467,1
921973637699062776,0.2659575652405774,0
928143028684103281,0.006688954157195954,0
928150949438055792,0.3745264536243072,0
928358388994326377,0.038105708734860425,0
928394724531306431,0.17374765928121022,0
928436525828395953,0.03189521816079332,0
921985740130193871,0.8316033455452152,1
922205182778485353,0.7510782719894203,1
922305825497271717,0.45983357709737394,0
922531986743506039,0.3773325131150953,0
922544734738265971,0.8306470860902057,1
922544917728869201,0.8122971277128617,1
922608218698075941,0.7775340178512162,1
922665961458727772,0.4012502510043358,0
928500961130701633,0.3207379275212684,0
928632961796271539,0.46281084774985903,0
928790352113580226,0.43442627538515916,0
928901300696495576,0.5860024597047039,0
928984413131741043,0.4101245956224039,0
929084397482773644,0.5868403852447791,0
929162167006449291,0.20054991522261562,0
922748405120763971,0.024144567933498593,0
922763290425504533,0.13129120064781682,0
923097941529886147,0.16230674095771216,0
923119089004402776,0.3559488731182649,0
923123749287520661,0.16572129241671915,0
923173058644795452,0.7905023969626711,1
923184176938855691,0.06011267160541622,0
923197559312516663,0.3661909578027611,0
929211353348584512,0.02996379938688254,0
929253135206315104,0.08410980568685066,0
929287811121217114,0.017275475716617472,0
929478160790239391,0.006262281564497413,0
929584624748362659,0.0032059766166256144,0
929635247152298019,0.07920251770896417,0
923207690874951698,0.27769093146072704,0
923241683452324279,0.5788991948274659,0
923284967585951633,0.22047450825150494,0
923900704452428974,0.23533699183673173,0
923932984833086904,0.013611067941325454,0
923974573909245693,0.3776737177435585,0
924124016591986136,0.5036673464345967,0
929669879521441080,0.17742042301493707,0
929679138005881467,0.021849721466289766,0
929747780149785100,0.5309916918511024,0
929862356918731434,0.06337442506163146,0
929952582669707937,0.1870314479353729,0
924510090567827314,0.407705256660635,0
924522673156896830,0.5361175534930314,0
924523082287697779,0.48302521868575216,0
924696138423614261,0.8063440333655351,1
924755008538247849,0.04159786308267118,0
929953648424077129,0.8192913629175255,1
929978463825862773,0.43634488763904244,0
930277168378143041,0.007455506857311809,0
930373816996318448,0.7737869154463781,1
930566199035367009,0.16345665203328558,0
930597320286325642,0.08369110531650202,0
930648551063213028,0.4676319819947917,0
924768162233456430,0.018263650396065118,0
924803898227764218,0.3919259251561996,0
924865714349459795,0.32486066025665034,0
925233576688659924,0.8357471051543444,1
925243479022156915,0.8507210074617361,1
925287509500728814,0.7940632632559462,1
925307278101325712,0.44341119883026425,0
925308290525929449,0.4147630160822545,0
925309296990217157,0.4443077900469105,0
930908702527728463,0.7242462241059701,0
930909837577753906,0.5319947291640755,0
930936774595626756,0.5389566915932967,0
930937060232117710,0.7244182293425933,0
931043537485163386,0.36595733296200017,0
931216252915282640,0.0028223232274345042,0
931346599700737114,0.012882240165381472,0
925332909222963253,0.01041198231017184,0
925469920044846942,0.7787544574329092,1
925671449931187449,0.010665431410456946,0
925688828901710134,0.0307775983963512,0
925724714155045793,0.0511538530703426,0
926036116549614478,0.3897433517064684,0
926278118317339832,0.08684466956889098,0
931710465335446145,0.2723945896367247,0
931754909794665307,0.1618138391697018,0
931755371526339724,0.506491695075674,0
931964176340868788,0.8139757231706493,1
931997212799351474,0.07620236406499278,0
926312864566891761,0.007322932105802403,0
926448006464991002,0.7645767342023501,1
926452997548084866,0.7640521560072561,1
926458270520965380,0.7641594758453654,1
926462289092721802,0.7640521560072561,1
926728872918912348,0.2020924740625744,0
926987680896723420,0.7675108412881778,1
932036061742273027,0.4747396636180929,0
932099943499845547,0.16352215442843648,0
932509525705477060,0.37104011173282164,0
932517702484463490,0.02015727399428718,0
932522047518865082,0.4848009129912173,0
932526628996295140,0.8138019748434483,1
932554388157652889,0.7782834593763602,1
932568622035093929,0.7773016216937902,1
932570206848068680,0.7782834593763602,1
932578265767796981,0.2671694097030744,0
927348564034443687,0.5420484218585431,0
933199939452228087,0.13018907557774373,0
933229024126753803,0.5090071102445853,0
933317858671778853,0.8144773078746064,1
933401156085324658,0.30369412367026793,0
933401164471711683,0.2805680331745092,0
933636516515446771,0.39715674833286907,0
933765874985398884,0.5856916877695499,0
933904777683447370,0.6835045891674569,0
933971768939004094,0.1252108665845929,0
932593024559764862,0.776843438037742,1
932597060367349114,0.4554033430207882,0
932658646851116915,0.41706639517355293,0
932865847860645621,0.0366000387336048,0
932886366776445764,0.7704272462185472,1
932893071035345056,0.008484435240191405,0
941401018286124164,0.8107737643997673,1
941526822234794548,0.46153663912788245,0
941557907167199278,0.4829811404753788,0
941593392429578588,0.8283245190501065,1
934031903795021680,0.8184073152274602,1
934097609926046006,0.2119182088599808,0
934100065088277596,0.005687477629358172,0
934107469692156357,0.004970427125868407,0
934275770858075149,0.827190691767422,1
934319323648560151,0.8278104726782316,1
934380588192051215,0.2670090186643804,0
934420777297185729,0.7593400816110403,1
934473612721421418,0.16779552350249155,0
941905097912157160,0.3649301240713504,0
942015991579055232,0.33731787850386286,0
942039635983891486,0.13500719397981345,0
942119359731768484,0.40689308695287185,0
934508694446219093,0.7292436857021711,0
934510271997172189,0.7555793001098321,1
934510577919777737,0.7524695182184684,1
934719220450807878,0.24779633808282242,0
934862979955950523,0.43327875739600874,0
935027213162316016,0.16062195558783832,0
942394186707379939,0.018753989596348063,0
942577089963887749,0.08007982031165388,0
942625772911401128,0.01606436643798784,0
942733581675934093,0.8034308410956089,1
942751602060214384,0.4172456687836221,0
942787222654669024,0.3430787417504218,0
942789916504865346,0.17366403560734012,0
942827806530876081,0.7199013881434816,0
935495799688132900,0.5214310132797909,0
935522748480485575,0.8296385963582322,1
935632781765410277,0.011844401162703959,0
935641323037716462,0.13844578118015863,0
935839383979445801,0.011009223811153244,0
936242589592828906,0.7900453319225103,1
936835828064696598,0.0876167302902579,0
936959756283937973,0.8399384166286961,1
942866549062627160,0.01517583802281752,0
943228744483186066,0.7849904935007871,1
943339716195685741,0.4983962165051656,0
943356414637179490,0.47770002832765923,0
943360194879720562,0.7137163384237384,0
943362804788497217,0.7140904630144121,0
943365600179372764,0.7139666366160871,0
943371238701435307,0.02862768688149774,0
936999803098368312,0.1594593936682599,0
937020395675326839,0.07557400361160893,0
937088272013890054,0.15721236981365388,0
937116425864902491,0.7957617181590522,1
937574445578039112,0.7529468487265426,1
937613406225556655,0.10864350838377325,0
937671047490491835,0.40831537335271123,0
937708024938552088,0.017111003272285354,0
937842682975806831,0.010205734452078941,0
937873431653897161,0.008731505301281379,0
943407090207252431,0.811120669714336,1
943419084180379025,0.3196058257493347,0
943448404698310515,0.8028571727080402,1
943454489635225050,0.8102286664811656,1
943684563716718091,0.34898570280993174,0
943707153287511998,0.8082142914727023,1
943780020325684092,0.03179555136699419,0
944236621599209077,0.19380373316070043,0
937880575429081454,0.8171457311576958,1
938280108235737499,0.7626076435900268,1
938426319639302623,0.009870449127128507,0
938529516572780694,0.8131867536898204,1
938542600432469649,0.5390876788298808,0
938652341400092973,0.08137482441925173,0
938857402335841220,0.8092696300568254,1
938959654340995163,0.1870314479353729,0
944241745269749895,0.009029156954829722,0
944780004960190038,0.28900602218267946,0
944831938640547421,0.007099592163532014,0
944898365098168917,0.2402760155729681,0
944912791363398658,0.5445490328922911,0
945036621241359838,0.4053322296828828,0
945140514192291758,0.5550315440821595,0
945143380838777358,0.814130783283524,1
945418448033609833,0.7558021020594626,1
939052940054958263,0.530316300788654,0
939074435097007573,0.018635578072569353,0
939121148158704051,0.09916004990221891,0
939153752933491126,0.3303176190341098,0
939387800231178042,0.49600347413903373,0
939431170319588496,0.3625765939921334,0
939751910723746071,0.050844877238469935,0
945554007778292101,0.32395249120186187,0
945589888997232644,0.8078457493519238,1
945869533082985700,0.2867832798367571,0
945943800810865099,0.213003444298683,0
946191121459066867,0.7462565864051005,0
946447856386514031,0.00819257169890733,0
939782042054648737,0.075403353005658,0
939887136280503228,0.5051919839360897,0
940156629413345648,0.016481815646053666,0
940279919668139029,0.010918949951803671,0
940458538795223834,0.2765212599552516,0
940626615274426464,0.5203288612635664,0
947225543055638970,0.45880405708764105,0
947227242982589922,0.5005745248461912,0
947338824749890014,0.05129287769694521,0
947357514213752269,0.2748035703275328,0
947382440952465575,0.18702435603348805,0
947406723156322893,0.06413420538621364,0
940702861177012798,0.8383636717387617,1
940756653452768403,0.5071334624441282,0
941135917318610188,0.13341746604350976,0
941212639695756797,0.5592071258202345,0
941250501472266329,0.1180275067940882,0
941268454474275765,0.008257392701865143,0
941340717491101017,0.3112449753311058,0
948686702143302519,0.3563247998750104,0
947506677820065380,0.26446751307666055,0
947651756626420093,0.2567577311992708,0
947708237377081975,0.24833205141341616,0
947748255892941763,0.15733545821545092,0
947751330348815891,0.1811061855023986,0
947990637125132193,0.8103813813101096,1
948825420401862130,0.013234994122432231,0
948965851476384808,0.1861695430913069,0
949015083661627174,0.7766998757948431,1
949203092352821304,0.008860683677868988,0
949224321229263998,0.49341993286970426,0
949234336228113845,0.3668774172336151,0
948073089435542820,0.05981754956536398,0
948074897183249086,0.8312699159838605,1
948154615971768276,0.8156054432397969,1
948160046984994544,0.02281647407683446,0
948380746612788025,0.00937785004303783,0
948462394579193682,0.013549342327397707,0
948529812205693771,0.12915124729389302,0
949400303873290231,0.34300213397980744,0
949486536388006369,0.011539085970745207,0
949729555472891578,0.7487365158869884,1
953463529515749184,0.8470490640281212,1
953551779964382496,0.7871442896686102,1
953648370950219232,0.45062390829743637,0
953709683318097157,0.28756412048780833,0
953728610532190232,0.5963295413441865,0
953749709894151239,0.4204164047131496,0
953828756330090292,0.074568658226177,0
949902736506232978,0.8439675664776529,1
949940706376643143,0.8142176958752368,1
949978635220844393,0.0616891240140657,0
949980594228045197,0.046989100140731224,0
950064758556750113,0.044446649406943324,0
950088048554818503,0.03090059145159379,0
950110666381625817,0.8016777577823326,1
950150663573223073,0.7214933076425953,0
953831266529128673,0.26461741328323024,0
953873085836036385,0.8063573267874384,1
953884582009992940,0.016138651387188434,0
954013635793717147,0.037494892273099836,0
954203854664822839,0.5687947150816514,0
954215732943587985,0.0142521101288437,0
954239000010599102,0.8722515312898341,1
950316243638576156,0.00878463959516344,0
950613063933116818,0.14804892372768472,0
950633540058086852,0.14445404641088844,0
950710025865678373,0.8176918851713008,1
950712569462157331,0.8229861452562917,1
950789058125970114,0.7864290341103712,1
954283379414654919,0.011204451030277911,0
954298098284771504,0.07596146729449747,0
954299772270320483,0.012191530694672343,0
954300939099227966,0.1808585149978724,0
954305781860517709,0.28695090960282327,0
954307423551946038,0.03803162337277623,0
954322057643536426,0.05823361756889223,0
954330013939237910,0.24941786604164223,0
950857524230310407,0.027299264704007033,0
950945548518671288,0.2802555102914189,0
950960023109020864,0.7815936658110154,1
951283938469772317,0.8266395453426025,1
951320538131260952,0.18437103559719592,0
951379563230528793,0.8022474487141374,1
951553196276318579,0.6701934260376022,0
951574179875158805,0.3758207397288367,0
952106006942420418,0.7673720436878145,1
954363583010781575,0.17818390551736651,0
954370729256029436,0.13095438635064166,0
954376322754844300,0.12573921047855136,0
954409858822364497,0.20775947328119318,0
952108784311950037,0.7672921734145697,1
952213620811085307,0.4799877648576313,0
952230046768622631,0.5196094695875034,0
952235385988026953,0.40094996750293127,0
952253512112729138,0.3311419808043981,0
952282208649608234,0.4691546646645054,0
952403908081009301,0.5214746281948595,0
952408460558400002,0.5214746281948595,0
952417627193014787,0.5214746281948595,0
954431936531898557,0.08729910076382222,0
954473058461142988,0.21818588562273045,0
954529486274639312,0.07644247021962472,0
952430344707624082,0.7745143372628324,1
952440321735513154,0.48100745230471104,0
952444280211995537,0.5207033647181023,0
952451857525858755,0.48510939126562624,0
952455301934953242,0.48100745230471104,0
952465726593503508,0.4360998640038271,0
952468798459016382,0.3470730101362028,0
952471368632957564,0.4793147653631926,0
952473552453018401,0.4793147653631926,0
955021520281902760,0.0293543644381802,0
955034667956489782,0.8551829970452716,1
955050227421369755,0.3124842000381417,0
955102598808666581,0.21618843827054443,0
952792704677899527,0.4552444386521352,0
952824969723825832,0.2696692293283892,0
952829600740335989,0.768668959574882,1
952878493728030140,0.5191130814806404,0
952984142614272420,0.35173344922556593,0
953082621778685235,0.12123097805451614,0
953092713442237503,0.3773675644347589,0
953102865275048099,0.7734318517823529,1
955168568146763274,0.2781835242507665,0
955352919327590708,0.7737869154463781,1
955641002931211440,0.8694383148216458,1
955641708252700384,0.7527664592016439,1
955642047468711045,0.572457575912028,0
955648648399082078,0.7526938278554791,1
955696793185611740,0.3005749782164472,0
953156373641215451,0.7928546919902039,1
953274610384095304,0.016285898657153786,0
953374339819644784,0.793247625130252,1
953391145939365107,0.007354822311511104,0
958104790467411599,0.36836384998739324,0
958148812089033219,0.45983357709737394,0
958259665696602114,0.2234183630864281,0
958430408164791754,0.5592936985696441,0
958483783087820252,0.7811845500166221,1
958556618665753499,0.010908906012676519,0
955842473362618091,0.005252949484555575,0
955899560315923046,0.026366246121423475,0
956116282739680488,0.010599855980265274,0
956315593100013830,0.7637824865384231,1
958558125469831900,0.004233758536979608,0
958610073245715978,0.7993136900109633,1
958668457048548195,0.7658570583543601,1
958668503625039193,0.7908447710953637,1
958668605542635977,0.5863646228759006,0
958735792873026478,0.8356643553940954,1
958835117292862482,0.2781907894248217,0
958837479129022722,0.08748489091675438,0
956566130392899565,0.24881522913822093,0
956572242219688781,0.016932437379880257,0
956585695411872040,0.2906457357459688,0
956637921456579090,0.011951829354297948,0
956673432204758423,0.7785761477660568,1
956719478226718150,0.47487161344532886,0
957076524269538819,0.2287298378656525,0
957121322858248433,0.45320008954384644,0
957180843002831029,0.4019015728413134,0
957256229805799881,0.8397053235199724,1
958940970927847507,0.028767568036708376,0
958972019916575251,0.1927627526763855,0
959209642509325824,0.016812577969053104,0
959308487644032372,0.07875613569288718,0
959344147221723685,0.010831178250884596,0
959483358389401109,0.8045150562944451,1
959487132458696940,0.007163170480984296,0
959487299573430055,0.45232060620897724,0
957270452215143039,0.014209002451129762,0
957303156931207604,0.21211072388844618,0
957324954611448247,0.13006622110076593,0
957362915117972428,0.01395496145860082,0
959516896569152304,0.808319515078605,1
959526760678891421,0.15228600429544167,0
959602807291281436,0.3103981202839756,0
959603104962841960,0.15445563784854136,0
959667125949545689,0.011906553089725314,0
959700743851454721,0.4954437739760869,0
959745656323099608,0.7220151874233071,0
959946117705023825,0.16874702999504693,0
960074255610258441,0.2818371410856133,0
957369002885396594,0.07178749241602346,0
957417213711130957,0.16408717370502615,0
957425381814766097,0.02434539375669732,0
957508595681132386,0.4668294385455218,0
957768545886397531,0.8145409875329152,1
957818857975204814,0.024825016242326862,0
957945358641843537,0.008240821568516212,0
957946390155047482,0.6347524235938344,0
957967655576972781,0.81419524512958,1
960123989588215141,0.5371315756880923,0
960170192680619491,0.07206776092821383,0
960252148706511680,0.12306627441047448,0
960258169135210648,0.004183115879086137,0
960353377119642101,0.8318534343450417,1
960369879026294496,0.06357617674874676,0
960483610886728736,0.01629869159056453,0
960565066505033598,0.7255516802927794,0
960792992041170317,0.5926306096728952,0
957968867778010709,0.8112402210416664,1
957997561762518256,0.01015683993768209,0
958019510453136553,0.04026118613494902,0
960802474144312739,0.581843859958627,0
960803210657433132,0.8159588395177514,1
960804652550437543,0.8138637266227714,1
960805353810541341,0.8184555866813922,1
960806463378408324,0.8129827118990178,1
960806774951498739,0.8138637266227714,1
960807174486368490,0.8282897245586823,1
960807923889705033,0.8624528064564336,1
958076669143568111,0.2815089780600126,0
962939782996570342,0.451942337958219,0
962941722185189247,0.7712248560160734,1
963013022002239624,0.5248160382958692,0
960808430254177727,0.8357024402199975,1
960808465837278006,0.8357024402199975,1
960808925444839986,0.837878378817402,1
960809504670641684,0.8400830790224274,1
960810042194803796,0.8336526656893793,1
960810722415414213,0.8378826099198943,1
960813601139525414,0.8336526656893793,1
960813984253928172,0.8078436512797627,1
963014343927501774,0.451942337958219,0
963017194270461755,0.7712248560160734,1
963035416697714200,0.005920458495477598,0
963038831435657022,0.4875575814167519,0
963046100751973782,0.014260908246737298,0
963048078029205948,0.015987141445952053,0
963050321235273887,0.39948275426734925,0
963052675248418723,0.0077627667222857225,0
963053029284213047,0.7893392559265244,1
963066386070131161,0.010371432086177461,0
960863548264366915,0.8320366784153187,1
960863554272994859,0.5041927357657257,0
960870128916074588,0.21425876926301354,0
960901063510719919,0.8091691232753735,1
960986775414264835,0.3241059191518561,0
961040467494189722,0.15095859470489068,0
961102840821453179,0.8246535527683863,1
961219465029002448,0.07088510385060119,0
961527622157301522,0.008982542080411375,0
963085620841841358,0.01932994998716215,0
963116369097877691,0.022057444539889053,0
963128951339433412,0.8087192469078893,1
963153880177022920,0.7950778471363222,1
963159451615470070,0.07555482847764369,0
963197365256573159,0.2597750679285304,0
961712378933765607,0.7778415594593704,1
961734517987231970,0.31740361335788697,0
961818212559589191,0.4010127865986196,0
961836418495370418,0.016893787247280908,0
962288502694718934,0.013080279630629514,0
962361429254113252,0.5386812578920651,0
962485786688871927,0.8153048122482638,1
963371797604061344,0.01341205453880963,0
963568680727420431,0.19557211540058916,0
963627843672912854,0.318565137617127,0
963676412262803693,0.41610958329471864,0
963696212258651543,0.07302623376642836,0
963719859916841872,0.8029553229158067,1
962541812307943926,0.8337012429457449,1
962791720021643770,0.7848068413479571,1
962806116621078911,0.23073332859916929,0
965709350570453289,0.5450931521565657,0
965709633075349012,0.7498489485619928,1
965709977898767387,0.8119925973803278,1
965816156178565916,0.8364274330480586,1
965830246757892252,0.7941048385596429,1
965831407638620348,0.3483906590589787,0
963733623334681051,0.7985819263969,1
963743118811741225,0.8021424474188975,1
963752814816200902,0.8021424474188975,1
963753922876932895,0.8021424474188975,1
963771864938788099,0.028101471330644508,0
963775739081591184,0.5409510794849425,0
963782690020202626,0.8075913656227437,1
965836734967050413,0.016045484786960048,0
965903065559481280,0.8390324118923933,1
965972728839907811,0.007826401740339764,0
965992693591250810,0.8409820021552183,1
965995992034672989,0.009137762757473663,0
966007202301299080,0.8393273520148375,1
966015814531483475,0.007209346501575638,0
966053705670125310,0.1421263245515114,0
963789422666124992,0.5362751518418651,0
963804208409308950,0.5082271091183287,0
963880900259575583,0.5784372219408138,0
963888047601554678,0.011863405617175578,0
963914944993129500,0.008054897099822291,0
963924328426517775,0.5599985006474554,0
963998015345188306,0.06687071868480349,0
966077910106063326,0.2870098299244036,0
966141894035636477,0.06203332505836095,0
966363428311660965,0.7651324615026832,1
966526373755872916,0.8160941518749243,1
966708656281258288,0.32722928425941544,0
966732971872955190,0.4556233862259448,0
964125398757840958,0.4284472746648678,0
964235915747817963,0.7884256392592307,1
964283364413802877,0.348179334343398,0
964420907082026117,0.24256687220201772,0
964428733563892675,0.8129711044147352,1
964438667689318197,0.046666378876535915,0
964449748366461485,0.38026156922607296,0
964490043156249684,0.009085527226706138,0
966776877776043465,0.02549623941187489,0
966821144198085863,0.23227060390343637,0
966874541313648251,0.38097551996742274,0
966917087282735307,0.4279266126240207,0
967110425020345529,0.7753788894986484,1
967536405500579160,0.28804233958435455,0
967572040503577303,0.013826007332317324,0
967637028883999741,0.08147417264343275,0
964580862175553321,0.24548914456178458,0
964663362266512518,0.7952907851075525,1
964766056473184169,0.7610831189066144,1
964800732080450026,0.5405481870972859,0
964806866955396349,0.7639441835649704,1
964806889505886796,0.5320693648593795,0
964806952459028089,0.7137163384237384,0
964807043218214324,0.7640521560072561,1
964807066491586408,0.6914781741746304,0
964807089892954701,0.7134602194647305,0
964807132887001526,0.48455567406363875,0
964872115077685352,0.7952223665981719,1
968043184639361760,0.7933766905576893,1
968052518875387461,0.020984384366704512,0
968090367625068114,0.011755700590051356,0
968117958661367161,0.011425752212620101,0
968132719457085471,0.26274622866969843,0
968138190116958758,0.6306861307224735,0
968146040275203709,0.5463531289743978,0
968158472503477954,0.010553619807150515,0
968165379716775028,0.22246448510469208,0
964872185290069168,0.7884304692137221,1
964981942801450068,0.7679639920104201,1
965033404639076969,0.779159908029297,1
965072157099213665,0.7559513919659607,1
965075551050725927,0.8165514586843049,1
965075878880346855,0.7544567768705174,1
965116437418404522,0.7533376886246865,1
968232639190407327,0.018909848516335082,0
968278843988039212,0.3537304013933922,0
968356497739578739,0.013049800872634293,0
968479961934034963,0.8107108064458726,1
968796501661082781,0.010456463497669497,0
968819722669063441,0.020331673916783383,0
968870682060442981,0.7917272289074299,1
968888543324752321,0.179737999926824,0
968909763063437946,0.11095026457300365,0
965160360662831113,0.31050499649642105,0
965292515062423473,0.01604071274265239,0
965319537209564235,0.31814079555809355,0
965350569769330663,0.41916598587599485,0
965370066480069051,0.18701570416820268,0
965505333713118531,0.013433778226153737,0
965519387874358648,0.7927008981919913,1
968918209588155433,0.2252747767348973,0
968921608892347832,0.3844080099208159,0
968961111636531690,0.8273399275220576,1
968982002561156213,0.01659364661368224,0
969020047281643924,0.24270310598324327,0
969035784970111373,0.18644046471243012,0
969037168119524983,0.02043993038524046,0
969046191401522947,0.020973268278614038,0
969127796395247392,0.033805060718673535,0
965519397068939795,0.5349136277413703,0
965706328966754098,0.7516893713627663,1
970213432972312352,0.04656678123165506,0
970248007829272555,0.8388985790683814,1
970314665699856874,0.36106641585424104,0
969429540603462926,0.8079450944838021,1
969450944687841104,0.06841480399916003,0
969458692398111487,0.8079450944838021,1
969461391626046879,0.8021424474188975,1
969462426603921243,0.5707724797881738,0
969463803755237494,0.8021424474188975,1
969471972225907553,0.26767974508507153,0
969521494667176747,0.017315717689734434,0
969546377878285001,0.33528420732953085,0
970314946666010164,0.19887757144936488,0
970318365895422240,0.03093131406589693,0
970364193542146289,0.5338802260215212,0
970394774041225066,0.012632872381469998,0
970433469370775501,0.36305840316272686,0
970497589664733128,0.10695781999653517,0
969557719896647491,0.499147810932524,0
969558852641361621,0.2724910617865526,0
969588852360266326,0.3885746220860987,0
969626098881522361,0.16203715935116988,0
969639647663628867,0.05082775325461078,0
970554818362587457,0.23837441531760886,0
970653078127575418,0.2918470394899685,0
970956880456551340,0.013576888973804803,0
971014919312107685,0.012167826592460353,0
971017228077053672,0.009707130249985105,0
971101887044988474,0.05201863158955303,0
971248186527312092,0.8438347167761124,1
969644867825232122,0.42751314387708217,0
969672999368896556,0.019060665925271194,0
969675031818823854,0.3969606478288581,0
969809809729460930,0.7143355305589656,0
970107108782228634,0.8045859529159137,1
975446337136486679,0.8079450944838021,1
975533092656050344,0.5415395515541609,0
975709423503449198,0.268701118647918,0
971748602940958727,0.46939010813030285,0
971852833016548288,0.8145755006916584,1
971907111940311957,0.47910915424060585,0
971912996917458102,0.2289322968072354,0
971930833189858191,0.009007766224283842,0
971985344645165863,0.034851022259732134,0
972008124482098468,0.022935611418516962,0
975897434407302403,0.8365685448733549,1
975923866742134317,0.42485762757812506,0
976090280444244992,0.26492880179978356,0
976134439875101380,0.008327810737744048,0
976147002498798097,0.40171010461870954,0
976190720830064747,0.009687412662045205,0
976213593216792398,0.47400620268139476,0
976217039644226956,0.7876858804098578,1
976288891069593330,0.02091816630346847,0
976290086007012652,0.012681066783197558,0
972325698235775364,0.7595905612901347,1
972377389533980113,0.4656857325907278,0
972443650532062896,0.43468437537985705,0
972573127714248461,0.024817127640521377,0
972617212028384644,0.016071204228727615,0
972690287530826962,0.08764257163430657,0
972740017700582747,0.007212663830669733,0
972778950351439248,0.12779741444665146,0
972805172969056732,0.008097727147107036,0
976682170530405163,0.8091750630712945,1
976723458918378918,0.4763985619978646,0
976766563716249181,0.008289657114377536,0
976778469941657237,0.02852137646748091,0
976820446138859128,0.7644739241946723,1
976898757702361060,0.007929933795099701,0
976934242941653044,0.7876858804098578,1
976936772563493164,0.7876858804098578,1
976938289851058532,0.7876858804098578,1
972841979416428333,0.16457916054944535,0
972994895711627601,0.7926259864056178,1
973050743642447559,0.8432727654463029,1
973200600534337339,0.23294852735146035,0
973202272068906394,0.028552207661290633,0
973230446767851762,0.3952326573799758,0
973238404538275285,0.47699435922347,0
977455957209695568,0.8645931726200623,1
977510333611168866,0.4804396788367437,0
977575903579108702,0.34913023457014525,0
977580929666714335,0.7804996512414992,1
977653299500768416,0.18468871184324126,0
977732692492896948,0.010872205758660151,0
977754993026073103,0.00687202764442397,0
977767444513453396,0.8307558179508285,1
977788959206970815,0.8193705178014977,1
973323507723677110,0.10118280017608478,0
973360236905766271,0.7708253428955868,1
973364593745898968,0.7811845500166221,1
973430263558977428,0.2533572229313665,0
973435848249028533,0.1870314479353729,0
973460201660073637,0.46540158743422405,0
978012430499715954,0.813151123974703,1
978186823944588985,0.8306869305316844,1
978187771536597634,0.1673088022680471,0
978191817244397875,0.8345474193489547,1
978281778523334764,0.009375865542253087,0
978360232982713232,0.011092819625379863,0
978390068201449135,0.007484721729825019,0
978416401199367195,0.3983516938292322,0
973677543407116406,0.07956287030841173,0
973834338009694848,0.011734430800804373,0
973862362158915636,0.7534212292371886,1
973926823669823710,0.09978021258177061,0
973954372095741069,0.8374969613628153,1
974036792425507586,0.023923305057413986,0
974046667971083306,0.16203784337930704,0
978506040990799416,0.8098630479333743,1
978561260920834118,0.8057284874038496,1
978647529811129540,0.25600185676905246,0
978750786584641740,0.7628937741785602,1
978911600123510961,0.46096554613876883,0
978925745429168294,0.1837424219630217,0
978939555511615677,0.4782484585231443,0
978950134453137205,0.8136005233759538,1
978953048200290110,0.7944789065577761,1
974059099437963900,0.4587014654232158,0
974067561235430226,0.01208920653092227,0
974085137535602566,0.8277370202171372,1
974106237995487073,0.05040194230358996,0
974111912547734871,0.09666350706367526,0
974119318572120161,0.04440982376524922,0
978956682973924369,0.7876858804098578,1
978960020569385321,0.7876858804098578,1
978961717573021371,0.21198863495239076,0
978962049375361389,0.7944789065577761,1
978979276292267330,0.5569806759359411,0
978981767053187155,0.5353241622787309,0
978987017382878565,0.1559338921051195,0
974121272902331394,0.4807941472323158,0
974125072212125485,0.04848356081287835,0
974227248765395489,0.010808183592658843,0
974333058451776793,0.4716456570367851,0
974391601107624428,0.42229820611643665,0
974595688545830503,0.008985621878759044,0
974677228379017082,0.8038958211622373,1
978996864491722615,0.0076496435238587466,0
979002417804365971,0.534504614006843,0
979006571228615807,0.8389433244152479,1
979452911734968222,0.5545811499492492,0
979453621750662155,0.7508869643881824,1
979559714970976139,0.035912287847008374,0
979575159251278222,0.8011353948433942,1
979673238990239197,0.43527701560869775,0
974768925562616199,0.8139423389203532,1
974770012012943865,0.8295210253604113,1
974841259918740136,0.7822566652428374,1
974927953560232331,0.23901366141141805,0
975104119329939624,0.7755361448150602,1
975271247522709915,0.028040194944052056,0
975273537094295498,0.06410263163160301,0
975282423991954507,0.007508410464468088,0
979702194042540335,0.3432091482858026,0
979755218088178203,0.13854557357594852,0
979784664536319800,0.012116617473959073,0
979806126336543822,0.6398583740030473,0
979809968248456618,0.72371226807434,0
979841425635125625,0.3647554611415471,0
979902979221942739,0.015112093918680297,0
979972287079085757,0.8255685788703478,1
980015069757960171,0.45819136115431985,0
975386769408864963,0.7486177312771614,1
975395203298072020,0.4388142417779435,0
975423767784306410,0.09050711809240501,0
985419547082037217,0.5526034071868084,0
985584466129937517,0.8130829356186738,1
985596313208772777,0.7282579933663283,0
980358054626464376,0.8131884347529775,1
980408563480059112,0.003291595970909766,0
980481734816658340,0.7817254459156436,1
980578515043030225,0.5355935319361081,0
980616234786854392,0.03927193574294144,0
980616260826796990,0.028684181070060485,0
985628208911468189,0.7249334394668157,0
985630795755726806,0.7216181200764628,0
985669478516380608,0.8027305087137142,1
985688634102569248,0.011367878478232353,0
985737880167295343,0.12604118727911426,0
985784657564256643,0.7987937631537586,1
986076857672094234,0.07102135879565287,0
986263425862656510,0.015733129756028648,0
980617449810787175,0.04655600499396548,0
980619691545526997,0.01200515047760696,0
980767574007808177,0.08529579609602124,0
980902455209107285,0.8139967101240146,1
981104669203817777,0.7630630397295909,1
981183733840544000,0.006742002000426648,0
981215096714560429,0.009911520364935093,0
981244920997760223,0.7739902371640052,1
981904996886257439,0.7993763466927016,1
986267218100121538,0.04032149761569276,0
986288627356794090,0.7274777789142255,0
986289413069791144,0.8262080798902998,1
986312342198208043,0.5328350478984846,0
986317428628645989,0.7752211466508645,1
986319763478564950,0.5389630157617302,0
986356192177709501,0.801365931966061,1
986771708420366603,0.013189167989683516,0
981936893723440768,0.8469395911710116,1
982130899713091667,0.01428431058927372,0
982172393543000727,0.012753350682582475,0
982214382636326896,0.0976184571474463,0
982516022152861124,0.13198263904710672,0
982522383091784018,0.08792274834503813,0
982692088582914751,0.8017866751901438,1
982774754418503647,0.781387817695431,1
986777423260444075,0.010166488064339294,0
986960461220624070,0.7872667415206429,1
987082797213735421,0.01348095268770703,0
987157188477759486,0.009796536338153876,0
987496705890384286,0.01877869153190126,0
987646006992781950,0.13210964648843745,0
982781191690938081,0.8109512517778864,1
982809251824941366,0.005865407241690952,0
982812964885848793,0.8016829648931867,1
982829571535281244,0.48578231910628894,0
982833752250568153,0.013422317397782626,0
982893705254038962,0.06989741202438166,0
983167691286253890,0.041997069877108634,0
983206021663273806,0.7776531487259689,1
987646116404974436,0.015239287786432855,0
987702490768274735,0.7239356676898328,0
987735186033425429,0.433872161549651,0
983263064441073410,0.5477874459187427,0
983263497821159174,0.525513021646688,0
983328825961116508,0.8060290372904207,1
983429000121858386,0.5536886528472815,0
983463043413515218,0.45457964559548186,0
983486077767415410,0.6839151365575603,0
983667864695026909,0.8075587345149043,1
983759788197939068,0.812660101606637,1
983946677656066462,0.790157264483973,1
987744404359869281,0.5247511771654596,0
987749282672916874,0.035607524797612505,0
987760982489385340,0.7810237786842839,1
987767833411348082,0.04176043983820342,0
987774238584422591,0.11371727480061865,0
987822447995244830,0.8113156223708615,1
987909203001078451,0.009374849752935788,0
984058456651479331,0.813594487746943,1
984117615632554961,0.8204677511477267,1
984121414206555700,0.48967302888576747,0
984125807958212444,0.8079450944838021,1
984127388387318348,0.43954484026457186,0
984129955873097270,0.41010378685856563,0
984132532393018457,0.3440533987081021,0
984190096737619872,0.09653799128670769,0
984193535742296747,0.7798965834011576,1
984206531397675136,0.04292746192707485,0
987993224753303867,0.06527947524842914,0
988345754563311046,0.02875854873962217,0
988427745443522408,0.8334072541331685,1
988430419589767756,0.7511267561477533,1
988441125143566860,0.021498883909562193,0
988530577928351800,0.01253237211114912,0
984278704291135597,0.8061951010348379,1
984544006571517301,0.814079620946039,1
984544319725518768,0.7515963956828622,1
984544663293142439,0.763904824288743,1
984547070140734431,0.4194765098717475,0
984665381826134150,0.8021424474188975,1
984667555924799835,0.1240960536882663,0
984669584272464560,0.8021424474188975,1
984670477924074027,0.4674713008062203,0
988562668068145519,0.04106486269479446,0
988565130972118914,0.012303134172295557,0
988627190607740969,0.10595770435923633,0
988687066020965190,0.11125480994346289,0
989012589841358531,0.8011123196564425,1
984671810028101771,0.8021424474188975,1
984673166695575558,0.8021424474188975,1
984675312100441360,0.8079450944838021,1
984676295568733978,0.37554623203961696,0
984694782799715654,0.5361175534930314,0
984725303384646166,0.015524664268995183,0
984843626459844191,0.007195097946934891,0
984845128438726829,0.20174830792497064,0
989037008922411531,0.01408699198496725,0
989038927149794222,0.08832400788095143,0
989041394420392868,0.834201770654312,1
989078677343719958,0.12697854599012195,0
989080014313685695,0.47312820061752614,0
989145105968736289,0.019397864827295823,0
989188722816855766,0.01750136841112452,0
989225979064990280,0.20624207851998153,0
989229659443295920,0.08854224897499023,0
989238448217747057,0.4832873483676492,0
989273077282515810,0.06447262302121584,0
984866964862347137,0.45434342305596453,0
984877132975580649,0.24146410315261976,0
984899538580270442,0.3601771893881205,0
984905638210475309,0.8113156223708615,1
984953691868171314,0.4055000265927282,0
985018927664356222,0.35286121783177066,0
985020705862714485,0.016090899568519747,0
985049551291889004,0.19443972873997029,0
985167005975036518,0.008446144149626987,0
985326372803136953,0.21342803040274294,0
989328318542771011,0.07515139677187622,0
989334284225183279,0.11155252808239195,0
989390687371386754,0.07602911303182046,0
989441394547587311,0.022694460208385548,0
989455238513058578,0.2980939103388714,0
989716756428423660,0.08764286997046183,0
989912074263222430,0.5173886227039545,0
989931676455576143,0.41701905143740337,0
985390832322641472,0.04114071698603535,0
985398033818297264,0.031959888063305665,0
990518462652857065,0.1723340878543863,0
990528204399198792,0.04089579797326949,0
990544420615365923,0.018616620314311647,0
990703873253686034,0.17829373056574518,0
990723330952862828,0.03296783790424552,0
990723645034323101,0.04790311906980915,0
990743032897097952,0.25446838612600897,0
989939161066242708,0.015441640708627044,0
990321527568171660,0.8136199500321621,1
990420260648778710,0.010858533991511191,0
994854380472617594,0.8507280533138544,1
994873849149042851,0.04281575121227354,0
990786131102466724,0.7698879239047914,1
991236862659991689,0.035828202638800294,0
991257665855152119,0.021100504019327126,0
991297220927356270,0.01194568516580878,0
991301559931083002,0.42720743088321994,0
991329695425304733,0.02598292143470725,0
991331083909142924,0.031403718271259325,0
991609130902323876,0.12650661911993227,0
995017065620198504,0.009290703374120274,0
995017187155167022,0.45135702922587706,0
995023832490126330,0.7216181200764628,0
995132747994090209,0.8230840665483199,1
995136216928862979,0.44788235943462434,0
991618199083891050,0.5961144241825667,0
991623222460717625,0.8236817828797639,1
991634223943323194,0.764662901432835,1
991935440389894408,0.1842587900875928,0
991981287604308290,0.362154923177086,0
991991358246446446,0.8375322030526142,1
991996408319576802,0.3353076374828461,0
995516149051503639,0.025194789601508522,0
995686208234684657,0.3484320453012957,0
995731222790857879,0.034736223447917706,0
992001643293387249,0.3353076374828461,0
992033931066536338,0.23335670304538034,0
992285225039563541,0.33997153741728736,0
992288056003104934,0.2930534080848009,0
992667450881055647,0.8132703036185233,1
992758163619203613,0.010404467865795911,0
992814196429281613,0.12037229977608566,0
995750644114020164,0.02672720200770951,0
995788755315788444,0.7764177597317476,1
995884756639416846,0.41777087675347524,0
995941212621416043,0.0048297658452763756,0
996349061926855284,0.1979618607276504,0
996361712072301966,0.09479774980086514,0
996659251355170013,0.28418614523850594,0
992835797737688121,0.10545455855563929,0
992917500054796096,0.7980211663448807,1
992970965790772607,0.0007917213718183376,0
992974980287590415,0.0125869661475337,0
992986905033951226,0.014364920263475406,0
992989780812562339,0.013568504568604086,0
993345539227815562,0.8480388576602712,1
993376816759109537,0.029163989757533385,0
996688489279727538,0.03158179574476066,0
997093934680613043,0.1175524600062239,0
997175010827752885,0.06652777995665314,0
997293739861552181,0.40850367723317793,0
997432199888717593,0.01299450915786008,0
997434971292281828,0.8074589636976356,1
997802618442437334,0.7729735939209575,1
993395477102033230,0.835187640542582,1
993465561394161427,0.01167838182858752,0
993524822952613739,0.8079659945491976,1
993530015229616900,0.805182193799499,1
993531470666901837,0.805182193799499,1
993534425755321958,0.47770768176349565,0
993535856412256026,0.6712756245647491,0
993537989352329160,0.4576526103339467,0
997836174809372933,0.1966506640179738,0
997837698254182166,0.16328498840954772,0
997925549638192923,0.19838910873483445,0
997986353932503170,0.0324277330171066,0
998048498640584631,0.17131969551326476,0
998088361998367565,0.024195921161196857,0
998131337513068593,0.017565787371426243,0
998643579317856973,0.09943455046965517,0
998760962620102444,0.14949466993730998,0
998789259734857465,0.17007374471355263,0
993539392518088768,0.4616249434548898,0
993540230282587422,0.8079659945491976,1
993554226277677368,0.2473775510257575,0
993563148062414056,0.03523084206168872,0
993647929569558279,0.027022370990355864,0
993701958252290515,0.04268018702438679,0
993726764319807393,0.018874735969015344,0
993740332378198800,0.012122557103550695,0
999271132363384608,0.6408999281312503,0
999369329537073695,0.009243105644534334,0
999443618811955972,0.8081033738692853,1
999476398117566543,0.19915528396664628,0
999504545056832839,0.2786298198140944,0
999668586599938835,0.8371007578996486,1
993753874316344578,0.011502626941258608,0
993759176942173865,0.008962219537716155,0
993794008162433901,0.8485484773492886,1
993815451535229138,0.045018610042792756,0
994149040515763700,0.013118304716475867,0
994196156227828711,0.7582762106227379,1
994196359630313253,0.10975524033079662,0
999770779083944221,0.7513152151967748,1
999771308036502312,0.5370565032880474,0
999771804203262022,0.7473417640303011,0
999772274871964117,0.7479386467477948,1
999772794962783206,0.744838731731471,0
999773287760551066,0.7467319930961146,0
999774263993715808,0.7463874634622878,0
999774727861426844,0.7451837094968055,0
999775215264479826,0.7466634218755529,0
999820797694613492,0.10558490692199303,0
994256775060885378,0.8314839008378128,1
994275293119376239,0.8076195429749922,1
994482767079610455,0.06065739184245285,0
994748134628684461,0.8113367065677358,1
994790963393975466,0.7531255644017932,1
994791500371567444,0.753089953726737,1
994791843427497764,0.5489277039232698,0
994794484302782803,0.5607570302649892,0
994794812600733748,0.8164395069801547,1
994795054239159286,0.8107696743848704,1
994795378830070956,0.8135777129413471,1
999964466102080007,0.054757923892093156,0
1000023148920376325,0.380553326490585,0
1000103124244467969,0.39399918712688464,0
1000114407765528259,0.7891639825087738,1
1000280166040727910,0.4208385326971815,0
1000611103131696812,0.1900093588276504,0
1000637485791641900,0.7454715739601683,0
1000637914058448005,0.026021049115505353,0
994795699457716646,0.8105343845942475,1
994796226657433970,0.8107696743848704,1
1001504295699017046,0.800273070327445,1
1001533760739742081,0.006928769176825161,0
1001535719995297015,0.04470608500623504,0
1000691832643780415,0.012737282419224795,0
1000697739867775924,0.017463031062550725,0
1000705511867042222,0.8346816127214827,1
1000734250823805720,0.554179846371905,0
1001166370551563656,0.026294831598998338,0
1001172740348314080,0.8348577377633859,1
1001196188496667612,0.8144491389753712,1
1001196522969253055,0.7507366600071821,1
1001598392441206590,0.0076357741507619556,0
1001730138556048837,0.01592231822781694,0
1001737519563399181,0.12249148860024091,0
1002020087000567531,0.5002480984946784,0
1002265134898404856,0.8317244412236185,1
1002338091891147677,0.3615101775115357,0
1002349284786586987,0.2516567822480175,0
1002372308719939596,0.15003304415961788,0
1002379682073037803,0.6000988021579866,0
1001393648020126510,0.8393134994843281,1
1001442118570469957,0.013879474290494891,0
1005815475598371052,0.3946259428481662,0
1005816756950762505,0.800273070327445,1
1005945620349053784,0.8080770597555224,1
1006068540323632978,0.01009597391576922,0
1006176129595167823,0.720359355336832,0
1006182788659329021,0.7203646144113526,0
1006408020334839385,0.8111477463859965,1
1006408371449823451,0.7585007351433591,1
1002762231875704553,0.3684119918889879,0
1002808727964654800,0.26862374011622947,0
1002823881758639223,0.8057284874038496,1
1002825899474348002,0.04136076300383355,0
1002938301240121368,0.012672932990261634,0
1003007059776362718,0.3078601818947101,0
1003185235835253133,0.13875410245166592,0
1003264500595523395,0.7647485696270304,1
1003388069721002744,0.23883167850160264,0
1003437049851150279,0.005595674497826007,0
1006408710425030358,0.8068597267116843,1
1006414069902175519,0.7501296133081142,1
1006416060412152707,0.5006880935547182,0
1006418799851249472,0.476287284862496,0
1006454732303784817,0.7850501466985826,1
1006478539412614897,0.8279477073395329,1
1006487297634998418,0.01570808518176761,0
1003438862092649925,0.0758102884984777,0
1003456391781394928,0.25307746674287906,0
1003603678526992890,0.01265907302411949,0
1003605108747472715,0.5336782264073141,0
1003605509170725526,0.46445982422589055,0
1003623057347580030,0.5978474542943059,0
1003628149571622270,0.5092125131937325,0
1003631615633097311,0.03153682966604512,0
1003665546182490793,0.24638210481341932,0
1006493394300852627,0.3541363999587664,0
1006522468158319332,0.7993283604894501,1
1006527301056313841,0.025651753976435824,0
1006681477271989960,0.01849661882793647,0
1006786464665372746,0.013474727991799959,0
1003733132314788523,0.5191504358012893,0
1004095772865729525,0.6219203346805048,0
1004249761260526414,0.4187076851392605,0
1004250291069589609,0.4917867271075697,0
1004275203463075946,0.018205364985692515,0
1004293603040155452,0.5838584024518126,0
1007195302734513815,0.5495923850378991,0
1007199440000321831,0.1452707943244711,0
1007225552327203248,0.604132460258585,0
1007225844823503320,0.5480312593916307,0
1007250126684081182,0.8083468873291622,1
1007300419126472895,0.8447049687635466,1
1007305742992789862,0.8077803880704657,1
1007421778971968598,0.25893269827543147,0
1007442859572150357,0.38258864783528723,0
1007480104408240518,0.8158355405529276,1
1007516902054061885,0.4932593974936084,0
1004328796940846724,0.7688535147715743,1
1004387321163585233,0.8069092680800545,1
1004416200240866150,0.888658779517926,1
1004419004578789418,0.8390429482942248,1
1004428776661057322,0.2771608773607662,0
1004442886221909241,0.014486804330268235,0
1007614130158371923,0.7650026356910014,1
1007620700354927842,0.7650026356910014,1
1007630444019527314,0.7650026356910014,1
1007639900642674747,0.7203628741119116,0
1007650908427825237,0.7203680577421802,0
1007668452792896638,0.5852289031620014,0
1008044309422309241,0.7980211663448807,1
1008048068731473273,0.7777613021393551,1
1004466409355496588,0.003613664835513585,0
1004507987284505214,0.3966680956862171,0
1004797911209762220,0.7487365158869884,1
1004933046061134895,0.012590895619581152,0
1004960466960763499,0.7821348883458287,1
1004966777244088455,0.04273511800601748,0
1004977759124184759,0.24200992030833238,0
1008073352246997879,0.013153484065962439,0
1008224580345820061,0.3850170884101721,0
1008246140374586613,0.009837937063395174,0
1008301599260572123,0.00997708503561173,0
1008315491855065333,0.011482787619319954,0
1004979528339732090,0.6160005087888479,0
1004983321950071187,0.8050346026449396,1
1004986421761369903,0.6676693065298724,0
1005110189764921353,0.8255685788703478,1
1005170940682176047,0.012627290167243534,0
1005370783122110219,0.7965917239154332,1
1005455401581521842,0.2925804308695159,0
1008681402440530338,0.7861815100850145,1
1008684865225089784,0.0055560009410940666,0
1008769514216653898,0.8055002984550962,1
1008782792044941009,0.7712248560160734,1
1008785772699560452,0.5068883064062014,0
1008787472768541467,0.451942337958219,0
1008926567820593504,0.7981551297627587,1
1005472293004395476,0.764662901432835,1
1005670166131650190,0.5469210035569843,0
1005673684502420287,0.8090854246057395,1
1005674051567310833,0.7487365158869884,1
1005680400003560176,0.8050123349841437,1
1005699715476632962,0.5788991948274659,0
1005718268391592996,0.4502026935988178,0
1008957074079095931,0.021933176462087554,0
1009191381161092468,0.7495652384360505,1
1009234762958456511,0.33023738926929375,0
1009542110611743262,0.010819095998957832,0
1009556551598403395,0.7278179215305767,0
1005738027556061705,0.7203672015125887,0
1005753485016243270,0.7203654798691529,0
1005760022125022077,0.11854168442004843,0
1005814235498714382,0.800273070327445,1
1010279287170639082,0.01189348039997944,0
1010398417049773773,0.11725636535478144,0
1010503905929192028,0.0013048304417521675,0
1010631999598223279,0.028810941909774113,0
1009579280107555192,0.7826967597713134,1
1009592864410933065,0.4062377030258038,0
1009597601673297416,0.4521704830101792,0
1009621175691841712,0.16145783074099682,0
1009699512413915648,0.20526945471131064,0
1009711786804562856,0.0650381988040139,0
1009920490255223493,0.7508869643881824,1
1010083125968738233,0.8606145889455383,1
1010092233694522877,0.6358671650678809,0
1010673362514237824,0.02247889352901557,0
1010695942882458445,0.7548003124267827,1
1010697141055254396,0.7550252230227747,1
1010698510084140429,0.5507517334772855,0
1010699595236271445,0.5608331705397429,0
1010700035236114162,0.7558017442715032,1
1010700231925464377,0.6223091700908443,0
1010700368314723605,0.5065994255041417,0
1010701324261461472,0.7523520469462499,1
1010701383139974348,0.5096668024243153,0
1010701479753255931,0.7536546859841012,1
1010701819520561456,0.7519886852708827,1
1010122514884550235,0.8050691443088992,1
1010164115494214214,0.40701248868810125,0
1010194712660417968,0.7712248560160734,1
1010199392593288245,0.451942337958219,0
1010200773712690524,0.7712248560160734,1
1010201807138185749,0.7712248560160734,1
1010215062154388163,0.019423506567099173,0
1010237549953170592,0.02221843846779686,0
1014367358598054830,0.01175953950493962,0
1010701992956234230,0.6043574336798538,0
1010703830702570625,0.5163301212720338,0
1010706207238028243,0.75353814201937,1
1010720099802848636,0.7511267561477533,1
1010722076697864938,0.29322430883357137,0
1010768775628092224,0.01736119221879936,0
1010816621788352605,0.7986616433787761,1
1010874063701112844,0.004060289448411946,0
1014408029120671763,0.3967809708952891,0
1014438256711644057,0.26435359524773433,0
1014451242059786811,0.3157126856742215,0
1010941533813299292,0.4624615560476467,0
1010946872609750814,0.7986616433787761,1
1010947700541318826,0.7986616433787761,1
1010948660179857782,0.7986616433787761,1
1011187858986701691,0.5855578766683773,0
1011205237072667883,0.3472957244079729,0
1011321438432483322,0.6217429716408263,0
1011479433844246230,0.7515030463749423,1
1014607070981548282,0.5987032078514218,0
1014634140531499728,0.8254121947851754,1
1014637467272403256,0.01337631593062182,0
1014729191484829933,0.015530855301796999,0
1014762144431371619,0.011953917212743971,0
1015027813525407338,0.5517722499475369,0
1011479899961695926,0.5316615878524513,0
1011480142170843901,0.7482387815492012,1
1011480382401571385,0.7451205148818426,0
1011480622702890345,0.7482387815492012,1
1011481145576039394,0.6216069266786858,0
1011503182332783001,0.14663557771124838,0
1011621999180896683,0.792123180577346,1
1011653407610821403,0.008494296849258438,0
1015028181966283124,0.5419181706858492,0
1015168578871804091,0.23055341765617504,0
1015178551586504919,0.810335639435212,1
1015203525260165853,0.839913285357608,1
1015236489718360455,0.806077103269614,1
1015297538502606345,0.8137412135185788,1
1015357234838303151,0.0122492869032494,0
1015390252345027742,0.010354385488618566,0
1015496561428131132,0.01135233860705659,0
1015684642970558727,0.8171353658366893,1
1011664069029780820,0.007089267162080775,0
1012289356920555730,0.14165763746132998,0
1012337632157511148,0.012520480580828846,0
1012402188594012680,0.4159146027154191,0
1012463065092346250,0.8140443011290122,1
1012610921280338920,0.015697285273426464,0
1012691514995422663,0.7203663422288663,0
1012933371188448209,0.46062629360392654,0
1012988420019348258,0.02154992500388888,0
1015684977966771762,0.7548327250350766,1
1015744976125852571,0.7761039794786304,1
1015757189408408744,0.25294364558792826,0
1015843750576959483,0.80117996651421,1
1015858565969239450,0.012379034233291666,0
1015918433589429214,0.19151064456912134,0
1013126854297515145,0.021507983224753537,0
1013293137558770633,0.013736803410805876,0
1013319174207599722,0.8483455064365596,1
1013320907450515752,0.3661051201891647,0
1013333693366837468,0.7969684157652531,1
1013402113840724461,0.02964664153823409,0
1013577737689075054,0.8460031282587179,1
1013632155850220616,0.023330598963571276,0
1013632380355599044,0.12865219350918744,0
1015958372468042115,0.7804996512414992,1
1016004482042560235,0.5482740881572302,0
1016062872267819040,0.08241161077553776,0
1016124375833661253,0.010624740956567723,0
1016151137833274828,0.4911197948197207,0
1016268870420191920,0.051913378315568616,0
1013651311908564737,0.06461087427734989,0
1013674864835064998,0.01095612995065711,0
1013709156917167615,0.018454799724651198,0
1013719008616614306,0.11334215263137917,0
1013745399413953045,0.019586810793880468,0
1013756338093524354,0.21663677134002773,0
1013766112876806542,0.7953978572288138,1
1013813949110105351,0.7634766231392868,1
1016585125756842578,0.444729658375634,0
1016592967533501456,0.786777472178217,1
1016599683702806669,0.35665156741857107,0
1016618958526024089,0.030331035727046457,0
1016657029340036999,0.8070955769368527,1
1016667809847251975,0.7922727779110337,1
1013814395680935624,0.5205473171053921,0
1013814472023496694,0.6301933970976366,0
1013896771741699739,0.2318844164954942,0
1013916207138136945,0.796921632127424,1
1013933134833891698,0.4465400325027647,0
1013933384020647976,0.4498589488953865,0
1013946326187929869,0.29979013738662835,0
1013947795524141187,0.407675040420481,0
1016707139766409388,0.02442681951642684,0
1016713070307227385,0.8088464521566296,1
1016790707893219410,0.8202739953104641,1
1016825148595065353,0.24714913446995618,0
1016858650638508129,0.15279405833088522,0
1013949597532297600,0.3664507575894367,0
1013950908788847919,0.36135128312277526,0
1014296846467270142,0.02764320788810714,0
1014319983262481470,0.021548754796769425,0
1019483164293833321,0.7523938460481291,1
1019554505167865654,0.42740960539899125,0
1017206291946736077,0.27440331516080985,0
1017430380242019274,0.781903905458416,1
1017457157959208051,0.8060246041232211,1
1017535766542159357,0.8244215740879691,1
1017598800878125140,0.8541120361358123,1
1017599050258019176,0.8811424635748353,1
1017650805773782165,0.011590209576634458,0
1018042935230242018,0.009941048095158962,0
1018143409510321723,0.8280125322419292,1
1019585668829442554,0.017582306080718323,0
1019618568571379980,0.026680401091153112,0
1019629533271481308,0.026776127048839762,0
1019640095376235782,0.018823824494786215,0
1019645060934557521,0.018739235897352765,0
1019653865784274979,0.013486733812475516,0
1019663721950569974,0.020418902403770364,0
1019679775919640933,0.026390672105064322,0
1019700356152080364,0.03409750014320726,0
1019707537917309945,0.0305329212734372,0
1019716240581980266,0.03514504948627651,0
1019720628472155850,0.006733998778456995,0
1018187128604089650,0.25831931890028503,0
1018267402066684725,0.8399061606563285,1
1018280359573876973,0.015508372494932613,0
1019783210726896643,0.21378275157489085,0
1020224178453200016,0.7712248560160734,1
1020238807362460254,0.39884256339463015,0
1020284567535553280,0.8000764720681238,1
1018621838995251978,0.5058332248577211,0
1018730052478345166,0.7693143187217512,1
1018749486476658546,0.8403286948428892,1
1018771987843520425,0.026305287432395907,0
1018806314810839720,0.29367173864976176,0
1020295972034520549,0.8018245550069458,1
1020302460310493937,0.0066530426698553965,0
1020317944680025325,0.8018245550069458,1
1020318924718002541,0.8018245550069458,1
1020325080427729176,0.009047080964794089,0
1020338711341788113,0.8018245550069458,1
1020340862401523912,0.6267637105464399,0
1020361297646295120,0.7696625443195141,1
1018994351772627655,0.2669806270774963,0
1018995569750768262,0.15893275565587892,0
1019091036096678857,0.015864452781541864,0
1019262892323702903,0.4639749843211156,0
1019269535023539165,0.7203672015125887,0
1019274864068294450,0.7203697611252529,0
1019283702042155719,0.7203611211489374,0
1019429690426278080,0.017013657807334378,0
1024325781317907514,0.4747282964500431,0
1020547495067825829,0.8318490536150241,1
1020660300348971167,0.0169136302778425,0
1020696614069404268,0.7636025010830954,1
1020901025557783580,0.754306502269875,1
1021014944535778418,0.023993027064116944,0
1021027858055889487,0.2093996413584607,0
1021072915892293490,0.7999799683296569,1
1021084059362986746,0.7731392087108337,1
1021120228485048462,0.045110547839725255,0
1021164225327910374,0.8597243846464485,1
1021164485336480356,0.8457930675364669,1
1021167820214545600,0.018161809713240957,0
1021209119661167704,0.4283224350358082,0
1021522122859441709,0.812507522447977,1
1021522461924875539,0.8080828046265928,1
1021628928305609941,0.024463919606639187,0
1021671515623364753,0.01756774680671772,0
1021683047607804659,0.7654602901273351,1
1021725640792380276,0.006773272094809923,0
1024602367703591268,0.7803876105122703,1
1024603235202612986,0.06746019706784877,0
1024611102410531795,0.005170781030902634,0
1024702216606434206,0.8252673210549668,1
1021738415510509168,0.018810809368444228,0
1021780587264573107,0.8485423251124298,1
1021965378817390715,0.007824938946117615,0
1022311659837669027,0.026747453644099396,0
1022466230508584338,0.8154708107667747,1
1022570041168235900,0.140652979233611,0
1022845408225467847,0.8268996393199148,1
1023157172581342378,0.028823760873802187,0
1023162259211795310,0.8011353948433942,1
1023168045825060857,0.691734503890596,0
1024825444447674626,0.036878954778011515,0
1024830600054824762,0.18539743568913736,0
1024949196654626502,0.772147631770824,1
1024966183191386359,0.7716584249727478,1
1024974485982352326,0.018115981312470646,0
1023284107526996225,0.3129648591775361,0
1023307480793588649,0.033076804239274796,0
1023371010670890196,0.7637447340477682,1
1023417053729543490,0.0072129965936210795,0
1023483102236733270,0.8251585297539678,1
1023494946501931856,0.029993072686562944,0
1023500902948498040,0.007435432242793108,0
1023505747100753005,0.013710676903533114,0
1023555479605761306,0.010907632396159573,0
1025026416481257890,0.027121764429688448,0
1025073150483139603,0.765207988742196,1
1025196908687141792,0.008081783194504956,0
1025276529065060825,0.3418159026526342,0
1025313635554997991,0.05405418362486888,0
1025361914984992126,0.016263794994267902,0
1025391402617508678,0.8225236810125042,1
1025424243538257181,0.05747580276070732,0
1023765160868287919,0.4269570008582996,0
1023812249195453762,0.797292459047256,1
1023852772552357244,0.40912456004989417,0
1023859305815064970,0.4200301189661026,0
1023860576551144172,0.02544507298530822,0
1024001423989945857,0.8238779663089016,1
1024046024450319524,0.23252876555918103,0
1025562306847191878,0.004275454995691869,0
1025666312048448890,0.0761390221307928,0
1025674753621522316,0.009599982221894407,0
1025734531838511626,0.016849638994691336,0
1025933594037670856,0.3732538251662798,0
1026009299854219304,0.4896574088252432,0
1026093383801867727,0.7984046405712082,1
1024051110082920917,0.540285537138903,0
1024218171809513483,0.136137544426975,0
1029047003692025876,0.036884060540666216,0
1029119321407305746,0.7199682873155553,0
1029125365022473668,0.6629573057392153,0
1029128244805089224,0.867180866852827,1
1029145949717644011,0.17324707312589885,0
1029148916384970318,0.02273006479994012,0
1029190475492733848,0.7984053870494754,1
1026103008412085829,0.4302810798580857,0
1026171552511575057,0.012049212756055172,0
1026222232281055628,0.007400762775555084,0
1026357755935992501,0.8382732101646577,1
1026374295595084575,0.1290090401497041,0
1026414843857482028,0.002316613166882288,0
1029250569852928766,0.19497662530026574,0
1029256490418151453,0.2421270632018629,0
1029317224873552477,0.019342013815957678,0
1029490111259601395,0.7527664592016439,1
1029490519115427865,0.7522410764020131,1
1029497609134512892,0.018791475242824377,0
1029666092532042199,0.8209587267019711,1
1029667278109157347,0.8142445697464675,1
1026443970774362027,0.01346579567500752,0
1026494883611436012,0.015208693977001576,0
1026733759781898432,0.5253690153687921,0
1026759746975641390,0.6055016659373973,0
1026930869517663727,0.5710784573623953,0
1026932842296933504,0.23940007663445342,0
1026958200440279982,0.03531914042082477,0
1026958598499558284,0.17731049833494716,0
1027032751654217105,0.5380215543258788,0
1029667664595611155,0.5812502598664264,0
1029692543095350940,0.824144153227857,1
1029718396636573541,0.02171277100153787,0
1029752862113650417,0.8902491598645976,1
1029753759407075573,0.8873279539651082,1
1029766290483905399,0.6775235924025893,0
1029768598914791090,0.8851028109030229,1
1029776177395261809,0.02010855597048535,0
1027191919081337511,0.007132047344985922,0
1027449598019724589,0.7641594758453654,1
1027509804398931423,0.7831040686685297,1
1027513163797598666,0.03385365949045939,0
1027518763993844240,0.017295434034705997,0
1027584986416827955,0.02068119428008208,0
1029780342115548841,0.5480172146172139,0
1029783191207154739,0.8844050158800344,1
1029788344197600674,0.8841558164707256,1
1029791210554209668,0.8817145627037243,1
1029872184146517556,0.01708267030768889,0
1027775162141297216,0.015678037664677045,0
1028190903595145736,0.8252556844918628,1
1028210591958989521,0.019030708174921807,0
1028322429577330288,0.2263108321397956,0
1028341381102136591,0.006797385983607217,0
1028470137032892866,0.01116888534689058,0
1028507425980147638,0.8003496797032742,1
1028641003993601924,0.016772795738149077,0
1028809650440492488,0.5793133942630045,0
1029872939778153250,0.7976472138136891,1
1030038657520362227,0.016928918248073372,0
1030041934802208436,0.012349365598467547,0
1030353300340142449,0.7501853863227683,1
1030353867053493764,0.7525449017669674,1
1030390127312130098,0.7977728699254681,1
1030425415018545602,0.8137365143529693,1
1030425670028396214,0.806617459270846,1
1030471955409301019,0.004937011340463596,0
1028813169737432170,0.5556269435140261,0
1028813583299578691,0.750838890777755,1
1028814409197583111,0.5468008549956868,0
1028815015986066730,0.7644459882690513,1
1028834725459414626,0.4710185987831773,0
1028910710718335538,0.5038729626254882,0
1028921718566728320,0.27725842940723383,0
1029019279588298736,0.04025817858875033,0
1030485845671429046,0.0344876594030894,0
1030503494042831518,0.4510947867165787,0
1030521032786848110,0.8844050158800344,1
1030582663901645263,0.6004321036623725,0
1030583783320300121,0.5405167954912916,0
1030599882030482842,0.8160874549638767,1
1030683669627618471,0.8157118240582917,1
1030685682018740063,0.7642408794332564,1
1030931589160982780,0.7540323289936823,1
1029024468197803771,0.17362072583152027,0
1033928058346993729,0.15525369251683543,0
1033953863075333478,0.7530993124752665,1
1033955559027329334,0.7545322514871026,1
1034002815994694257,0.8166998932955664,1
1034015845992979230,0.803298459253536,1
1034022739469997420,0.24765701683531546,0
1034100855619075023,0.007250615543678949,0
1030932053946030222,0.7526938278554791,1
1031243845273593604,0.44556480753157807,0
1031252846776033127,0.01405669145934561,0
1031292829310481951,0.024401384716474794,0
1031826859936033507,0.7523176919362777,1
1031916975423945485,0.027118764720160237,0
1032513943516521434,0.44313513228051427,0
1032533524834002025,0.013112102075297553,0
1032596032924282144,0.8230766023944117,1
1034113003712981730,0.01309945027748659,0
1034127602506574999,0.4580912975774129,0
1034128450049103094,0.8127050876864792,1
1034235578841143848,0.14361392081527147,0
1032596168777494960,0.7935957814331269,1
1032596208836249157,0.587115697957922,0
1032626627203089884,0.10382778308132268,0
1032727700749663580,0.47562249028634523,0
1032770163786528060,0.014471486392695026,0
1032844645357836115,0.2657102426581674,0
1032875325263161073,0.018731336677819274,0
1032905729887293427,0.029192568934314943,0
1034266243065937291,0.8230906970089789,1
1034325119213422367,0.026589860805391975,0
1034331064246329985,0.030682546405726877,0
1034434505251215260,0.8122268324854559,1
1034533673223544322,0.7477410856039048,1
1033019798667589326,0.830406896160416,1
1033057963245388126,0.010384952079826593,0
1033294176547081250,0.020214460401921874,0
1033389540368464794,0.012370079171259296,0
1033527197628685189,0.7507564808084816,1
1033555318888190858,0.5556024260759256,0
1033563488863149569,0.024040630533396022,0
1034534236829242309,0.7538944607294796,1
1034536861924450963,0.8157562415375197,1
1034749271994349012,0.07285689230422175,0
1034752543782836355,0.8171429294322569,1
1034762851428251097,0.09114652690751926,0
1034787269959098719,0.007234411912234125,0
1034810015156631878,0.8073846002231717,1
1033594152124762800,0.43924740927327593,0
1033633370292103864,0.8029249582732034,1
1033665025367277341,0.020414284769456052,0
1033917984737819474,0.7480695892413433,1
1033918654686101310,0.758153350269921,1
1037755666156622209,0.8325244189541117,1
1037893954700010142,0.007215472405706254,0
1037922894896275393,0.025725875872342284,0
1034870717937153927,0.5859509802817295,0
1034897833823176761,0.022106051709169166,0
1034962239819796348,0.7706467749427389,1
1034977854572102778,0.7628440417482077,1
1035243405969732653,0.027828807809993687,0
1035362823116379718,0.7497924521927842,1
1035363170136485747,0.7511258541307719,1
1035373871473298400,0.7484612464549807,1
1035374176350450478,0.7573198282456272,1
1037979759518038341,0.1510330674030833,0
1038500285792495171,0.48058237498094014,0
1038500834823176760,0.46971588150410015,0
1038546220836926685,0.283445714350594,0
1038567908768979163,0.33145522397078975,0
1038584688653893262,0.03792236968312018,0
1038594244657093254,0.042984000523267396,0
1038615845898550577,0.02465283692991994,0
1035374494082986986,0.7518281406164332,1
1035375383695403072,0.7523558891623984,1
1035433294591240366,0.8100562446074024,1
1035503974195948507,0.09606798642376617,0
1035513445878037862,0.010465826815135963,0
1035516094065706441,0.5271132175172254,0
1038727420303893707,0.2910880628146745,0
1038790975859277027,0.00870925162990015,0
1039049849056743202,0.5300412409178682,0
1039053305366925702,0.5098271163982976,0
1039057147878209266,0.4719188344805091,0
1035641818891250209,0.010177549550984282,0
1035678410792274896,0.019896073990199704,0
1035830390935280687,0.8283034848255058,1
1035939598377691112,0.7505724971776131,1
1035940332981870594,0.6796095467637894,0
1035940967027764765,0.7506273329906851,1
1035941494843178212,0.7513152151967748,1
1035961933887794067,0.011532784910410113,0
1036091192250653304,0.8305476669698437,1
1039171553374045533,0.009562120045104172,0
1039216530959665328,0.010740565991520297,0
1039243266340853872,0.02159433377572307,0
1039291627800789819,0.16391181265008373,0
1039303278183487476,0.05529656977102756,0
1039387830704024048,0.804693179770832,1
1039719005706038699,0.39087644160256335,0
1039756751753144559,0.21064404200356368,0
1039775375347211052,0.7506820537795265,1
1039776121808822509,0.7500177088288517,1
1036195335901188776,0.33413318383322094,0
1036259745835736631,0.8054478486211096,1
1036273713121371144,0.5691089897117305,0
1036276150421118929,0.8298424284615523,1
1036276185860158740,0.5985414076814026,0
1036277325720061392,0.4552403219998431,0
1036302925052852340,0.01774832361741416,0
1039876194157328406,0.010284457039971082,0
1039924567224255419,0.15324425286180393,0
1039965089477166943,0.7737869154463781,1
1039996973262353772,0.7726891884749088,1
1036309838728178575,0.018754225794277216,0
1036325030871136434,0.8296200597918291,1
1036373982586690237,0.9040243467644695,1
1036494663880720197,0.24033015715572914,0
1040000537821867815,0.5158837857982053,0
1040005425066770103,0.8064976947581709,1
1040070660427872874,0.7937059095628913,1
1040093349544593632,0.7660952800114217,1
1040103498582872005,0.7651732548898056,1
1040110154423119249,0.7651732548898056,1
1040121441546604112,0.7651732548898056,1
1040131205375805128,0.764662901432835,1
1036919697576123604,0.3152801028101431,0
1036945730394332398,0.011706127055737831,0
1036949890162558963,0.8034718611849299,1
1040242522938333428,0.7643721880828667,1
1040243842203592745,0.7641594758453654,1
1036950046809959706,0.11654359472619072,0
1036968899079873494,0.02973436097070021,0
1037084574043042259,0.30857513268071546,0
1037088700497416622,0.6047146172495407,0
1037197830785216680,0.011663334955249861,0
1037314434052682558,0.009963350390089767,0
1037443481542584282,0.008921298896887368,0
1040254120934937513,0.764662901432835,1
1040524257616584068,0.34971785597473065,0
1040570314068885707,0.7791044274721298,1
1040577676963399310,0.7510305923324226,1
1040578352298673922,0.7507366600071821,1
1041980408127081749,0.8206827458856327,1
1042054162835980391,0.8809900690938307,1
1042100010525986133,0.02219835496346275,0
1042136838759782915,0.7964751096144794,1
1040579615332825317,0.7506273329906851,1
1040580248552704861,0.5440951852331415,0
1040580844273414547,0.7495652384360505,1
1042137021674701046,0.7952670747109437,1
1042218107096684067,0.4555430569052426,0
1042766424368368638,0.4590607431939563,0
1042877228869104772,0.7957296823466204,1
1042899831256465915,0.7932954097309641,1
1043030167024241521,0.8238663457058222,1
1043041856219811403,0.8306385418138632,1
1041332372169759470,0.2169371943490057,0
1041449989786816094,0.5641132640813108,0
1041477525563744772,0.027465633064281247,0
1041529392391817714,0.785649489328011,1
1041621342095143169,0.29603629952676924,0
1043428512128559956,0.3593731744649165,0
1043446269533438345,0.8138530313520701,1
1043603895706682262,0.007830078806440073,0
1043635645246382200,0.02184518330400395,0
1041669476938766278,0.015808955743570545,0
1041908689559698615,0.8438262350045922,1
1041973249601151890,0.8263557976979012,1
1046648578080339791,0.764266150705685,1
1046656287282687252,0.8452143871518704,1
1046659384494450864,0.7637262496850018,1
1046702439713793999,0.7203663422288663,0
1046714278182956682,0.7203566821104133,0
1046718023215934055,0.720355784402164,0
1043990142732257518,0.8144898396178655,1
1043992168755579759,0.5817242765642106,0
1043992593024677530,0.751456230702063,1
1043992946677121772,0.7528026724782572,1
1044109392284240901,0.03621712498446242,0
1044226337540626550,0.2475229702708954,0
1046765851091797326,0.01916180754185704,0
1046881470236820933,0.800438463628526,1
1046903352627025663,0.7485165484573281,1
1047045004200840969,0.10129480738901898,0
1047110999128240121,0.5656159379364645,0
1047116194395779115,0.45230677560981725,0
1047124111969540022,0.8032346189008328,1
1047134824286187568,0.3000527930385701,0
1047194632899115974,0.2391120017970201,0
1044485172677898752,0.027951858609695443,0
1044575475887434204,0.027918797264398068,0
1044579220248046362,0.24837161338233693,0
1044697636830705546,0.020628215018484355,0
1047203057332679874,0.7793515753946044,1
1047222024885820367,0.5548095941487734,0
1047245552706540706,0.19207546353093688,0
1047308210273620628,0.8402505853004474,1
1048474395349114502,0.17506010279821302,0
1048531890309084613,0.22733767863746646,0
1048563563403000625,0.010427280064505431,0
1048595086959375823,0.009955488073862834,0
1048676268623841777,0.7778001225948362,1
1048749148249520661,0.01434208237967375,0
1044737059771710498,0.7538944607294796,1
1044920456567949813,0.02913764987748424,0
1044995463995747787,0.30079557034799803,0
1045118609799024931,0.3628796514222688,0
1045194532442460803,0.03275832239369938,0
1045264052858146772,0.1649303854182472,0
1048922932805066353,0.0019968024221196116,0
1045317867929916083,0.7712356290338794,1
1045422595038640117,0.7558029679230515,1
1045422932660605917,0.7497924521927842,1
1045423353253422323,0.8211707507607043,1
1045577206367237342,0.47239187089443446,0
1045625585393356139,0.7697812173563067,1
1046002958410573473,0.021035075926174908,0
1046024946935843816,0.8284111686154825,1
1046238056539948194,0.04625030117357882,0
1049173777970027790,0.41791797880376685,0
1049187653715329467,0.3043481712904479,0
1049222605474907072,0.5055098424519874,0
1049282302817004028,0.4424806302220519,0
1049299400432085524,0.7958771830369283,1
1049318056495875404,0.4584157033265253,0
1049369302862416200,0.36736057877904477,0
1046268856354547357,0.74652577893867,0
1046269210177353125,0.8096451568819848,1
1046288984910404214,0.059938794639269086,0
1046325012407828041,0.02252128043120394,0
1046330878473034298,0.03590030182504031,0
1046352281440824954,0.39802374452916256,0
1049583121964349719,0.05255972618998518,0
1049631890775955111,0.8449311551349658,1
1049940767703198807,0.8528958715721242,1
1049952793502900635,0.8053822187711357,1
1050013204065045061,0.12111559960367643,0
1050048796422516580,0.389691471062238,0
1046365844124834792,0.05417685228908829,0
1046372475682855523,0.43340773977364,0
1046459231329684547,0.7861123129489724,1
1046471044418633207,0.8032346189008328,1
1046503081311194501,0.7997641755877449,1
1046506049396401899,0.6688846933760334,0
1046506922921701131,0.7997641755877449,1
1046508845139051872,0.8070126343344496,1
1046632736813066395,0.832988450660942,1
1046641371328359777,0.5857093576969556,0
1050067537509382432,0.4192972129390796,0
1050103047625170204,0.7707762659090492,1
1050115578412522466,0.12928901737839424,0
1050120817675342661,0.8465554619157588,1
1050266725683909640,0.8178203905599825,1
1050438430162716074,0.784269152344155,1
1050469840170584622,0.7548327250350766,1
1050470245746400509,0.5823471842743866,0
1052259410309987157,0.46450299494586383,0
1052294182424144426,0.8396908935887947,1
1052398712379279599,0.27683303042384344,0
1052411543964095430,0.3362246797557743,0
1052767826783426157,0.009960721372086841,0
1052888640324549517,0.24900365421343673,0
1050630866324327134,0.7499216485550895,1
1050631085835803463,0.7574054352893628,1
1050631287918839317,0.7807372793177567,1
1050631290477104451,0.7543463257237961,1
1050667017393639309,0.11148907389790906,0
1050770980329376346,0.5365892812688023,0
1050771766607519903,0.41403379720378236,0
1050807955203588919,0.3487366671857583,0
1050831980985744781,0.01979060948451407,0
1050859703674581568,0.3565848596497332,0
1052992405473874982,0.44818908043969086,0
1053110011763035222,0.8246619502959198,1
1053527589797192977,0.06950525568967551,0
1053591611410336431,0.1490575357063603,0
1053652465790968543,0.025539604568368922,0
1053905812534942894,0.014344432406532338,0
1054367741027188589,0.014717637993461796,0
1051303514337719594,0.4508989381756923,0
1051404502211155820,0.1884686825995171,0
1051427357348578117,0.8176466123890904,1
1051505442588448739,0.47095964469869483,0
1051693960593774847,0.4567063090719693,0
1051729639412992248,0.4220183039881924,0
1051730788488389156,0.7637262496850018,1
1051954628020992595,0.7525824859746928,1
1054375518474819539,0.02191094248844952,0
1054463012526523296,0.012686001785238241,0
1054528883890923211,0.4342073166677217,0
1054766423954233739,0.34443611893405063,0
1054922113127805726,0.20277917144778196,0
1055008778043705675,0.0631161715729386,0
1055010342351406141,0.7636162723075818,1
1055030718576614568,0.07378797943495777,0
1055037646560689002,0.09550208554201069,0
1055145734011625285,0.14008039401909875,0
1055200488171982996,0.3272766395734427,0
1052183153542542593,0.4991639869525796,0
1052202585325643259,0.8255747579160467,1
1052228327371048335,0.7657308478829161,1
1061055125835647211,0.03339503170716735,0
1061056176589586161,0.02609590703263693,0
1061113702595817537,0.05585940622697441,0
1061168197769342394,0.13374890497638564,0
1061218733836374194,0.7995712523111932,1
1061461150709867848,0.7369642147554377,0
1055444597484933368,0.007841428087226262,0
1055653489529918135,0.7487912002754092,1
1055653820981064193,0.7510782719894203,1
1055685876065835505,0.8106158647915022,1
1055804351964620545,0.806309275657851,1
1061470503176432568,0.1125801084089545,0
1061481461460001697,0.04260196251621414,0
1061517681080659162,0.5050936320351719,0
1061614635974174288,0.521291146294457,0
1061616810265679219,0.02391071959847291,0
1055914998447389060,0.83293555842798,1
1056252450167069770,0.7511733391410089,1
1056500213720193229,0.7634779132794587,1
1056509899939593559,0.8421955527178405,1
1056557930024047301,0.3067794162729224,0
1056564961383687067,0.025379449324448564,0
1061633025832291732,0.030562543512570275,0
1061633131713767733,0.4557950708336016,0
1061633200531291580,0.8321704093958656,1
1061654638574398884,0.4793654978146552,0
1061722807664728309,0.8034094486323273,1
1061949170995507464,0.7892262926669085,1
1056625840573715781,0.022175445775554355,0
1056650231082472276,0.01830073756347023,0
1056755774413954879,0.00585130415312662,0
1056766544774419122,0.2248695884464683,0
1057188297903797644,0.8158448399074094,1
1062131321367237000,0.4090718477735099,0
1062145273744656883,0.8107696743848704,1
1062145777611999441,0.74939352395827,1
1062204874827086403,0.03177351042221216,0
1062225573804533925,0.8138530313520701,1
1062375733204243034,0.7944198118586775,1
1062459732279895233,0.3995044053233036,0
1062478810779287031,0.36447232046124267,0
1057270663669889175,0.6148775498673438,0
1057775995368202634,0.7778415594593704,1
1058006984071913718,0.7636162723075818,1
1058203066420327663,0.1946790956506071,0
1058226731205197288,0.3570155470525773,0
1058708346603333856,0.764266150705685,1
1058752711303934611,0.43466727034397423,0
1058815379622089227,0.3646195952952617,0
1059399783161257709,0.006920994589691836,0
1062506366862556498,0.025303429175260385,0
1062514888943930705,0.27420820091096976,0
1062524509478702982,0.28302248058835344,0
1062633589528383767,0.42028485807049587,0
1062774160479785080,0.3590955320234185,0
1062932916029042118,0.25069271572956253,0
1063032457536307590,0.766943213949824,1
1063126161307363729,0.007720400101504202,0
1063136773468377411,0.13112314021997398,0
1063191047212072509,0.4111478328179861,0
1063195684205664500,0.7796822023751514,1
1059609886889535146,0.2376217672947387,0
1059787657125734957,0.2202130023160994,0
1059832394169922022,0.7607375913866099,1
1060067517230203090,0.3549936506947704,0
1060072172151387632,0.8266347739458575,1
1060098314384850325,0.012717194106347404,0
1060138677215669245,0.7758515672869759,1
1063769212897446946,0.3441032271785081,0
1063887869836214561,0.7686327807504086,1
1064006705607446101,0.4643164452525841,0
1064014662356519337,0.24112038746593292,0
1064300515053828558,0.7513623154832239,1
1064300827695462584,0.8128622048138185,1
1064301503148118026,0.8146115193311725,1
1060192371328219223,0.3442889599850777,0
1060219201414893345,0.2996286799991606,0
1060239147534903352,0.5801186749277458,0
1060239215738679244,0.27457543834741627,0
1060241871693461480,0.010067008126447279,0
1060296342868207435,0.7641594758453654,1
1060302258730794153,0.7821413757204957,1
1060352217117589168,0.7821413757204957,1
1064590410286935175,0.5040456112111943,0
1064598849643586435,0.8198917929540152,1
1064635831979828858,0.2216350600757102,0
1064724494450720877,0.7916233340891052,1
1065123350709282894,0.0053977265837164,0
1060477773287184489,0.8113367065677358,1
1060638349590084347,0.1629144553163428,0
1060639599206159555,0.763835550757294,1
1060678687948076711,0.7661522510413575,1
1060790025196109539,0.018103884076445705,0
1060893985249841233,0.4374918293868167,0
1060974724524304862,0.17693899224326015,0
1065170144620421598,0.22350812547032012,0
1065240416426347624,0.014596110549422153,0
1065372627170730644,0.015608548599118373,0
1065394869170744322,0.4748700521864151,0
1065403714551533946,0.8122213430341049,1
1061001680165253060,0.8010015357350496,1
1061049354700025622,0.017085764203055822,0
1061049485781408861,0.05712732933635775,0
1066102862445188127,0.8391298910975913,1
1066170537254641780,0.020966782216625016,0
1066323006884877800,0.3881301939997806,0
1065716820074814380,0.7513623154832239,1
1065734338333399135,0.4135886490275371,0
1065758362601303702,0.6061696152476831,0
1065762399416234253,0.5399145905304622,0
1065769971445201312,0.5381022730837506,0
1065778832869908021,0.5379323166484504,0
1065782226324337615,0.4968437625410971,0
1065813715720697691,0.02421683683225893,0
1066541695851150471,0.8011353948433942,1
1066619270250545241,0.8039047742414488,1
1066623888304208005,0.003999358169268001,0
1066630837020823893,0.8165142013462698,1
1066631309788359477,0.7596804009602591,1
1066661715722364503,0.8118044524005931,1
1066762261661304577,0.8761767124318468,1
1066837013767774923,0.5406135472934631,0
1066911214449074405,0.05914716745385295,0
1067021529837978290,0.023121181208925545,0
1067178493484312501,0.7609366247435116,1
1066028196715633422,0.8126214252209806,1
1066034452713537152,0.2790522539213865,0
1066045572533268679,0.8137824257946105,1
1070376523863400975,0.6251042879589396,0
1070382902215466684,0.5536209761907677,0
1070385146027468023,0.0471847567831207,0
1070398579281953495,0.8017023510141202,1
1070406659496561709,0.7804022826217051,1
1070450891681156687,0.005436939112483132,0
1067188859061887812,0.752982724800353,1
1067189169950924679,0.7524695182184684,1
1067190097579226006,0.8104717181350813,1
1067201740592807516,0.7504624786126818,1
1067212478316421989,0.8215683415607793,1
1067268631904752268,0.7647882646302709,1
1067269258225505974,0.7584273053408874,1
1067272880627018649,0.7650226031483106,1
1067273460694635519,0.7669184361506002,1
1070493385323671933,0.550813533131612,0
1070531707221095417,0.0273476012279602,0
1070901052420848550,0.008221229904880984,0
1071034758733407760,0.3850051590348046,0
1071038139249600042,0.010402631985078037,0
1071051978115920209,0.3857264384083204,0
1071065733869462689,0.7978698362888824,1
1071083738326573629,0.3885757869714601,0
1071085232599196862,0.7958755565084941,1
1067275400639266158,0.8238127192700418,1
1067276041750736141,0.7524695182184684,1
1067276571138900398,0.7531971515291508,1
1067277153030201186,0.8211707507607043,1
1067317365627051315,0.8250362376380257,1
1067326290090101851,0.8904742963221612,1
1067326682565133945,0.8847264337028413,1
1067335526410187895,0.8761767124318468,1
1067339879599785124,0.7850420924259263,1
1071097470129706565,0.1287414671903926,0
1071149719956633348,0.4682657007937675,0
1071230531368875750,0.4549420373390043,0
1071333400427167471,0.05045045260864388,0
1071606997626297526,0.25811482856693047,0
1071688769658832375,0.7957387629872409,1
1071703160614211263,0.012045114097585855,0
1067484164512158205,0.009164423139574841,0
1067485803917467012,0.007956184919695962,0
1067487172334612088,0.024084693961226582,0
1067492285421666240,0.004484900857948988,0
1067546821288390834,0.021054741606167653,0
1067549353765757410,0.09093605113012644,0
1067590275447169026,0.19875680516915595,0
1071712108811245554,0.09162830669148644,0
1071779724860363888,0.8281612553315871,1
1071846713751416214,0.7527664592016439,1
1072089744850191566,0.03994156807717845,0
1072416905292439778,0.5305245810313481,0
1072422929427482902,0.83170500372725,1
1067591227921878270,0.2844652316447054,0
1067597917209821924,0.02634673384270282,0
1067638572137152034,0.09395328268572453,0
1067746487891672538,0.2637124958958452,0
1068219915878365503,0.3533682442390474,0
1068228716746876060,0.3197190567220418,0
1072438872838139128,0.01589963312496341,0
1072441340307274036,0.8084845912237474,1
1072441700199654943,0.7991427172979859,1
1072469407115663434,0.020166879025478174,0
1072490292073582343,0.10526194533310507,0
1068340630451313320,0.013986982475065681,0
1068407150433353514,0.010312645712252707,0
1068537120626967876,0.11623513083594138,0
1068730297270620086,0.021204040682843775,0
1068741903107300651,0.019530466659623845,0
1068912065584586603,0.020461824945359915,0
1068964032867039816,0.03984822244787218,0
1069085193397966592,0.7650026356910014,1
1072521783407315734,0.030300566249133052,0
1072604583533985335,0.014577758884369676,0
1072622791437897100,0.7985313621321699,1
1072748663391133153,0.22943557909777978,0
1072753751918138406,0.40898503353206883,0
1072820049144501891,0.7622593925413224,1
1072821907394094556,0.04980045420471517,0
1073179448074357226,0.2840371659903084,0
1073237810231849364,0.16943703476436442,0
1073746988444955064,0.7909890690618109,1
1069508594681767937,0.8118249496537407,1
1069516393596899524,0.012386410853372352,0
1069526703582727134,0.8099672725309893,1
1069578477394124208,0.4700209078089526,0
1069581505361098170,0.008563317078614971,0
1069587960830987188,0.05283278953870682,0
1069591046301767800,0.8042709559999375,1
1069618889356272594,0.8208272664027111,1
1073895646862858847,0.37819725840009927,0
1073915671655296338,0.07867218147184754,0
1073926982289759514,0.7734119270230265,1
1073976914212097232,0.020099843656284467,0
1074057293851354314,0.21455058638544255,0
1074177249739756939,0.2948421059775523,0
1074617829677960916,0.8403695869983095,1
1074760466136368472,0.01016444100422737,0
1074798354467358272,0.5251205998169832,0
1069632244080963141,0.37516585357869814,0
1069660706506079136,0.811576346915187,1
1069721161305728281,0.4514957723275321,0
1069736400348119133,0.8096384520973675,1
1069775825692003208,0.17843393084000195,0
1070151758129815454,0.16656564272260102,0
1070231131306779107,0.005640248608814615,0
1074824222599384771,0.3172713306162788,0
1074873319881210325,0.779587763170032,1
1070268279697476132,0.8004168250590843,1
1070270537377163305,0.0024718150283904172,0
1070271021848012165,0.0024466589957358813,0
1070272052169818710,0.00400610383066143,0
1070272637247149842,0.02509757174852765,0
1070292150676551812,0.012186950060803796,0
1070312662525454388,0.792123180577346,1
1070327706166386414,0.10848656030388915,0
1070372218321962755,0.8041147356962808,1
1076087081895237203,0.4872439071562866,0
1075439252135899720,0.22996623295788304,0
1075439438887826725,0.187463205925399,0
1075472992489210989,0.04434140219527274,0
1075508827303644927,0.347365830582208,0
1075541536118279128,0.43638787197463774,0
1075541594512550784,0.3830395787590136,0
1075681521566604158,0.02069876621991405,0
1075693579028892349,0.042975367330651,0
1076090494277276878,0.49568757590809104,0
1076099247250886021,0.5093159356870335,0
1076142065979754658,0.05365153545751543,0
1076202541738635891,0.811307601935485,1
1076002620052074926,0.8105343845942475,1
1076003044998951982,0.8114676641688109,1
1081478068142690666,0.5289215949547506,0
1081688074862046736,0.7509349389220282,1
1081688478179193530,0.8146922895931689,1
1081752668837474884,0.5884791073016961,0
1076304991439445196,0.4722121955308813,0
1076313962143053879,0.8115662619305127,1
1076809641847517288,0.7945280900029745,1
1076824544318787993,0.7835620608578956,1
1076826477174986073,0.5069954834962941,0
1076901960949481562,0.7797904873105933,1
1076912523623540812,0.023928505623060096,0
1076951289493106487,0.44414952165382743,0
1076963862671622156,0.044952357615882295,0
1081761700670315735,0.812263381899161,1
1081774764145429147,0.37560175916269867,0
1081935749436412239,0.8017182650118432,1
1082177486445094065,0.8004023977446516,1
1082257491305122419,0.7607824572635384,1
1082300585235338849,0.2688581797738669,0
1082456808583651240,0.04238842729884609,0
1082660771919357919,0.858824546483869,1
1076971713700684447,0.36144173438981086,0
1076991778701346144,0.5090193171401923,0
1076997502152420940,0.5090193171401923,0
1076997582730997566,0.5090193171401923,0
1077291587779409400,0.8449426413771575,1
1077292045029557363,0.814162240174366,1
1077433267729271369,0.3772267130958081,0
1077537721962654260,0.8162812295485535,1
1082846840608354586,0.8252440053336916,1
1083232309817492677,0.44839228724188473,0
1083255256578343934,0.7924331600338164,1
1083354516854663093,0.14718969861035247,0
1083369496555924750,0.22953789428980628,0
1083413347114647900,0.7969119022062812,1
1083457132325313315,0.024948757913399542,0
1077609889483335534,0.01821972378667567,0
1078234828396528911,0.25767214542589345,0
1078295487634551725,0.5198989534295254,0
1078336770127529285,0.021372790544823887,0
1078365107916600965,0.15282595346295083,0
1078375400012566259,0.8112458348537774,1
1078382022906540632,0.014925817948251638,0
1078391317420992331,0.07761492095795638,0
1083548110917142090,0.49825608849786746,0
1083605109713339980,0.009695452603116947,0
1084205649822413286,0.6849580328999496,0
1084273676586833841,0.00494876259320868,0
1084314858874629365,0.018950395895207778,0
1084339111065922406,0.015885936271304017,0
1084674420406657460,0.04059637973807002,0
1084681359373913660,0.7831464394866776,1
1078615004033084660,0.8186358095146968,1
1078923644639661537,0.0204402533532935,0
1078970250684682908,0.005511030660348759,0
1079002319295560537,0.021331834485820128,0
1084827854461923721,0.3370777641385704,0
1084828217755386005,0.013385885967988218,0
1084837678155303157,0.3957496874448314,0
1084871361591875604,0.8033713224045167,1
1084942063521972337,0.3482346659947348,0
1084949680335673625,0.053015494826647615,0
1084972747484392455,0.01566944780169151,0
1079055928537511033,0.4273854322811637,0
1079061115884416812,0.0042629303720387885,0
1079093999350541176,0.3076687106829769,0
1079110643206381992,0.0035147836279489073,0
1079152229019153537,0.024023856599574542,0
1079176033625590431,0.011592859150689007,0
1085122041734203848,0.2061177671571121,0
1085501920403799667,0.8278498761690627,1
1085652974861396322,0.4996148597337862,0
1085774261317139329,0.005448429788168863,0
1086082438509839176,0.21035163604049265,0
1086200276891664933,0.8202231195804585,1
1086252238011627855,0.8145705298135288,1
1079279590712988717,0.2999384732150861,0
1079281610989843902,0.7713571984627197,1
1079681043834051748,0.21064715337024098,0
1079776280274419721,0.25464171592793244,0
1079890729260575946,0.03833373716293717,0
1079896407529546282,0.8006131215919685,1
1079901507671871800,0.03475139888895624,0
1079910993717982400,0.26856238841895463,0
1079980032666336377,0.7640521560072561,1
1079995154639151276,0.8333430889525996,1
1086260209854681581,0.44332902981464556,0
1086312344495922694,0.022257429784725526,0
1086319559710656328,0.014691279521411074,0
1086357613808814524,0.009786376073144703,0
1086373655299407944,0.02812207129022745,0
1086394938118286708,0.5418561002496193,0
1086523201857001367,0.38138821470624834,0
1086566160611105600,0.18310565529972853,0
1080257145132881627,0.7520869532255146,1
1080397066127126288,0.5184004324207732,0
1080413276408130595,0.04454416515926713,0
1080435805579214180,0.4773628714928752,0
1080453335264829723,0.5631424824253425,0
1080462560309052603,0.5191868052415626,0
1080524247229234431,0.21064818884992637,0
1086829767088724403,0.7974541733057178,1
1086857934528282644,0.008076236991393088,0
1086871715782143028,0.3650381681596222,0
1086887827070400937,0.7519201947453857,1
1086888066183067947,0.36545648095202476,0
1086957723918342538,0.03220715242655509,0
1087036286146060057,0.7790541430293201,1
1087094198290625423,0.01697178103279932,0
1080615169929014643,0.05278841378594924,0
1080769743669960618,0.023174935025147232,0
1081094943593999779,0.8393134994843281,1
1081124181956231759,0.036436046652985346,0
1081139459996244253,0.8375322030526142,1
1081153334878873969,0.3802891558383738,0
1081185973600372871,0.4995303298520431,0
1081266736098131414,0.5975979335324604,0
1081329204523525342,0.01333452847428082,0
1087139137702855655,0.02344220050239167,0
1087144595237396840,0.02064560869092368,0
1087165768251308424,0.8826829343057032,1
1087385956162294812,0.02295378897121547,0
1087478093366283374,0.22676766582807312,0
1087559244367558497,0.7499053231222277,1
1087566793571484662,0.7531255644017932,1
1087580351979698682,0.7830986217966115,1
1087580640421984763,0.4521704830101792,0
1081331112442286544,0.07773813711804052,0
1081332555917799456,0.010011705717989183,0
1081333701175123215,0.41248449391970765,0
1081334909423823810,0.017506199368596556,0
1081337617525702444,0.00745032620768583,0
1094338015491551388,0.2821925641023613,0
1094455766433039056,0.8165767036370385,1
1087588544639499882,0.39773767799953236,0
1087597996562719101,0.7499053231222277,1
1087598300394910991,0.7484612464549807,1
1087598584095581526,0.7518742133171918,1
1087757731838889684,0.49916419169218185,0
1087797016521732530,0.7635442900947282,1
1087798431786089199,0.8017866751901438,1
1087800217989122112,0.7386041124800804,0
1087800916009051587,0.8821502417783373,1
1094581406003955735,0.16035709839399134,0
1094761010140633632,0.6883756677546183,0
1094762151844093977,0.8710854646418196,1
1094764389824490264,0.661247759293196,0
1094765911844541646,0.8865980644515588,1
1094767436963006514,0.8710854646418196,1
1094768575810425003,0.8710854646418196,1
1087899933601287528,0.8360555071700524,1
1087931058584862187,0.3692061593914138,0
1088028431891766930,0.0064865249593076485,0
1088440249735666904,0.46965970299792803,0
1088448586790398597,0.602986696952978,0
1088458482112063683,0.4201007385741339,0
1088462354138947183,0.7896561231098762,1
1088995864090222713,0.4017432771800927,0
1089113738080022020,0.827552492968137,1
1094771527480877085,0.8865980644515588,1
1094773469623443535,0.8865980644515588,1
1094775082583002100,0.8710854646418196,1
1094777151341930866,0.8865980644515588,1
1094778509948613457,0.8865980644515588,1
1094806998523731750,0.8865980644515588,1
1094808192959006232,0.8865980644515588,1
1094817105402046178,0.8877811257672397,1
1094819456089419636,0.8942095923393011,1
1094821863189646828,0.8865980644515588,1
1094825145022408348,0.8865980644515588,1
1089142602415929917,0.3731152080500731,0
1089185458346740440,0.05073473132993863,0
1089290609745517673,0.37788977680315533,0
1089413171661165083,0.40091647606379327,0
1089766702290849908,0.01285408419882495,0
1089799002538865369,0.4753108469748892,0
1089849330286362160,0.8140551577877634,1
1089912037059935747,0.2242216116685915,0
1094827760811111927,0.8877811257672397,1
1094828974462390323,0.8877811257672397,1
1094830279649231470,0.21578752790056352,0
1094834246619155716,0.8865980644515588,1
1094845169526286962,0.8942095923393011,1
1094846910093881527,0.8877811257672397,1
1094848592248598541,0.8907642434055504,1
1094850740859468109,0.8907642434055504,1
1094852250821907788,0.3293137070982457,0
1094854129910468799,0.7146836978538165,0
1089929370227826369,0.26547038830638675,0
1089958253746827887,0.8436483255394104,1
1090028270316624297,0.7884642380793627,1
1090041604677130047,0.01465436753537516,0
1090287138945435080,0.02915436457281772,0
1090541400037539368,0.7485717258630701,1
1090541906381461567,0.7526938278554791,1
1090553830200685087,0.006023919094817346,0
1090617582725521721,0.36102128837528363,0
1090638611066390408,0.7962226448147329,1
1094860088554764411,0.8877811257672397,1
1094862441728384049,0.8877811257672397,1
1094864191677112358,0.6200077885717887,0
1094865520021826431,0.5637492793808736,0
1094895605343224424,0.4383353786936629,0
1094917594745443433,0.33181785350548776,0
1095003644154224670,0.08393578774897409,0
1095008099179477611,0.03644814439179598,0
1095008385366874794,0.529478575037598,0
1095016556426393939,0.017756038988774814,0
1095018491084238599,0.007915640957902998,0
1090713696580310351,0.0514106219702268,0
1090719722431358808,0.38092790890976314,0
1090741182977771016,0.51909258028885,0
1090796650803365546,0.4401107155949122,0
1090829533298182424,0.2183816188782754,0
1091221131418995026,0.8085243607683131,1
1091245575223347519,0.6182158831903304,0
1091316461375523384,0.09218907293556339,0
1091433054357686356,0.5269226357085227,0
1095067625806122686,0.5150624985892216,0
1095104848494207001,0.7634779132794587,1
1095170294926054525,0.11987550146740247,0
1095201205113554701,0.42840170215202467,0
1095303457850517678,0.038572560983357276,0
1095552825883381859,0.44483598929829077,0
1095553040711152680,0.7546616074075128,1
1091802018768802489,0.6027333326134352,0
1091914240452213678,0.8455312974627115,1
1091956529067117133,0.4123100478760679,0
1091978336906268918,0.3164619672221834,0
1091998427751796380,0.008601214998724602,0
1092069890164873183,0.8255747579160467,1
1092072336012573142,0.13774948599223516,0
1092077852530007708,0.4973656977725265,0
1095553256623190741,0.7547795919577273,1
1095582745389771049,0.7307394382746824,0
1095599916245109812,0.4318302896661696,0
1095600062834174789,0.7265821754450845,0
1095622155895088093,0.8855895320423502,1
1095622374147611563,0.8855895320423502,1
1095625586961263397,0.8855895320423502,1
1095631633664131095,0.8855895320423502,1
1095632351915962087,0.8855895320423502,1
1092139254709553655,0.18217367496239803,0
1092280833430415586,0.04867339252688525,0
1092581244045250595,0.5881969087234364,0
1092764040708555355,0.31353559941508613,0
1092801822152327660,0.01883582393823472,0
1092821257448313786,0.3312875000175245,0
1095638672193561334,0.36250353527495865,0
1095641486721475266,0.8855895320423502,1
1095642526311759724,0.8855895320423502,1
1095643937701178901,0.8855895320423502,1
1095646668147768174,0.8855895320423502,1
1095676542886687773,0.38997948223890605,0
1095737290006810489,0.05241110393404635,0
1095746267737750809,0.5059355417040083,0
1095750796260734534,0.05269563240058543,0
1095774395165850616,0.05242719011498824,0
1092928294708580275,0.0038338710331743053,0
1092950423832012772,0.007399104917830602,0
1092951641472377416,0.01069174557071064,0
1092954036179575901,0.004300454741543633,0
1095774717737238981,0.009316624341727418,0
1095776782918899581,0.48798325454234404,0
1096269283569822329,0.3008468918555358,0
1096304392988080939,0.39104503699060805,0
1096316325060629841,0.8855895320423502,1
1096316419456937719,0.8855895320423502,1
1096316862149152416,0.8855895320423502,1
1096434482421931061,0.8012313401416854,1
1096472331595557358,0.7630237068544159,1
1096486041200031130,0.7719360897286485,1
1096492708718540311,0.7698916250689921,1
1096497378189892283,0.6334978379871038,0
1096515047509672363,0.713198102958165,0
1093528784858965151,0.24518826953227998,0
1093615036600977781,0.007791478008750992,0
1093627832142540212,0.15489471362624924,0
1093637322687475492,0.8143409407799107,1
1093648989560593539,0.7936076417783988,1
1093677108223598854,0.7911787561140818,1
1093766110632416502,0.4744011100089677,0
1093849935002945757,0.7647485696270304,1
1094010528655760689,0.01366081232558206,0
1096523837052030631,0.7125256207844871,0
1096536087254342431,0.5347748093466298,0
1096549532530211832,0.7649184312789735,1
1096563621072621125,0.7125256207844871,0
1096583187139156674,0.13162996553770528,0
1096604925689700051,0.7634779132794587,1
1094202291670785749,0.4255513705944223,0
1094241915446241027,0.8174448467782794,1
1094248768330564027,0.4471999257611134,0
1094266816874777232,0.28647354079501003,0
1100923152752810255,0.024480715416784423,0
1100945393171794060,0.8532067504543259,1
1100996446560351140,0.8011353948433942,1
1096624749928777947,0.018527120500121407,0
1096644441308147113,0.7997814856709109,1
1097010415717725941,0.8070955769368527,1
1097030119523190924,0.7976056906432516,1
1097114648877714131,0.001118349956672598,0
1097125624434587092,0.021505615823283874,0
1101053809095530238,0.7296895336821709,0
1101054288867445369,0.7309721089917761,0
1101090051433885766,0.020668981637260577,0
1101110523419007264,0.021361276607566284,0
1101124537366565735,0.027105663021919666,0
1101129819687240230,0.025710388248891936,0
1101146791950591921,0.8158355405529276,1
1101284191239320661,0.7512680192950574,1
1101334105867355921,0.026750058256762667,0
1097125758418099444,0.8465794420208204,1
1097125870673466743,0.07543297715073989,0
1097129270356869111,0.7753222057287299,1
1097146191048191638,0.7640521560072561,1
1097146402872824283,0.0077357744918170185,0
1097164181186372662,0.766638984879176,1
1097164750741381817,0.011451410984960454,0
1097167349412197953,0.3096965891790682,0
1097224211313304798,0.8079062325573363,1
1097266893958266284,0.8093867562083744,1
1101358995272409640,0.8418109173659752,1
1101427105433497290,0.041266106620236095,0
1101457790272318669,0.4492330605806482,0
1101458158192555817,0.8217502439406936,1
1101470215361697223,0.00314368525869707,0
1101478490935324787,0.2872821492009493,0
1101479604660196862,0.47568275258226006,0
1101497440864202911,0.4309224489574675,0
1101511721554653006,0.46131534789541934,0
1097418298061181114,0.31538915889715813,0
1097428200625674167,0.3678000501959753,0
1097697203605630282,0.39919017688995173,0
1097714446468754357,0.8384495670674575,1
1097804268016705494,0.7504072949207515,1
1097817640272268339,0.8359131005374814,1
1097848686671487952,0.7719360897286485,1
1097851403485558562,0.7719360897286485,1
1101583066035983774,0.4101245956224039,0
1101608849587480219,0.8249088311719461,1
1101690357816734016,0.7568821448777168,1
1102082151658183636,0.3224805007036237,0
1097871770734072043,0.794364143677889,1
1097875069076935985,0.35675504500510025,0
1097875731576744055,0.794364143677889,1
1097895081984963736,0.020205374999827223,0
1097961844061495864,0.02816890966566792,0
1097989140191924730,0.7999392382918104,1
1097994319431722674,0.8055002984550962,1
1102093121006002912,0.49258849210265643,0
1102093930679454330,0.011666811321763447,0
1102123641767898783,0.005139912476155977,0
1102143591304442291,0.5234692120366143,0
1102152011417101288,0.7783426701866906,1
1102155066042013863,0.5487938919100745,0
1102175636079034600,0.032634108536015484,0
1098016572818291672,0.796990790933191,1
1098776821217582369,0.8050691443088992,1
1099996333103547177,0.4214110533283687,0
1100017091124262104,0.46822892549036726,0
1102282997570124942,0.775084536789401,1
1102291576008942700,0.775084536789401,1
1102293210777929921,0.775084536789401,1
1102299689722653894,0.008762926308794829,0
1102305145593756275,0.775084536789401,1
1102306332702071960,0.775084536789401,1
1100032472759143437,0.7688535147715743,1
1100037283310543012,0.33790892339445067,0
1100062427775801661,0.42262973589575703,0
1100098194411375781,0.8003398142393328,1
1100113731225813586,0.48438076931104673,0
1100113903778815423,0.537877918990924,0
1100149550283531701,0.13511263290222003,0
1100153716637050505,0.5358099718773335,0
1102331692663829399,0.8104139259031885,1
1102420689981539702,0.8236303746934364,1
1102458160848756590,0.009148728153167196,0
1100188470327687501,0.006915646088265945,0
1100235787052622687,0.8316608407869946,1
1100277641920135153,0.8030431352608921,1
1100361598208118066,0.7713950996732798,1
1100507609129527478,0.8113081775177944,1
1100569193093536116,0.0388338508443066,0
1100586816839903018,0.5619232729281898,0
1100587404542771591,0.4847398110327671,0
1102890543497243557,0.818558457992531,1
1102891295661523512,0.16882459109747547,0
1102934542095541409,0.013935639065784267,0
1102971605581262547,0.23858153327554582,0
1100672405110943827,0.8141426359168369,1
1100774628764058258,0.3277895397260217,0
1100781973307336883,0.45443325887519076,0
1100802109442151724,0.7952920535515585,1
1106768502180203675,0.5028555484107923,0
1106772501343820576,0.5757411677845581,0
1103003763881354673,0.8027830948143834,1
1103027953456511332,0.796990790933191,1
1103088524196656891,0.3849423851943037,0
1103172794842065130,0.010139115409016825,0
1103306738228403778,0.49015184135008194,0
1103307431574111475,0.8216348859986801,1
1103600863692203549,0.4783463383174769,0
1103649215263954375,0.8071453240601778,1
1106790475253895312,0.048036194897241175,0
1106834189316101135,0.8496871349571318,1
1107041388701440106,0.4991961347747,0
1107089414471605323,0.016579655497051933,0
1107218753492391849,0.0030369132569865623,0
1107221502972673264,0.16676961098234094,0
1107321382010216458,0.4692234094467356,0
1107321490848928456,0.8100876212617993,1
1107420594171076665,0.8279045420467802,1
1103704219358078972,0.32748506571873875,0
1103724274943024888,0.4369171079580893,0
1103754701199991999,0.02021759762049927,0
1103827004871780558,0.581806833046406,0
1103988756068919543,0.008771957371583091,0
1104241321082408203,0.19715428954873931,0
1104327697050358536,0.036590169167933374,0
1104349873802426432,0.007414137911188173,0
1107443561440572530,0.18224956811267987,0
1107466007857998876,0.12770691318398983,0
1107782473273538350,0.8699455624908392,1
1107831092152405927,0.7489545239555389,1
1107831428888443615,0.7500737209740928,1
1107831742640480966,0.813830005852922,1
1107861712292911792,0.3177433318777775,0
1107992473287294667,0.8059967520250177,1
1104436283497085631,0.29229037240291766,0
1104472941469620295,0.006868460710811647,0
1104483313812454862,0.3366582483802748,0
1104499946077899332,0.4101245956224039,0
1104517580415154089,0.43466727034397423,0
1104589800709825162,0.3484853935632771,0
1104635195934537883,0.8026441930980358,1
1104924200309768587,0.8085884280306307,1
1104924591396866069,0.7549074897067043,1
1108003180015135304,0.3474058973188057,0
1108028455046004023,0.008141727768872882,0
1108033877492468350,0.006868917330941901,0
1108082653379426204,0.005589635004445195,0
1108092335923668839,0.7693676111401799,1
1105047766686966160,0.1385487432696444,0
1105080641554033221,0.7970661650626993,1
1105123568565389419,0.8257792283831834,1
1105227850941853147,0.06018124212225356,0
1105399026560708492,0.8072569174738277,1
1105462821419503909,0.027817737039455538,0
1105496514661879085,0.010489029294709849,0
1105531878875307358,0.011449073342099785,0
1108098398533782554,0.48239388012614626,0
1108126065533032978,0.4610775776727047,0
1108182122490553088,0.04587503821884129,0
1108239778930840969,0.3281333424157149,0
1108381670907814799,0.845319304336068,1
1108677880360370991,0.26547038830638675,0
1108891228259931949,0.8224931369007945,1
1108949459249844778,0.015829815804865786,0
1105555935955713382,0.02153781619730377,0
1105701818305172554,0.7554294948161409,1
1105702301042334214,0.7520869532255146,1
1105702699897725950,0.7505724971776131,1
1105726516446842770,0.019502770345951857,0
1105728403589641263,0.4763121577325517,0
1105738845568823677,0.5291466566014207,0
1109337668933371568,0.13845122838068002,0
1109568672579690541,0.035355697672460835,0
1109624768134912351,0.7997814856709109,1
1109634888266503902,0.028073662361953258,0
1109635962297154857,0.14255463652111655,0
1109657423339018730,0.8030828788469551,1
1109657592376517431,0.19237489861017393,0
1109675460093255334,0.618245475718424,0
1109675724707718441,0.8045893590118781,1
1105741556569949130,0.3876375960255545,0
1105754207777841137,0.8357289200234419,1
1105759211258934651,0.8146562903853758,1
1105761506522150980,0.3899945498370838,0
1109911011385843843,0.01718298174026942,0
1110201796954441182,0.8225630959663068,1
1110203057629816204,0.3896188583308772,0
1110221481474866633,0.7849679804055893,1
1110284715112501472,0.7931533075052375,1
1110321873169952243,0.03499863758385631,0
1105922720648344919,0.4542072232017876,0
1105983045865143118,0.796990790933191,1
1105988778554598626,0.4728918885423283,0
1106001456581509960,0.4571078664205374,0
1106058239758942476,0.322485742719252,0
1106252332742883143,0.35334099921940904,0
1106478978928072650,0.022266842709947048,0
1110577872139209188,0.020689611586838734,0
1110578563834555617,0.011994083324204324,0
1110580750895991230,0.002269324151071677,0
1110581639955603376,0.171789371119992,0
1110582578094302314,0.5693084455923191,0
1110583877459517706,0.5393506351623065,0
1110790405313313117,0.0648945668846506,0
1110847898990560606,0.06674959870847429,0
1110882202849300294,0.3891878727388857,0
1110905168675081715,0.7951764365253371,1
1110912045715122654,0.8002605762383775,1
1110993438677864788,0.04026186322042135,0
1106526556526531077,0.023440310172537508,0
1106636387471645456,0.4880140054983236,0
1106650651116205037,0.4617286711480593,0
1110997503201864450,0.4737867570077531,0
1111071226514488327,0.0065583234637737915,0
1111072720693755574,0.01250151322534322,0
1106705590031182956,0.8000816636050068,1
1111530958176880473,0.8128118211103609,1
1111538705991605733,0.0016585041273234607,0
1111540336881417764,0.0017986496550165458,0
1111073455017860470,0.0404185801813511,0
1111112319589903484,0.8284562190644311,1
1111219828853444703,0.83184639048409,1
1111467358307767724,0.004684843783514976,0
1111468336655364551,0.026524034634003185,0
1111609937553723816,0.024360054545208877,0
1111612207063541662,0.14000683266360772,0
1111633515090973506,0.01810297919914345,0
1111638766309267875,0.2544582642888664,0
1111641652570366114,0.3344736869268451,0
1111470252916396113,0.032789917007655454,0
1111471727964938540,0.09197700540399006,0
1111521365863732716,0.0026728862902359977,0
1111530244924783287,0.8164020695865946,1
1113186084971222904,0.12084079703579573,0
1111643482827141591,0.8435986038488759,1
1113463250186485659,0.8201765221316138,1
1113896863240020357,0.24180438823321757,0
1113975653556242121,0.01025981100822784,0
1114539686734458704,0.8184961797211564,1
1114648940731264008,0.3327279679152308,0
1115294849933964740,0.06911218074427783,0
1115296316091602449,0.8098664509160666,1
1115334437409198353,0.7914093733140063,1
1115372362964057519,0.2846526413360279,0
1115377466525054553,0.007601181267974542,0
1115380808111478492,0.07253080104128747,0
1115417017868114695,0.0069004743606165065,0
1115471563998250173,0.009253925436655567,0
1111707325901125421,0.10500778030505736,0
1111755170836154020,0.7979859136286361,1
1111892693817795878,0.01493241281519565,0
1111987255543591440,0.7900453319225103,1
1112023546762857225,0.009002152057895143,0
1115903542547996840,0.8122512884453948,1
1115967878783497786,0.24066552017479062,0
1115980846989416764,0.024102859732937833,0
1116042385708833643,0.5627499604970444,0
1116080980495306645,0.05664875386845838,0
1116081300918221987,0.45620322791014,0
1116238248246467589,0.023401911025755246,0
1112265207664696374,0.49949542493831933,0
1112291569465739144,0.5993172055477067,0
1112351229041577978,0.339116953638777,0
1112405332315125254,0.775084536789401,1
1116245822770307509,0.21589499501002615,0
1116529065414290664,0.6247195781062697,0
1116555653879118965,0.02184354241190919,0
1116562418961095548,0.7871442896686102,1
1116643396778760404,0.4381614578092722,0
1116659029637157436,0.8139967101240146,1
1116693554594421762,0.46943547644365413,0
1112407338199543926,0.8117442088075286,1
1112412330409417849,0.775084536789401,1
1112413663345413314,0.46963734546300245,0
1112414919523045141,0.5746821633682865,0
1112415747017722562,0.775084536789401,1
1112416918696367005,0.775084536789401,1
1112521342674312346,0.021789042728609747,0
1112530043994749894,0.166025105275252,0
1116707411784455212,0.4248535308318452,0
1116713538927097537,0.8012313401416854,1
1116729772468124199,0.12333610761609301,0
1116763616207150309,0.4968342932713652,0
1116772957632397742,0.634386825465227,0
1116778465633615046,0.42216716109553987,0
1116801109714418692,0.7994004677691355,1
1116894896977374505,0.007362862717460448,0
1112944929336437834,0.7500938033469147,1
1112963555103628806,0.7737495739068383,1
1112971090446110504,0.7721046471518789,1
1112973120354392062,0.8122742962800554,1
1113019757148804965,0.3830395787590136,0
1113030110156474204,0.365859010520338,0
1113030168317078062,0.37575018245176145,0
1113047751823435876,0.7513152151967748,1
1113048051231581389,0.7512680192950574,1
1116912932427140492,0.8131788086626599,1
1116930231790877712,0.08500747853583784,0
1116980599219165405,0.3795011901981146,0
1116986059041927579,0.052224825334640276,0
1113051250641981233,0.7569672457791247,1
1113073401939237390,0.37524179338470137,0
1113088052713757132,0.3394720850701141,0
1113089113330335436,0.7908872766792381,1
1113172571561700595,0.840604879709363,1
1120916113978892056,0.751456230702063,1
1120940575990331558,0.4227518691089438,0
1117020499230853825,0.22160726037752213,0
1117326207587983417,0.2399629233198708,0
1117348562410002593,0.8082601023626524,1
1117392950529887686,0.05575760776963693,0
1117395358984269577,0.007845959598586923,0
1120950645849135201,0.1712116857992609,0
1120984964853213286,0.08461527637210263,0
1121071083462663275,0.01762710384289678,0
1121085081120589834,0.5497184034478243,0
1121097388919060794,0.4718648953343904,0
1121098794146870631,0.5350990878571928,0
1117406325382308439,0.03206521278042529,0
1117408615752781344,0.019399589453262797,0
1117409870811979663,0.03197634442997129,0
1117411104238983342,0.023733190881389813,0
1117496740720620113,0.038488954409732226,0
1117512108535863744,0.08373142236942312,0
1121737266854385809,0.7792731790082988,1
1121796571111988668,0.7724860556950623,1
1121796716965999635,0.7732029116999283,1
1121858306063246244,0.5324030913455102,0
1121908053293137461,0.1780242661923842,0
1121929936429281111,0.619213424337851,0
1121971116456621504,0.010520849051501425,0
1117520708516978979,0.010281208553333546,0
1117532744097489604,0.36376370413096176,0
1117575469976164572,0.02772655075711162,0
1117721798584451198,0.8030947399194694,1
1118173970575255817,0.8132617823806083,1
1118447284939729494,0.8045908968672635,1
1122017433681635581,0.8336294525920328,1
1122072466892127468,0.6539604256532611,0
1122265328870455427,0.7656070707557809,1
1122288365281690203,0.8542994885986649,1
1122293005103628271,0.8372497905893782,1
1122341264871250207,0.3818285523374881,0
1118676440414345098,0.8119437877747069,1
1118678033574629048,0.8131788086626599,1
1119779223582471106,0.22794709712640832,0
1119990552003968441,0.7251958265280117,0
1120041642707724562,0.723129560025362,0
1122363436937093697,0.3541167774079265,0
1122376994681674148,0.36089061506707937,0
1122461403861166485,0.8184866531310223,1
1122481791897280036,0.8048205202312736,1
1122482629886469254,0.4464173620642675,0
1122532916182362889,0.7261062489319294,0
1120120917663313525,0.015288840316307886,0
1120169656879720792,0.021885333972149538,0
1120200726975912830,0.01473439438563005,0
1120200764487842981,0.01655752271436287,0
1120267212254262726,0.024230766133049114,0
1120346290475424856,0.11875380338341827,0
1120348428508594780,0.46219747518426424,0
1122542601453748725,0.4453141612858783,0
1122575256700615814,0.01123871817645962,0
1123062790203605218,0.8138530313520701,1
1123076422563764224,0.722426689271875,0
1123077365953960432,0.4140166486689659,0
1123139068980316541,0.01730596087420849,0
1123155681198830366,0.7600443337858166,1
1120350431112519928,0.3945675977742236,0
1120414324364217815,0.7729583806327595,1
1120417006583335748,0.5796490344169125,0
1120419289800030647,0.794364143677889,1
1120525515285577613,0.06231708219970979,0
1125396693234888561,0.8188862034840683,1
1125402679115844799,0.48237994483690133,0
1123178688100365695,0.8375322030526142,1
1123275389878502035,0.007339129126176514,0
1123291802006525572,0.4593861920623148,0
1123331749308769023,0.06144791318018893,0
1123479976623636058,0.7658061670125245,1
1123483563454872224,0.7653890171278369,1
1123487480393660739,0.7656885734372386,1
1123491615544702014,0.7654495788061861,1
1123508465565975975,0.7655697196440107,1
1123536669391233220,0.3281489517715863,0
1125454204459203690,0.034092389893137884,0
1125471529511161183,0.5453951593718406,0
1125496033302845693,0.043898141041390115,0
1125534910147318928,0.4932752783309716,0
1125647449838700909,0.3449663954229856,0
1125700027098239450,0.1720866102767794,0
1123743459729686198,0.29353640158772293,0
1123776431230095841,0.4813270138922,0
1123784306015693556,0.3109748214370803,0
1123930551455333128,0.2982388575792378,0
1124126281825724517,0.024196757200970247,0
1124210759358253828,0.3963081393853716,0
1124515503871939606,0.00762396309188133,0
1124574711796175408,0.22447326646884258,0
1124693282110848984,0.3735319477591315,0
1125931126069578400,0.8133653836809441,1
1125931541062857338,0.821023895060495,1
1125932164853722753,0.819199528688047,1
1124737195407142770,0.3869783287445054,0
1124785781926662756,0.3366582483802748,0
1124822815836751434,0.4035740661969039,0
1124909486762704847,0.2997854902059255,0
1124927353218071086,0.8077096735839794,1
1124952055350894587,0.43198873173752333,0
1124979327324611288,0.8190847512264137,1
1125139098078786312,0.012926862568116116,0
1125141139412549867,0.5326035540269303,0
1126047181362612516,0.012076281180461472,0
1126050815312115722,0.7659966391765596,1
1126052924442652990,0.5198616456527022,0
1125224478670531330,0.5506387415041092,0
1125319724853414750,0.013288081943944194,0
1125394067603414786,0.017109601530348746,0
1125396587745754932,0.8087614960297345,1
1128146427186237718,0.01160314618267854,0
1128147919524464105,0.016057206003718464,0
1128165567492926821,0.7239714103661118,0
1128271703183585451,0.010709169104912,0
1126079789337906197,0.04883887681449668,0
1126163691986174137,0.17327690125837888,0
1126206544537300215,0.4579472432832766,0
1126546713333778601,0.4444752438547227,0
1126672026506678194,0.030137685926656183,0
1126734893712907790,0.005274596740785848,0
1128290579418865013,0.027122459325944818,0
1128348809406074738,0.024949409191285164,0
1128359432253229131,0.02271345322622785,0
1128406823045262884,0.023295614739062085,0
1128408755712383279,0.8060246041232211,1
1128948603399756075,0.7811547926711352,1
1128957058125592930,0.8039423854430859,1
1128974197538669137,0.8558979740552559,1
1129016441448820604,0.39249185957342303,0
1126795233828622215,0.7795154753360471,1
1126809626612191460,0.017790706925272376,0
1126814011677133203,0.018559098125327734,0
1126828940822383104,0.4881589313660396,0
1129017549247571973,0.3289847010876247,0
1129018472325857606,0.374509686688955,0
1129023585088317098,0.012528318753109183,0
1129026160340567973,0.017517431994791933,0
1126849697330062763,0.13059053130143006,0
1126867035259816155,0.8093634614939152,1
1126882011401649564,0.7861566490187496,1
1126910409710723455,0.5831712848618403,0
1126967841699237411,0.2934806179423165,0
1127032923251167783,0.21823731874735736,0
1127050892290534116,0.011287394201506127,0
1127093495237855564,0.7209508657469208,0
1129675421613511516,0.8173093512670523,1
1129767988370097933,0.7719870569097795,1
1129884166388336939,0.38631344401664464,0
1130368808183428931,0.4516419324479083,0
1130408086684008463,0.7513558764065188,1
1130426604038596371,0.7727533245600462,1
1127256032083822858,0.7539102653012721,1
1127439245762741580,0.009617227269062167,0
1127442941688125871,0.0226693152755037,0
1127492187924840140,0.01731635764768914,0
1127567482124798458,0.4696013627441142,0
1130439831728803694,0.3462582269728838,0
1130487141779723920,0.8221723139158101,1
1130500597508501445,0.04730614681664407,0
1130512636246238678,0.40535482936114076,0
1130546708132687453,0.7572082134569629,1
1130554947591177764,0.1163329083440547,0
1130578873525622134,0.7567748137961454,1
1127572102033971269,0.35107036746770287,0
1127585604540738152,0.8112134247109121,1
1127589031357915903,0.5251787405778228,0
1127618972927429118,0.5573872964565557,0
1127629210723794052,0.8098463656988516,1
1130668676775343433,0.4950832994372185,0
1130709970011553279,0.8212780945138585,1
1130984920779090952,0.7474526071205361,1
1130990210853399562,0.4523424794960868,0
1131053323791104321,0.4390587317405616,0
1131113740999058953,0.7579466216031847,1
1131114026156037226,0.8167737562668865,1
1127656056268893557,0.0055057287225613,0
1127691066317540610,0.7924151118653278,1
1127744374249883129,0.7960694309872512,1
1127745978749029148,0.016069433119462243,0
1127753693824936309,0.07852337098934489,0
1127760258809080188,0.07985583739530215,0
1131141130112102010,0.12384157241826194,0
1131158979066369341,0.8247949545626029,1
1131176424399150424,0.5513515301671966,0
1131178947992015517,0.8311207125626758,1
1131183235250331590,0.7508598604727116,1
1131270139005803250,0.8085909186737372,1
1127780809107587152,0.8160303125455943,1
1127825761765238641,0.7793819380976521,1
1127829160757909681,0.47843312940440885,0
1127869544979696720,0.7793819380976521,1
1127949962094838814,0.8267058288920909,1
1128086130426522034,0.7962190121420728,1
1128086147457445373,0.7962190121420728,1
1131276351983166343,0.7892676261160847,1
1131289860288054400,0.014919694969717309,0
1131357937601443396,0.7765255105214184,1
1131358823535267524,0.8057606625557245,1
1131370425544071209,0.8154709976620593,1
1131389554169623234,0.04428382152810212,0
1131458412663503638,0.01087260799688419,0
1131731418453124755,0.027781337778679374,0
1128086155487117700,0.7962190121420728,1
1128086190895642702,0.7962190121420728,1
1128100770879732846,0.4504938918433737,0
1128123045687998364,0.7513152151967748,1
1128123539848789678,0.7696240281256633,1
1128128092901401493,0.6481018878282133,0
1128141852228986763,0.012251877484698,0
1131783454418117577,0.4252494732679436,0
1131850403606204027,0.7992376229884176,1
1131881270491233607,0.04973581531829212,0
1131882333761849972,0.7722310188025594,1
1131888181139772396,0.7722310188025594,1
1131888962475292890,0.019739981235066727,0
1131890281950917866,0.11959018340680719,0
1131891242692263242,0.7722310188025594,1
1131893557656442392,0.026552987046283172,0
1131903840207473600,0.8169127297116607,1
1131928128991752349,0.023332243721551127,0
1132053250279638945,0.013848887848782137,0
1132182913168109059,0.063403034527781,0
1132520611563029476,0.6122778048435342,0
1132562970181176758,0.2600425830122862,0
1132568650618412962,0.8521891064442727,1
1132725585850150695,0.46633508568325965,0
1132730275548268631,0.8061835570472082,1
1132836303993766297,0.29047365386750185,0
1137255018515797030,0.015646052629719437,0
1137287868719423017,0.8020762344935511,1
1137517639314874823,0.012176879541854826,0
1137621358187674705,0.010934678413074127,0
1137622612757446323,0.45136504896086566,0
1132855442343281456,0.4841087973244954,0
1132949981878599275,0.5330478882735403,0
1132979024582640684,0.7634779132794587,1
1133194385011113169,0.4155667157471062,0
1137659690270773991,0.7716746048298351,1
1137707637749446979,0.5679536732615367,0
1137722591602709096,0.013404860660575876,0
1137753306931860819,0.017449133131996312,0
1137818063784225355,0.5011136230268763,0
1133385001583250973,0.809879143135406,1
1133425427934157761,0.266551873641404,0
1137824054196052553,0.44888138702726343,0
1137833103701536201,0.7839881488829963,1
1137840200145948134,0.5010751302185007,0
1138212263332920772,0.0651825333889129,0
1134125795734508054,0.8182967704759431,1
1134255534228157457,0.8211579697354181,1
1134403248940849722,0.4184401559225624,0
1134815366620406171,0.4615892386624303,0
1134848362047275405,0.1422421972983696,0
1134900809771751391,0.8262450865316734,1
1138290291631438451,0.6035892839795237,0
1138301742231954525,0.07205484672741028,0
1138337785334485033,0.1244504787239495,0
1138369146868364801,0.277800938678611,0
1138391892583319148,0.4937750307539305,0
1138396495530104605,0.20484500186186333,0
1138480504032443313,0.8159927267905572,1
1134904030957348245,0.4495623019729833,0
1135001473807903281,0.22187424354804974,0
1135404412261240153,0.032002308147749826,0
1135547842630964371,0.10033679064154949,0
1135551312105589917,0.4930835934422702,0
1135553540868223490,0.44317679821124867,0
1135563305973038248,0.14754719813618486,0
1135579518870410397,0.11398746347618817,0
1135582748663487089,0.2458744573611711,0
1138551794674279547,0.28823351547149795,0
1138585505172289456,0.8090482363703322,1
1138592729866407631,0.4633706889248921,0
1138752144048383838,0.016324985993610375,0
1139140865784011331,0.1453389962339711,0
1139287892776789560,0.024528590300996078,0
1139331688098032940,0.2429255581628408,0
1135604236237112577,0.43914850018051604,0
1135648739079725143,0.8181489857760298,1
1135655434873218405,0.416380238621032,0
1135764584124579607,0.7890754127017146,1
1135971694166443312,0.19474889682964946,0
1136092230819613097,0.8182514916568199,1
1136151512842150679,0.46386904498114273,0
1139399302559935460,0.03281576054821741,0
1139430167198224176,0.02508987833228994,0
1139702111189288295,0.7513558764065188,1
1139765739288761497,0.7805275119574632,1
1139788843133115297,0.3923625129664241,0
1139789223673640272,0.7603224981676985,1
1139807825597315292,0.4884369457362883,0
1139832006209579248,0.7530432917451004,1
1139885746712973129,0.38851635382123806,0
1136213102649672641,0.030307040090952753,0
1136297072647779971,0.014093202728121671,0
1136448443454522771,0.45372025403528327,0
1136460388848342242,0.4488721300617971,0
1136519007142850147,0.43577431055259797,0
1136788372396039808,0.5762492193616715,0
1136845054160628527,0.8028005065307342,1
1136871772699182981,0.1140582265468977,0
1139975290224842576,0.44840126003784947,0
1139986631522158600,0.1925719569170967,0
1140031690403235672,0.8285121860691625,1
1140339957176282992,0.805157202240637,1
1140344954470239827,0.805157202240637,1
1140385401734533968,0.4186908869289324,0
1140564304605952367,0.0340651664060815,0
1136909641159288895,0.16854522257831103,0
1136944024472836101,0.25995334330664394,0
1140598072502860150,0.046241669916330295,0
1140603185018434730,0.047175813043284956,0
1140611805482271866,0.8158144998228108,1
1140652168196606652,0.010372275869380014,0
1140666055650207494,0.8064638923654655,1
1140715017508589269,0.38734012745634355,0
1140869013339984093,0.2311238708636493,0
1141227954744031546,0.8214641962015711,1
1141259813165182278,0.04622119942463672,0
1136955898324243841,0.3334735353613694,0
1137049282639602814,0.8114568763620956,1
1137070510478429149,0.01469868112326423,0
1141927569477964889,0.4596314463050139,0
1141963099135559051,0.8198917929540152,1
1141309872692483778,0.018257879018166237,0
1141349080895281223,0.505025731198444,0
1141350378144023711,0.7804747727982261,1
1141353184138318990,0.459071493567306,0
1141361682610337691,0.7881698455650433,1
1141366852353337785,0.5709303294183707,0
1141375785847953036,0.051652923152975753,0
1141376911262231407,0.12282357135777473,0
1141969613730032715,0.18779947562397298,0
1142018733944392304,0.3809520185259619,0
1142038285243709888,0.775084536789401,1
1142043133585228540,0.775084536789401,1
1142047894523674386,0.009091345785314923,0
1142048721696770947,0.021274367246434084,0
1142074768335738644,0.7900936061319103,1
1142078382465058620,0.32904523964056087,0
1141449395638467836,0.5511066319425366,0
1141458748649715025,0.8620211687780557,1
1141528742817186587,0.29721244430041194,0
1141539180238206678,0.3148726558712699,0
1141618421747635009,0.7576949147489128,1
1141627415924262429,0.028062043972018454,0
1141804759863805148,0.823566510017638,1
1142080924452624277,0.37489001089219326,0
1142155781946405822,0.8010190258368666,1
1142244830562885349,0.7844839155587128,1
1142681820200998913,0.8338463933385777,1
1142686260926610730,0.8304062516289563,1
1147185172899974347,0.032832153404145865,0
1147198162516197150,0.029176280808884434,0
1147218769509078911,0.3818285523374881,0
1147817758934173845,0.7896845955989134,1
1147859866270196088,0.7748472555214767,1
1147863063940754978,0.7748472555214767,1
1142696894619785145,0.7525072459367477,1
1142697438825138126,0.7483502664814955,1
1142697816285277796,0.5568838676276082,0
1142710890420273676,0.03755165695503404,0
1142713791029870240,0.048154889652493905,0
1142715650032375010,0.006938126799525084,0
1147870497747276265,0.7748472555214767,1
1147871459389748096,0.7748472555214767,1
1147872470762119662,0.7748472555214767,1
1147888202083815905,0.38144829400607794,0
1147892075519002531,0.7529498455275314,1
1147892086093669724,0.7516217317605465,1
1148183574112155222,0.4140337659138692,0
1142715929556950252,0.0363267826548784,0
1142735795274193087,0.3547977441408114,0
1142799747235447449,0.8214943917567512,1
1142807822816275667,0.39819387979479737,0
1142816313517817218,0.8188333573654223,1
1142821407662262251,0.6702582751865286,0
1142849705524030617,0.7919700142341932,1
1142907745550508854,0.010608749767020866,0
1143060418212431044,0.8016035637299275,1
1143324733024967980,0.7610102032507153,1
1148415583851225843,0.4251905181507443,0
1148462183776298043,0.02090772545455683,0
1148611065583492998,0.38323405764254975,0
1148649278684878945,0.8198917929540152,1
1148688437614934754,0.829160135217655,1
1148779217624178102,0.8085853984247827,1
1149338835484550957,0.41743643247188267,0
1149358945522481760,0.010618659286817458,0
1149504167645700330,0.49937874714567365,0
1149533863702762999,0.010920215223249203,0
1143332975627271171,0.46804946947547243,0
1143344291552560139,0.6803136380290519,0
1143371378287742784,0.42904732252334676,0
1143375543937423684,0.5285409940022684,0
1143391752328531518,0.8090994089977369,1
1143396722383822225,0.8099415745710562,1
1143481472804642857,0.42944096240953383,0
1143481906122866645,0.8564048211919579,1
1143580118584880290,0.014004255683860415,0
1143642080325430363,0.7753788894986484,1
1143803861226784005,0.7939085235427465,1
1144198570094669308,0.08133965399626628,0
1144206955380638834,0.017214849365091725,0
1144233699949589543,0.039903465787339734,0
1149978601732480534,0.8181005502203448,1
1150073620088684723,0.26299542851105856,0
1150083229376322051,0.4362215179793446,0
1150109731017852930,0.4476131056102738,0
1150312880814279741,0.8301060110222109,1
1150342805049279880,0.8300955575551526,1
1150631181740682174,0.05224524961268148,0
1150660741401064108,0.14782991614056662,0
1150713257734529417,0.8264145221702496,1
1150833779594577445,0.023483629350583436,0
1144438489648240435,0.43069194125926225,0
1144890996664366449,0.24946920012357476,0
1145626712233091968,0.09825022244438675,0
1151064702488048108,0.35382765100770647,0
1151390937475548603,0.009902604896405112,0
1151393023661030065,0.8166146237544514,1
1151395464701081493,0.8194153839759674,1
1151435308346713862,0.3510672012711723,0
1151463058052789845,0.0410423042494591,0
1151473664711556510,0.21510041583327125,0
1145649837286129108,0.017653843481506348,0
1145716883000400366,0.5046029541866573,0
1145818787251204992,0.3577062338660825,0
1146409808397284516,0.4873430451911699,0
1146410005818308220,0.5221172879462781,0
1146410282056282466,0.5190032688165396,0
1151556536294453241,0.7748472555214767,1
1151565053985705122,0.8378247964540808,1
1151571133343534415,0.4715991821379224,0
1151572387742547998,0.7748472555214767,1
1151677783276124826,0.42861726163963537,0
1151766748844368063,0.8346603170440496,1
1152019836429548341,0.8097013120425215,1
1146548371745388992,0.18342842277971724,0
1146548462465101629,0.8108838072562036,1
1146571352375076866,0.3946572001443716,0
1146756223531642681,0.06447171975161498,0
1146926015197516568,0.8205207183185863,1
1146931063721507658,0.8184319523771143,1
1147037716231719858,0.011862184351938171,0
1152113190559817005,0.13430557832626136,0
1152220111599220373,0.816906731470279,1
1152230381113264288,0.2723833769881033,0
1152372080092135348,0.7905009380508174,1
1152384221084514461,0.3439645258843306,0
1152426772803704278,0.23857945599275024,0
1152426994398176769,0.27458207696857145,0
1152656109641800120,0.015186427672881317,0
1152810027674066676,0.8176394370393433,1
1152818845305564558,0.026019032691248282,0
1147105878156327722,0.8059202166584815,1
1147111206126339499,0.3676590623611873,0
1147147744047523134,0.7765149752785617,1
1147166519515928855,0.03260116144345574,0
1147174224210375956,0.04088117859266392,0
1152853092658576622,0.022853313202352586,0
1152916387786747741,0.042493818122835356,0
1152941731563673838,0.40894612743375375,0
1152972711471489007,0.0499749681397924,0
1153050874387520798,0.7905755247835523,1
1147177261454074491,0.033176173896329667,0
1153751973176624412,0.027391625033166014,0
1153766722322961714,0.5250930118968242,0
1153791643860208820,0.5213058730064564,0
1153070499473371054,0.8082380723816547,1
1153177258823904185,0.3914884994491581,0
1153482204109450518,0.8162517143065281,1
1153517334106910814,0.7914676082875719,1
1153533053567933397,0.798312328762384,1
1153548171936926861,0.021009054378241743,0
1153567629778120197,0.045998581945661615,0
1153792941517217463,0.8147807956581986,1
1153860659602699823,0.02113053633077416,0
1153888128474149819,0.8172656339388077,1
1154008541926835914,0.04812189926864029,0
1154275281756359908,0.04888781066279647,0
1158663044631946975,0.01088721891127707,0
1158665608757661541,0.4018298560859943,0
1158672341831924192,0.4089799315987106,0
1158680903426144637,0.8030457915012463,1
1158822239391648858,0.10257672302686127,0
1154370465868314728,0.49691875019554643,0
1154544392831607955,0.012772128160636081,0
1154933141935231582,0.41453761883928014,0
1155027614662331215,0.434726790107875,0
1155101211287750818,0.4002750846161035,0
1159053260701230398,0.02087310473770623,0
1159654184769414055,0.278192765133323,0
1160246264827815824,0.36170284190465984,0
1160873118733792455,0.8158448399074094,1
1160897447386830658,0.7901600725232035,1
1160898704380271176,0.76628221361209,1
1160903898505246627,0.8318375179758748,1
1160945133320469590,0.516100956934642,0
1160945133446642568,0.3431482462486624,0
1155251099918856396,0.8024726680917146,1
1155316551298844152,0.03223793805959723,0
1155345060662921091,0.04110413119532185,0
1155719449518235785,0.03937969276307133,0
1155784674475160335,0.27400049609687516,0
1160945133471556449,0.5910503373506514,0
1160945133556787245,0.8020458748318405,1
1160945133591728741,0.3996968804497794,0
1160945133594591409,0.8510373054454621,1
1160945133620051498,0.8017278727416249,1
1161162511910235062,0.324940432757291,0
1161520987145992311,0.8416381414209414,1
1161590328282171804,0.03626348312237422,0
1161593459916217073,0.2118570386755016,0
1155863337820219250,0.4644426130702365,0
1155914477966679546,0.06580679855141411,0
1155943556816365963,0.023527600399481714,0
1155994208421380936,0.48419141802756993,0
1156066855878419848,0.22859433529908577,0
1156080303867289962,0.033408602845723945,0
1156360934580010409,0.8088073710846546,1
1156391923343194437,0.04926889335188666,0
1161729885598198479,0.7823200877970329,1
1161822622018802289,0.27975753021338945,0
1161852019227175942,0.012852488270702709,0
1161889907204990654,0.16859884288086185,0
1162216364912070685,0.3322003873034293,0
1162260743100509677,0.025667013624254855,0
1156413929372688840,0.07375269464224861,0
1156547137661347824,0.8049067007544458,1
1156554847207826030,0.04661397712905859,0
1156584272379624601,0.6751566961009255,0
1156590041510204284,0.6247062450605794,0
1156614671118327928,0.042358642141809844,0
1156624883087167208,0.8163548759827663,1
1156634111402023473,0.8006473098587445,1
1156635783015189633,0.035331597589235014,0
1162337451138273333,0.49435779128877694,0
1162353501828814676,0.1024367500650169,0
1162388170239022463,0.7875075219125737,1
1162391790200266813,0.023624016870192208,0
1162392324462030686,0.010674348840747428,0
1162395989077494138,0.5307556024021911,0
1162454771886304951,0.01891110694494585,0
1162546037389644914,0.2374558383082327,0
1162834133773285921,0.4038434747596963,0
1156713518442743761,0.03161811155245181,0
1156741059474885318,0.02632592084313436,0
1156823160048267908,0.013176419859894147,0
1156833200612630293,0.011180592232823784,0
1156852367898738067,0.009993295751079309,0
1156886612042523980,0.015474459566468472,0
1157040148180663731,0.815485020650693,1
1157155043074005989,0.011102566059252257,0
1162992033058456466,0.7583426969456422,1
1163017253722968270,0.41303921036020735,0
1163149524222187021,0.3700564672299145,0
1163348496077881452,0.35775513917972174,0
1163618939151862558,0.8391244697842734,1
1163629234404720926,0.4587441570063005,0
1163763415369886027,0.025133867551075852,0
1157225606391311395,0.31259527749399346,0
1157225718519495014,0.015942798597751443,0
1157263921116889885,0.3858617858702728,0
1157267753536374358,0.5100060438294151,0
1157276044203998487,0.7675354236504867,1
1157297291730536711,0.016683234843180364,0
1157308171198779853,0.8036355902242883,1
1163848611106950273,0.80961840395733,1
1163849852039919287,0.8081244903809441,1
1163851951779803258,0.78477193629516,1
1163852990365613427,0.7831782803731989,1
1163854338221462711,0.7840981714260614,1
1163864921183799771,0.7792564807023777,1
1163866051735058324,0.7743769247350771,1
1163867106425109437,0.7741723990446275,1
1163869754884823105,0.8260889945555692,1
1163871326842309086,0.7837536216888916,1
1157321297978459399,0.019745673382094542,0
1157373408782735382,0.0183566426543583,0
1157393518555887737,0.42674420286232145,0
1157399898282114126,0.47120217455884666,0
1157554658213927191,0.8152824636363075,1
1157613893781912488,0.020441565538201395,0
1157790822975192961,0.800630472526762,1
1163877488114193371,0.8174142106245809,1
1163878553682176270,0.7761980063254563,1
1163880842243234257,0.7846205599653411,1
1163884331652036646,0.7832106288831652,1
1163889878899595090,0.7714003739739667,1
1163891539133256672,0.8066891563413446,1
1163896297959089897,0.7863612236272071,1
1163907366323294743,0.8331644430021052,1
1157900296383464296,0.3577743521671605,0
1157962645994268273,0.014829037270198159,0
1163909514395111317,0.7877210259998304,1
1163914271974601375,0.789454841874352,1
1163915012094708135,0.7920373962819677,1
1163915727550134213,0.7855406196483775,1
1164312536849580406,0.7664836955049819,1
1164313888143890715,0.789993633880737,1
1164315498503909485,0.785425023588621,1
1164316660371174759,0.8161396730147698,1
1164318023536072708,0.8197926765353487,1
1164324248101922983,0.7714003739739667,1
1157978341548890561,0.018696918304819454,0
1157986393909875539,0.01760223054019797,0
1157991547915157626,0.8175597657739949,1
1157999417746123228,0.023593952691571603,0
1158000575255458162,0.8132703036185233,1
1164326424743724303,0.7857700294218777,1
1164332359302492734,0.8142921520346906,1
1164333561779529154,0.7666533457727984,1
1164334861926688548,0.8114526622480903,1
1164336464839749747,0.7738641303545731,1
1164340790960822565,0.8049877362755783,1
1164342105088851553,0.8253750615980565,1
1158022700557265106,0.8255208810895421,1
1158031589091051555,0.8239335736586658,1
1158036284237494994,0.23983668629959223,0
1158049395151674269,0.45265697452492315,0
1158056628085190794,0.1996240718929342,0
1158106320609887397,0.8067009241407911,1
1158563900084850676,0.7877063051837818,1
1158620843038330028,0.03466346728516552,0
1164345854967472625,0.7848622779462849,1
1164347072320353656,0.7869911801372909,1
1164349305040610554,0.7749014712034276,1
1164356214913931968,0.7701434668178969,1
1164358724133820196,0.8242687132135584,1
1164360283856578643,0.7824919138571363,1
1164363487343155909,0.7760148431949563,1
1164364891023907873,0.783242931429529,1
1164374500997372987,0.785425023588621,1
1164496693303184208,0.7896242385896604,1
1164499581337342828,0.7757388263648286,1
1164501164488348129,0.7847115073173773,1
1164502437381406896,0.775461269236981,1
1164504163027712009,0.841086719513088,1
1164378806401918488,0.8046504603691931,1
1164382457357632571,0.805239135958459,1
1164385251123133334,0.8222921378344962,1
1164386880933154282,0.7784552099246195,1
1164388234184134361,0.7877210259998304,1
1164393970839309768,0.7834677727188678,1
1164397765912921148,0.7783100822606248,1
1164399011166310274,0.7833395645355313,1
1164400419901369039,0.76795029305415,1
1164402494958427969,0.7694514620760301,1
1164405964932982269,0.7815917882551887,1
1164508379062773033,0.11214270177662278,0
1164509693060171876,0.7815333653692645,1
1164511609579463922,0.8317428945110139,1
1164512721184646213,0.8007295228577408,1
1164516777855303109,0.7864996984860886,1
1164517927085105862,0.7898933326308055,1
1164408917685437258,0.7869911801372909,1
1164414839894193887,0.7780183192299163,1
1164421634018072914,0.7774286715861941,1
1164426282310884590,0.7749014712034276,1
1164426977543444217,0.362902024427723,0
1164428803767910871,0.7775768569140095,1
1164431051636283950,0.8811940137131559,1
1164522261272081050,0.7839734855535692,1
1164523553867005327,0.7839734855535692,1
1164526551554310303,0.017453408923922428,0
1164527054552478855,0.7894208494741453,1
1164528276112339556,0.7858838547883907,1
1164529533784253797,0.76795029305415,1
1164432160635370458,0.7807056570321883,1
1164435243049311420,0.8240326598110047,1
1164436377630805405,0.7848020903180383,1
1164438770781164753,0.7809440297687487,1
1164439829773373254,0.7845901627277189,1
1164441595020945889,0.2848849549520176,0
1164442394843814685,0.7862777228359819,1
1164443892993949162,0.8046504603691931,1
1164446078104777601,0.7694793554990446,1
1164448591732716671,0.7869911801372909,1
1164530617421203682,0.7897590823197445,1
1164532995322272238,0.7812987507961164,1
1164534747213002769,0.7796720606423879,1
1164535892671633869,0.7826186114671715,1
1164539918808781057,0.7791505484933697,1
1164540924229901578,0.7833395645355313,1
1164541980838486766,0.7869911801372909,1
1164543066659989998,0.7833716844735062,1
1164449999292004260,0.7796720606423879,1
1164454452247459417,0.8434310302165423,1
1164456848931444482,0.7862218809698637,1
1164458499677345817,0.7881393928408266,1
1164459563387039342,0.8274488824126403,1
1164460846044231027,0.7788841981182385,1
1164462357502102946,0.76795029305415,1
1164463658104314696,0.7875075219125737,1
1164466950268464990,0.8256810836809778,1
1164468044516579619,0.777258927995828,1
1164545933468216311,0.7701434668178969,1
1164547839140975154,0.7811218130536673,1
1164552086771109269,0.7795997129334062,1
1164553675998388792,0.7752753677055034,1
1164562487359649155,0.7853670001741403,1
1164565030503502753,0.7964279078767493,1
1164468732287877882,0.7814162432307643,1
1164470878211338842,0.7845901627277189,1
1164472047194496194,0.7866098604916784,1
1164473709410069733,0.7792564807023777,1
1164476491804114417,0.8248077493015814,1
1164478436486761196,0.7880704465382975,1
1164479582203629530,0.7770807559269696,1
1164483293641158411,0.7828522393871504,1
1164485647522117780,0.7851014378011517,1
1164486843668737649,0.7783827085809766,1
1164566211206487183,0.7811218130536673,1
1164567391190735202,0.7846812321554943,1
1164581850521308915,0.7829832170078098,1
1164591122843061799,0.7760148431949563,1
1164594968242077315,0.7783827085809766,1
1164596839600776831,0.7811218130536673,1
1164488054119583191,0.7767434744037678,1
1164489212500246146,0.7872910331162957,1
1164490127575723417,0.77682504646649,1
1164492502059126917,0.7728217829541513,1
1164493728333417946,0.7835634561709017,1
1164495582863458314,0.7746822467053858,1
1164496132693263438,0.4641416519416309,0
1165965036051271935,0.4839950856930167,0
1164607809066730258,0.7829832170078098,1
1164609333463855712,0.7788306653475343,1
1164612423343111099,0.7859405500991347,1
1164613621057835448,0.8264224805089283,1
1164615074749935863,0.7523663375467359,1
1164621166184890014,0.817100135528354,1
1164623923675508142,0.7726187458201937,1
1164625573454277877,0.7885909815463263,1
1164631311126145444,0.7786695367468516,1
1164633949667681538,0.7813575434365891,1
1164635362983056426,0.784222175009668,1
1164638164170221263,0.7864444120145276,1
1166030843706237712,0.4816928773261466,0
1166041689726365134,0.15639089057565417,0
1166051715881989335,0.45475553779553785,0
1166084149211199170,0.421107502836061,0
1166090512207969562,0.02542679840076673,0
1166118086665626216,0.016212693382512754,0
1166224724395561072,0.7209508657469208,0
1166236579959792387,0.7242462241059701,0
1166331208055704470,0.8261415381974291,1
1166477260581870167,0.4235641312084158,0
1164639045565578238,0.7864444120145276,1
1164641596674247169,0.8105613804690336,1
1164645610394278309,0.7860535094997697,1
1164647752160153661,0.7818825315795259,1
1164648836632978502,0.7860535094997697,1
1164650096614641823,0.7818825315795259,1
1164651651997291322,0.7818825315795259,1
1164658730498689648,0.7885749625866959,1
1164662573746157172,0.7811218130536673,1
1164667077434327397,0.7878266835756927,1
1164668933392585257,0.7783100822606248,1
1164671102859042668,0.8560629022347037,1
1166487900438773424,0.8116262167396906,1
1166488176169276230,0.8103459985245404,1
1166492436356509163,0.7506820537795265,1
1166492712162142489,0.815871520373185,1
1166594130384064621,0.4692234094467356,0
1166607755611997508,0.8314194838303969,1
1166668321004872851,0.34682698613907764,0
1166708562651517657,0.013907751504088591,0
1166742135280652647,0.18931923067101297,0
1164671590352488149,0.011326393160229261,0
1164672747887834267,0.7819981940132534,1
1164675356640434495,0.7917714729350893,1
1164684360365826817,0.8261413389620663,1
1164686900593500041,0.8032334808780021,1
1164688982496495725,0.783242931429529,1
1164691637811695160,0.8260395681562194,1
1164693843405529682,0.7851904737732848,1
1164702375199891120,0.8148144141992603,1
1164704093733848793,0.7799202495477915,1
1166985304842363938,0.3700564672299145,0
1167099182966298546,0.8352047287558252,1
1167141886292193505,0.7875933220317002,1
1167214519855150680,0.38356615862819554,0
1167230963185461637,0.33068257782286514,0
1167240334295469098,0.8087134751109102,1
1167269819629271408,0.784708841901192,1
1167302392870990995,0.8437073396998104,1
1167308666261923584,0.7950030785496205,1
1164705795990206436,0.7811218130536673,1
1164708161090667537,0.7859971014363427,1
1164720768101407044,0.7859122204843867,1
1164725978874743894,0.03237419544520955,0
1165058914827056544,0.27309721302052015,0
1167325491094087654,0.37004455034456035,0
1167497202429395190,0.7927247734266778,1
1167557595302835607,0.7831134449595085,1
1167837313703493463,0.7741873857845374,1
1167875540709032206,0.7487365158869884,1
1167975742517801891,0.01900073913930921,0
1167995766552835416,0.011636950427188274,0
1168007906284515694,0.013980987934708216,0
1165148742023905837,0.43979599470684105,0
1165908700741086605,0.47862413595897213,0
1170443689607051726,0.023895643160909846,0
1170446381119755665,0.025793314356579444,0
1170447796069675601,0.03548950343119624,0
1168091987963126455,0.8266073092125651,1
1168125280377121887,0.11883693665298221,0
1170449637391846183,0.025235791558540572,0
1170451381770726306,0.028810402236677173,0
1170453307286952641,0.024834364405811396,0
1170455226677183433,0.03306420578600577,0
1170456838784966947,0.02924471782079305,0
1170458830141183381,0.028353933299613995,0
1170461052236041690,0.02699696945842889,0
1170462643049849090,0.02343250730844048,0
1170464440178951116,0.02385913168056283,0
1168209695518823454,0.8175000042956586,1
1168612036616137137,0.2889048455322542,0
1168686341536062275,0.34088498374153825,0
1168703023053244573,0.2314669572910879,0
1168706691983071846,0.4719706207670366,0
1168812476566201714,0.3526693730608785,0
1168816359190170321,0.781972845602225,1
1168899697914029586,0.5259005935492472,0
1170560542670562358,0.37497179875213826,0
1170607520338340546,0.07722659958772979,0
1170616948195206910,0.8220234464227857,1
1170670494932737213,0.034505012634293196,0
1170967759871837750,0.3365078220954819,0
1168901498789615100,0.7988079881174126,1
1168902661787805861,0.5215439832564274,0
1169101124186546477,0.012220380109556617,0
1169137558497211534,0.3509662882750791,0
1169532841098522211,0.8198476300495033,1
1169664704428291999,0.4508043361107407,0
1169735081820698039,0.8001216106732739,1
1169852638825824951,0.45633837538793487,0
1171012769356179541,0.036860716312329796,0
1171049090694334750,0.8166026388696048,1
1171092946447246095,0.0144663499115546,0
1171095609819278085,0.7688760824980954,1
1170182963226148070,0.7701434668178969,1
1170255004454854248,0.8270723667222635,1
1170322411304044778,0.7783827085809766,1
1170382047568453944,0.7659966391765596,1
1170382232743463314,0.5250930118968242,0
1170382464922375519,0.5213367952613303,0
1170428810365985606,0.041921343743989974,0
1171189068797057776,0.5541611542227465,0
1171648490889909084,0.43219387408530596,0
1171688712626235580,0.8182295364977167,1
1171818396809847785,0.8563075234200442,1
1171843641631129200,0.8040305863905473,1
1171872299435239706,0.7796794292459411,1
1171907062596212569,0.019602612156324868,0
1171933170660463825,0.7974541733057178,1
1170435457640013444,0.023796399511636486,0
1170435534385420529,0.08432141974805926,0
1170440093103733601,0.023024223129162937,0
1174723353117494997,0.22071555873397175,0
1174826843393810403,0.778813262873725,1
1174943992395900711,0.39261989847135503,0
1175891485820742890,0.22026872471817122,0
1175917377217904984,0.52109665122095,0
1176051675468510066,0.7703630285090932,1
1172038457820533616,0.8167020210695088,1
1172052370876056188,0.7949076661436788,1
1172258953400590172,0.7522794211081223,1
1172259302904879588,0.5472800190777561,0
1172273243555039630,0.7967983036965625,1
1172294590570526294,0.009004578899517581,0
1172359677808550406,0.24552625935548852,0
1176109588788492097,0.3749222115791848,0
1176125517996489308,0.7741723990446275,1
1176131434996346036,0.7845292454410024,1
1176132135273775248,0.7714003739739667,1
1176133169924674209,0.7771699225644534,1
1176134702707994476,0.8334860793022068,1
1176163500569034058,0.17619418452821592,0
1176170832470740249,0.3595962643797413,0
1172390447761210181,0.8097243042169044,1
1172445787241483731,0.3231891759536097,0
1172494675715402991,0.7969684157652531,1
1176243945930185898,0.29787067195835576,0
1176638362163293425,0.7914676082875719,1
1176683033732747760,0.7905755247835523,1
1176716745202611878,0.7679792114548143,1
1176740268467522249,0.6030191563857403,0
1176742148306400947,0.2597342055460313,0
1176783478875254257,0.7810002869865157,1
1176791392931671935,0.011631831743760136,0
1172532404226920761,0.4617286711480593,0
1172604671884928390,0.455924979732277,0
1172630145811618462,0.7808364114682096,1
1172650352166849497,0.7971012933281648,1
1172674114375162597,0.024960120410809358,0
1172884916397719134,0.7639441835649704,1
1172960017227697691,0.0356702454829286,0
1173103794217373729,0.03729365026018661,0
1173108387029964187,0.4328168772648305,0
1173119599443925057,0.7504072949207515,1
1176845338133841711,0.2301707521288096,0
1176853764246777285,0.8560725170649314,1
1176890826130811003,0.5088571045373934,0
1176898163498109788,0.3339876764064153,0
1176936179607448594,0.5393578622408086,0
1176949977746491520,0.03508778633536108,0
1177327595254297656,0.04867034797925844,0
1177345913286082983,0.03937594793242397,0
1177359119693006427,0.046746677653894245,0
1173155686408356519,0.05783338957169454,0
1173168273112763284,0.05736927011026741,0
1173178020006389735,0.1250892011421412,0
1173184225634950250,0.05113767572070888,0
1173233962500563626,0.021470197726288977,0
1173237288996322274,0.025245180129628484,0
1173239609371845295,0.06712190673274994,0
1173460101239720433,0.7748617195853554,1
1173497139301669046,0.08396420890676469,0
1177419977162681836,0.030061736689477096,0
1177429576159372498,0.024099640631459883,0
1177433226728660401,0.0645306712094803,0
1177449988217037376,0.018511925431205195,0
1177450613427045889,0.27774476627336486,0
1177453509132101787,0.04003649495583427,0
1177454816617609897,0.05666624061530245,0
1177461605461458079,0.03764490508777327,0
1177473168936527770,0.025453588226079425,0
1177476704781804039,0.048632278750573715,0
1177478027022642683,0.029259975257007693,0
1177479778077102447,0.025382249949872242,0
1173823529622100600,0.4478559485555865,0
1173927882151572672,0.8345274022415964,1
1174211243885753861,0.83184639048409,1
1174252633024473480,0.7981739058888696,1
1174564154769071761,0.8190649979118514,1
1177481454077077957,0.0330004332416873,0
1177486331917684674,0.8288824056884381,1
1177486926345069371,0.02586648726994642,0
1177494948724690298,0.44340267911991,0
1177495468022051968,0.04891668717872384,0
1177500655441331249,0.029833046515004527,0
1177502740401038558,0.03798956958660979,0
1177504045631878580,0.02554222981538032,0
1177505327183162711,0.03422182329743479,0
1177516630169566287,0.024793385050903522,0
1177518149924973740,0.786109774984148,1
1174665140305981711,0.010385807129914791,0
1174718247251405899,0.8137390420438937,1
1178254959604207601,0.4214490401015378,0
1177521100394928099,0.80961840395733,1
1177525113594178910,0.7848322041675755,1
1177528855666992778,0.7860535094997697,1
1177531789521067331,0.772312694832857,1
1177545792823749179,0.4478559485555865,0
1177545900726840573,0.3907439864393387,0
1177546147205287242,0.3859026634962454,0
1177567784657027719,0.7855981937825618,1
1177570343471580040,0.7884458985338757,1
1178331702133034216,0.7767434744037678,1
1178333093852927243,0.7873996556625865,1
1178334038915821355,0.7796720606423879,1
1178358905663976916,0.8061823614809078,1
1178421569168776033,0.02127233030114448,0
1178425983423625001,0.3876805306233344,0
1178864967027719274,0.7780743045329125,1
1178865375768074643,0.821213142211658,1
1178901341144672363,0.048678158750259444,0
1177571866340049678,0.8288545663932555,1
1177575235184236637,0.8043107838617239,1
1177577518403761449,0.786554847761268,1
1177578101781081471,0.8144495320672116,1
1177580233239222771,0.7840359142255555,1
1177585263100246282,0.7916624265965129,1
1177588064060087641,0.824606244748425,1
1177588192535733750,0.7724446609244491,1
1177591637239485793,0.5881407880430509,0
1178933042306831335,0.49814942969241516,0
1178989990878285035,0.21631080329898228,0
1179118942440580801,0.5499980131166241,0
1179350840295406622,0.7949097140183163,1
1179360993878541363,0.7935203094507258,1
1179574566320269059,0.04131286327300489,0
1179739442698641990,0.011899826497885941,0
1179802084308327475,0.06242969979676548,0
1177606089286884104,0.49415447844262805,0
1177647700690140359,0.6159650952678366,0
1178154547956921938,0.8268207376347396,1
1178171946295620150,0.24598633167083928,0
1178246090045344884,0.4735904730672826,0
1183383003000927854,0.7850716809445522,1
1183398239642738842,0.7788306653475343,1
1183742215744317927,0.803291895144114,1
1183762663726036513,0.48532267572758003,0
1183775642432615818,0.8007991229850872,1
1180249397571221491,0.8000958226843694,1
1180299545902646491,0.4681575072864085,0
1180528944022099282,0.7932241551966521,1
1180756146376303826,0.44957641691063455,0
1183845092476337761,0.803291895144114,1
1183857113573988855,0.803291895144114,1
1183999126103314367,0.4081156922147507,0
1184015420727050313,0.5883951547215286,0
1184015830488997500,0.7552051484226562,1
1184039275691644753,0.7775028291871778,1
1184065583313071236,0.7851311554923799,1
1184068565040974034,0.8059854590147462,1
1181138848303115257,0.8206005196870149,1
1184070598813464152,0.23308713303305237,0
1184071698033957686,0.7777981650271385,1
1184148860887704578,0.308611249220417,0
1184156894635177297,0.7704614990480669,1
1184168892238970191,0.4478227675682302,0
1184612752558618970,0.7801029698684983,1
1184614275534021178,0.7630765556874304,1
1184617429166668452,0.7829178224230254,1
1184628514222287717,0.8247072962386193,1
1184629864936417769,0.785308644670332,1
1181162507748278407,0.031185848053203544,0
1181206568781962298,0.8130616136045996,1
1181229422097746099,0.7753788894986484,1
1181265124323821772,0.4822769677254858,0
1184850726195119439,0.3521650717129575,0
1184916440282229935,0.2916818287240041,0
1184991550363914891,0.4604955326035383,0
1185101406435194073,0.4139776313177773,0
1185156531210050829,0.26314007622143576,0
1185298315132795997,0.7674138888641696,1
1185302319609046378,0.7778716774251047,1
1185304139295085475,0.7813575434365891,1
1185305951832532661,0.8251055850338406,1
1181271508575452183,0.470236670699893,0
1181272879540445351,0.8135431435508774,1
1181305119926100979,0.8227149316006335,1
1181361798958547584,0.23714258226341514,0
1181394579984036414,0.041129935714616254,0
1181435459087247263,0.4230595836613912,0
1181822862889162890,0.43025814215993424,0
1181829235133550373,0.5699250231287091,0
1185401055995420199,0.08862060045111103,0
1185470040103298988,0.13267240159152338,0
1185607961337001665,0.02589679933199766,0
1185632698494973707,0.006371682352145964,0
1186177119755365263,0.2568736207559379,0
1186184887466565409,0.7783100822606248,1
1186206258613223390,0.7821710139744448,1
1186211307589561873,0.7858838547883907,1
1186221745572681061,0.773030629866613,1
1181933203630652428,0.802888107633627,1
1182028248963470615,0.2260520752458089,0
1182031921680617824,0.028945083820039217,0
1182210505899484216,0.02384623770565092,0
1186225358759444675,0.7777981650271385,1
1186229473688871585,0.5086570162418317,0
1186229966064384156,0.7810626462788073,1
1186233886414085869,0.7739670848524285,1
1186244059405953744,0.7761065091908457,1
1186246679940530875,0.7760148431949563,1
1186253206194178259,0.773449042083584,1
1186267082991370791,0.838196431469398,1
1186283652746445708,0.7746822467053858,1
1186285429282188251,0.7870451234279526,1
1182265707529841031,0.2716045623862186,0
1182515210285703931,0.823682577863305,1
1182586492072132778,0.39618433815998405,0
1182647495771890748,0.772312694832857,1
1182652033696961033,0.7883613665662014,1
1182655880647889045,0.7835952612650956,1
1186289505460428535,0.7817083590056865,1
1186291510965460221,0.7788841981182385,1
1186294785158223953,0.7764714901814792,1
1186304102999419420,0.451354083358901,0
1186411363056506266,0.3750048746063816,0
1186805962669590822,0.4323018620752112,0
1186890014630731893,0.8250563079700436,1
1186894907130370127,0.8261413389620663,1
1186895527783667273,0.5185152749388037,0
1182681537144438648,0.25462520183669085,0
1182697122297144172,0.801484253610411,1
1182703112092638753,0.03360417613537739,0
1182793483521637790,0.03078531303921908,0
1182830975526020254,0.7768136321910931,1
1186897872833466048,0.8238066460622272,1
1186903416017684192,0.7824919138571363,1
1186907711168319762,0.7796720606423879,1
1186917190724228634,0.7900269944194827,1
1186920458341667614,0.7829505432068588,1
1186923187535506741,0.7833395645355313,1
1186926990527101195,0.7889063740922414,1
1186928155424479590,0.28723382175321494,0
1186956319722004438,0.8210916709741366,1
1186965891928429911,0.7761980063254563,1
1182959878956973304,0.8007991229850872,1
1183112253545124012,0.7769850121969069,1
1183290796056119188,0.01185904239585691,0
1183310711479885104,0.7775028291871778,1
1183319735897163640,0.7957324047324491,1
1183321390502234381,0.3969380495905099,0
1186971337208734740,0.8316956414512199,1
1186974941555002497,0.7806458247521068,1
1186980205962754045,0.8233696549239842,1
1186983929679899033,0.7756464792351471,1
1186988763745622430,0.773030629866613,1
1186996024281690777,0.7753684052054568,1
1187010760511968299,0.7798591436632687,1
1187011379475488112,0.7719018057368099,1
1183368684574476418,0.8304371656118076,1
1183372612053771614,0.7965137664116843,1
1183377231211268635,0.775461269236981,1
1183379533723856621,0.7850716809445522,1
1190417717213226689,0.7869371053537334,1
1190418190586588457,0.7851904737732848,1
1190418735130553577,0.8107877706975773,1
1190720365754919235,0.42778236822297633,0
1187203236481708968,0.011280244985801586,0
1187225034841477822,0.43719278778256365,0
1187229111817119034,0.36482321915999444,0
1187403743415458726,0.762635128506926,1
1187427570632978490,0.754687339454725,1
1187611508857108659,0.8053468904245034,1
1187612697684877091,0.766389120680689,1
1187614420725323124,0.8189593777453661,1
1187723295314942476,0.5331448199751522,0
1190765411679424297,0.2570175982577811,0
1190846125102630968,0.7980095129518873,1
1191240975339905970,0.7761065091908457,1
1191250949783508128,0.8243467716082816,1
1191251742126662583,0.7850716809445522,1
1191261637583240906,0.7850716809445522,1
1191265993878404967,0.3975161881797083,0
1187755743089598473,0.8217710665774253,1
1188015017416675461,0.01239410261601399,0
1188152660591876033,0.7482945874120197,1
1188328691952819508,0.0189256145593085,0
1188371603911979496,0.8164768841723298,1
1188372056540438124,0.8058816458495693,1
1188374111579094447,0.7496222271441237,1
1188378599808665872,0.7561730057360014,1
1191267735997569390,0.777258927995828,1
1191268838016424331,0.7845292454410024,1
1191269855152658541,0.7716951391375089,1
1191273268316679015,0.7767434744037678,1
1191277459027740241,0.7675216211046185,1
1191282094787106940,0.7665768503299898,1
1191302235718818816,0.36530084488300585,0
1191404739326003541,0.3820478351032805,0
1188405272107891640,0.8389433244152479,1
1188687698590570988,0.20276015217094276,0
1188735689193002615,0.03868847244295854,0
1188765896977220359,0.03919089197892298,0
1189069319929009121,0.3995044053233036,0
1189090141950355435,0.8428616280323717,1
1189119030022037306,0.5156808559944281,0
1189156163386130941,0.808651259341289,1
1189209637757788097,0.5124530964956663,0
1191438920665329397,0.8224535913886194,1
1191446029077844516,0.8419472427268754,1
1191451705516917532,0.39416601833429027,0
1191497840686809606,0.49172237335256497,0
1192038715281934580,0.8064125113774275,1
1189243425411300671,0.30134594776791945,0
1189245776466739977,0.43340744492794236,0
1189268427790672748,0.29060934595885063,0
1189291449899303109,0.22936381395550956,0
1189294356665369380,0.8272495563202199,1
1189445665503919899,0.0559371504755588,0
1189607875105675383,0.7698124348606747,1
1189608306724069531,0.7657524639395533,1
1189608984448418768,0.7788306653475343,1
1192680944233810638,0.8628341239204563,1
1192777768092030914,0.396588302366703,0
1192828515848213902,0.5004678730284997,0
1192899750875253463,0.8088561883140184,1
1192903501898923056,0.4396000040073742,0
1189621467718975021,0.7835952612650956,1
1189624020069286881,0.7873635326881983,1
1189624444619088028,0.7635317720209388,1
1189624960113136394,0.760937181034812,1
1189626679659488681,0.7659890988564186,1
1189627566958098297,0.7777245244182005,1
1189748843602025370,0.472568878962168,0
1189811230878500547,0.7847115073173773,1
1189811724962540290,0.789181837841596,1
1189812606516620646,0.8240787872671399,1
1189813049510553866,0.7716951391375089,1
1193016130087171760,0.3135679266319205,0
1193068036013405081,0.43179766999756164,0
1193185407305022023,0.7919783163708549,1
1189815988494380034,0.7743769247350771,1
1189820404103982633,0.04750997168388369,0
1189826259396155402,0.7786695367468516,1
1189826674664169656,0.7739670848524285,1
1189827119365775359,0.7769019369089147,1
1189832856499476492,0.7647247816195797,1
1189833293292607643,0.7770807559269696,1
1189834379096940447,0.7788306653475343,1
1189840575806259668,0.44059947459431376,0
1193544361676194650,0.47083446405989793,0
1193615199080005457,0.7777433174534794,1
1193625058642108187,0.7750483908878678,1
1193643218257629313,0.7724233235951247,1
1193646665023875066,0.825873325561289,1
1193857334713467562,0.764662901432835,1
1193872319230632829,0.7203654798691529,0
1193872375639043571,0.5357309377683587,0
1193885377699966316,0.7645767342023501,1
1189841883708093535,0.7852496365727254,1
1189845545039028083,0.7642283703087601,1
1189847458496192396,0.7770807559269696,1
1189847911780845818,0.7842839231738856,1
1189866576794192982,0.7655138918690794,1
1189890756474213661,0.7714983334597902,1
1189891638501593308,0.7859971014363427,1
1189893799929838102,0.7670893240460327,1
1189894271487681565,0.7788841981182385,1
1189894711332118415,0.7650916375649286,1
1193901064978829130,0.7645767342023501,1
1193912807837558388,0.7645767342023501,1
1193932979738344779,0.764266150705685,1
1193941057043056157,0.7637262496850018,1
1193947075663108602,0.6458873016468092,0
1189895166919687156,0.7877915444983261,1
1189901839042752812,0.7788306653475343,1
1189902329602432682,0.78914754024106,1
1190003667888457875,0.43815556538462075,0
1190027079723501790,0.7713476142469323,1
1190409231701709002,0.7784552099246195,1
1190411185465042007,0.7931377695096775,1
1194298359415348242,0.28683826373153465,0
1194347621025057442,0.6225360474483682,0
1194365050158760459,0.39388783138457967,0
1194458269999890435,0.011190584155350833,0
1190411624778066464,0.7830158439551073,1
1190414718192430421,0.788767706723145,1
1190415199001853873,0.763338884686867,1
1190415652281018854,0.7795272435244703,1
1197239116836336271,0.09659182712973828,0
1197284752024889416,0.02060979001708392,0
1197301200332876597,0.8462132086379969,1
1197426546416934859,0.839624397541033,1
1194952629145660267,0.38518356983165675,0
1195285672281327232,0.7013088723710953,0
1195554348855678026,0.8238548417395646,1
1195786673178332789,0.01663627056545318,0
1195877462949588986,0.4191040244270039,0
1195915665649727141,0.12960606568282992,0
1196346309498202769,0.031089637867883435,0
1196371809643493350,0.7721069038623576,1
1196497464450421916,0.8109269854577217,1
1196497724931928899,0.32370928994807335,0
1197714063298372139,0.8135353999433844,1
1197752800400457659,0.8007709630773522,1
1197859177973871671,0.033148922045064685,0
1198100494592953253,0.13648122904049625,0
1198446589881571134,0.2356327800370433,0
1198500125276158572,0.8064005503009909,1
1198605237182538563,0.44240720833398184,0
1198752324486006811,0.031680702796452125,0
1196581295094457018,0.3998912519200487,0
1196631230237452581,0.29826120080009244,0
1196675137374418456,0.012832161816272773,0
1196970749315364301,0.7505724971776131,1
1196971045286992063,0.6494379035782009,0
1196971303099836257,0.7435805634975663,0
1196973839793088515,0.7491167642934334,1
1196974278615670318,0.6303734512088465,0
1197069668924931193,0.8224931369007945,1
1199057519268952231,0.7519660852496263,1
1199223583280378178,0.8189284916547549,1
1199238315180836789,0.5031098149076427,0
1199316153670600111,0.6427905045829387,0
1199474355907371585,0.05702482940048162,0
1199514138140820676,0.5171652866678136,0
1199925122294872339,0.8045040949146693,1
1200095554682154611,0.27936018981369104,0
1200238572259388527,0.016088897000184208,0
1200272569093940741,0.8274423884429173,1
1197166479464460452,0.024863493880869447,0
1197179275483826957,0.8094027444554115,1
1197192193855074712,0.8434477078410882,1
1197202407680659490,0.3862787369883123,0
1205407005547534596,0.4998690830496399,0
1205761267577581112,0.40204156631619514,0
1205846917993439171,0.47370170253913196,0
1205856768223692759,0.48398563112049725,0
1200982419378873635,0.32795142388880044,0
1200992643181522271,0.8316393751277746,1
1201021216831769703,0.013492725195305984,0
1201240426079642960,0.802176471485588,1
1201356664154626666,0.7523938460481291,1
1201356959261424659,0.7499053231222277,1
1201396044908809476,0.8073846002231717,1
1201402452557052662,0.8262595262251543,1
1201426089760148048,0.8162194750464167,1
1201430587365403850,0.46593218323736285,0
1205882392275820490,0.809834736353854,1
1205964796674918300,0.8169578490476422,1
1206400888255924929,0.009702928626267038,0
1206481896594390866,0.013864090642595086,0
1206599900300233850,0.8376948569276564,1
1206600264709144485,0.780995143109477,1
1206607880457066001,0.8097961458071947,1
1201497791734624120,0.7738261415392174,1
1201805249658735257,0.3318639129089382,0
1201829528892562305,0.1583854903425221,0
1206638234808543597,0.11474775645278193,0
1206794730066104766,0.8187691953335298,1
1207237382385354348,0.04534128631016114,0
1207253678620673118,0.4177425464902859,0
1207255735610396160,0.8183487437267531,1
1207354160354048378,0.3646501250729634,0
1202758098779011307,0.7717552255127783,1
1202792274113175634,0.7717552255127783,1
1202840148643068975,0.8059967520250177,1
1202855728088668360,0.45893940641568703,0
1202858312395834138,0.8003518350883654,1
1207387145759617094,0.5293043860437227,0
1207455129932342740,0.7979283656054793,1
1207507693046187578,0.5398461013743693,0
1207519278056487318,0.8024161893395981,1
1207585830368402592,0.3679612178895353,0
1202954717657524854,0.4615892386624303,0
1203013581191133386,0.7716746048298351,1
1203101908839088892,0.834411328312267,1
1203223866662961187,0.7982584506174594,1
1203459644478058216,0.8040462714477162,1
1203564246582112713,0.0506216492644471,0
1203607162308243976,0.31582058207824004,0
1207646965219587128,0.7647485696270304,1
1207806421010100811,0.030853855868841856,0
1207853186170107041,0.45620322791014,0
1207958356004096911,0.8091685401247213,1
1207961923628995720,0.7649184312789735,1
1207976838916835904,0.5363532383843942,0
1207988633089227239,0.7631760349922994,1
1208074934904626929,0.8068597267116843,1
1208099973553742658,0.04589040735394306,0
1208128367862084764,0.28908817311560214,0
1208178944493199800,0.09045121400806566,0
1203626121096834302,0.06431375801705405,0
1203665176351727628,0.32353698797685954,0
1203710607479353731,0.02754972533901807,0
1203866180302079266,0.7905457736159632,1
1203920929030589683,0.8261754481620747,1
1203936636043065935,0.09167410736319942,0
1204302723720539452,0.8428367368363077,1
1204321560216273846,0.7716746048298351,1
1204336780713356924,0.8342613331070514,1
1208183506604880870,0.4520098590517047,0
1208241249110457793,0.037183221069950596,0
1208309708380416196,0.8068050771267652,1
1208318723858094342,0.808854149620676,1
1208376265583829139,0.7671312698402116,1
1208543720182634795,0.01231258663990272,0
1208622670943587365,0.43178530306991186,0
1208640642572493071,0.9003362399923258,1
1208771172890765736,0.42758010983937783,0
1204422788764652410,0.7716746048298351,1
1204424191855903551,0.7716746048298351,1
1204424467253452631,0.015529223188212583,0
1204425369999207217,0.7716746048298351,1
1204771167699076347,0.011359225532979318,0
1205037267836955281,0.7777862261092163,1
1205042267607786934,0.6915332450660472,0
1205048660046515301,0.7968326195374165,1
1205049196183731564,0.8035301649798049,1
1205056344990896189,0.7654495788061861,1
1205066411396278345,0.7650026356910014,1
1208775987732062681,0.04981430626731099,0
1208968104313361795,0.39481997806241786,0
1208976031067032954,0.40840269234810356,0
1209084126239624286,0.7764080550081447,1
1209390906014800200,0.06116464328763954,0
1209393633569416487,0.014935321846248802,0
1209395778771475659,0.42649130176416367,0
1209409816457893647,0.7203611211489374,0
1205073442837466959,0.7650026356910014,1
1211632114992944986,0.18729480279914315,0
1211672157763868406,0.4215170554814165,0
1211758820311009120,0.8116247714518312,1
1211771041566767986,0.033904597841382104,0
1211817562712075496,0.02327411203425078,0
1212264314233147082,0.015100861821769795,0
1212276901648969170,0.8314839008378128,1
1212288924457892432,0.7988600069541425,1
1212347883190844815,0.8135361621769267,1
1209449712512819453,0.720359355336832,0
1209676112847837893,0.010380184611012781,0
1209762126227348383,0.8246535527683863,1
1210002564144340543,0.38662132468785443,0
1210054863016150123,0.010999259331618085,0
1210072001477754899,0.3970525135992683,0
1210340064102917621,0.7927336052311196,1
1212360154333639901,0.6522132698718841,0
1212435254401889413,0.48793668183568567,0
1212477898608171624,0.011090928080638426,0
1212893880121060294,0.03552356335374306,0
1213078962610312802,0.8074230932598085,1
1213137843027383282,0.8134274161899843,1
1213183078948607983,0.8102532996479946,1
1213210056918462988,0.8024161893395981,1
1213288727949202646,0.026973153465148822,0
1210342922025144923,0.7720760335434281,1
1210344755949601767,0.8359332519294571,1
1210389969928838331,0.7825802879581732,1
1210405344971565733,0.7797887856166753,1
1210411941311186494,0.16014586482756743,0
1210985381930563242,0.7748617195853554,1
1211051853015973270,0.8071111291050961,1
1211075863285668785,0.027640915582720724,0
1213301762411378760,0.859265034048348,1
1213312688643568568,0.014254085687180455,0
1213384935138284062,0.3215282367719639,0
1213425687995363001,0.12888294706832518,0
1213610526930326115,0.7823791199118805,1
1213627489640171136,0.8127905288000493,1
1213688904422343086,0.010415819358484136,0
1213689725021251921,0.03171525724452551,0
1211253830721220762,0.2988299595442163,0
1211440603017197851,0.8126463131367015,1
1211450180362619428,0.7517819762925121,1
1211450411456895613,0.8251104212530499,1
1211527213766088409,0.5802548445738189,0
1211539828374899678,0.37442344216983364,0
1213689867762090159,0.015131941068424989,0
1213689943023433475,0.03498484846280116,0
1213722628230527276,0.8123925102064743,1
1213757375894958330,0.5096130756077086,0
1213762639596599602,0.04023817500819967,0
1213830900403046409,0.01529589629765328,0
1213869313778119278,0.8121828735990937,1
1211608172160011490,0.016271930390292687,0
1217279784872684048,0.020880797553647606,0
1217325913584495563,0.813159094493388,1
1217369903000424628,0.45515259990143636,0
1217377258149578928,0.42153813085852215,0
1217386314089542044,0.7532756013845666,1
1217394271595088216,0.28121383393059446,0
1213918539223846664,0.009682119025430097,0
1213938382576828150,0.02800055342204659,0
1213993998633059525,0.12597318752586403,0
1214007448847086508,0.2620177518832014,0
1214181323231993112,0.014177117540426701,0
1214351541513386808,0.054159334977975794,0
1214466941250847143,0.09035784805094806,0
1214471070419041932,0.7525449017669674,1
1214478155363843346,0.75668289002311,1
1214478558280402548,0.7511258541307719,1
1217429430116095120,0.4101245956224039,0
1217437532742323475,0.4177644435765,0
1217607135753821266,0.30991813662649587,0
1217677941637752924,0.8036633727043202,1
1217745573483593183,0.3401899229167842,0
1217932701715838628,0.8228497266430111,1
1217938964570924766,0.7492784187399582,1
1218036824082270852,0.867180866852827,1
1218036870155600991,0.867180866852827,1
1214478928294155994,0.7518281406164332,1
1214479406267736723,0.7526938278554791,1
1214480664229985253,0.8115206183037005,1
1214486311067293119,0.7556539942500052,1
1214486987250117811,0.7507907176947214,1
1214487278089765906,0.8144898396178655,1
1214532369615046777,0.10072286930275558,0
1214597720283848285,0.48885027377185514,0
1214609022039143562,0.47454630013984717,0
1214636499668232791,0.8069258522853041,1
1218127598324156328,0.8158488580058707,1
1218133204010939684,0.006535108325242914,0
1218149139595159967,0.7601722208178131,1
1218224753396813374,0.8135395591568242,1
1218439205588842717,0.009438218085594512,0
1218692786582615835,0.435918171769746,0
1218791045034994904,0.5712415420202077,0
1218791392477263589,0.7633563003443854,1
1218795036729289748,0.8096384520973675,1
1218841378662582872,0.4798890259605218,0
1218845399095529002,0.8028020689965554,1
1218986470947678882,0.7994547677118988,1
1214703376004678973,0.3526270935530343,0
1214733721737055618,0.6677100686666954,0
1215125404349939405,0.8109843284847137,1
1215224488371019100,0.18457309272832376,0
1215284534623966283,0.39468321411676743,0
1215828458765595564,0.7960033590241814,1
1215883954729701156,0.3922796908672893,0
1219016339909757511,0.37854383407728176,0
1219100207830329728,0.02268856654364067,0
1219216760016753934,0.3191950535364124,0
1219585714107198771,0.7729475047557021,1
1219603028752164840,0.3888688573466974,0
1219610547001943684,0.3825575090646249,0
1219610634967902800,0.3439176580805646,0
1219625120232103133,0.05444284394653938,0
1219646524673933372,0.7659966391765596,1
1219756010828425878,0.399992030416823,0
1219761487691460780,0.02221733182999989,0
1219972839146493519,0.6664462778607257,0
1215930899551057941,0.774674600021234,1
1216035212519458837,0.7705962208243642,1
1216186927652289717,0.032277823600200664,0
1216441085886573375,0.7480695892413433,1
1216557850438762479,0.8109269854577217,1
1216589694179074357,0.8887202266110175,1
1216590799837992383,0.867180866852827,1
1216590837884600772,0.8717613465388584,1
1216638378553440827,0.42873122687417753,0
1216800334136638204,0.8070545074066503,1
1216854624177570316,0.009196331514983426,0
1220824017812826327,0.23874054440254744,0
1221005306336413485,0.7783946625922876,1
1221075409723204646,0.4777235920271895,0
1221111591131392265,0.3888047370881004,0
1221117399927746294,0.06475805748679547,0
1216871952367896427,0.03643493687655895,0
1216903455474154558,0.7933923096612453,1
1217265622240705335,0.7805537145240894,1
1224079069637556316,0.05398944279390979,0
1224117475056038174,0.40592641181246725,0
1224383436224814398,0.3047765902976462,0
1221121511065735881,0.060808347064884125,0
1221699855812557434,0.05652635711355571,0
1221732669615197799,0.39722495903989574,0
1221844217141658479,0.010993820163929904,0
1221964478279754685,0.7718001835660628,1
1222086729226668669,0.3578126040598411,0
1222409533615093591,0.2124079153688349,0
1222473226143955232,0.042294769677609784,0
1222591481786116267,0.8225496498783034,1
1222649687906738325,0.7949364017470815,1
1222662611695705618,0.7989890865970657,1
1223011626105182643,0.4242090315210265,0
1224416899415264230,0.38424397907561,0
1224669778509527662,0.7800661866267798,1
1224701359485705064,0.818824139256191,1
1224926078602284406,0.28486730182246445,0
1224933353394487480,0.4234712182423454,0
1225482382890787487,0.7610470294454511,1
1225491538755543141,0.7798226690618559,1
1225516025725899603,0.18469076152868974,0
1223036077341645395,0.8454392624461633,1
1223189346800417421,0.7974541733057178,1
1223195720648219047,0.8064359007181914,1
1223219340695988918,0.8064359007181914,1
1223221380208595577,0.8202330413158629,1
1226237301132622479,0.036875355567936245,0
1226300509152734855,0.41916598587599485,0
1226755115355469374,0.2627085782978448,0
1226759364639190356,0.8268763772644026,1
1226759499890819869,0.8268763772644026,1
1226759636436736143,0.8268763772644026,1
1226759753772948489,0.8268763772644026,1
1223222988707279431,0.8064359007181914,1
1223224171657956620,0.8064359007181914,1
1223346598311208330,0.7973241706979434,1
1223348108167163014,0.7926941691150213,1
1223355274982359953,0.8008925617208273,1
1223359571102589369,0.8008925617208273,1
1223367356327883335,0.8018504498148132,1
1223535327602999644,0.024750674270576336,0
1223778708547663301,0.09878335991529219,0
1223798370173976399,0.7767315433672582,1
1223908931949225892,0.8438262350045922,1
1224070827522419491,0.4842357460807161,0
1226762740359020857,0.20218232404281986,0
1226780451927503437,0.35967477528400765,0
1226785506608965761,0.4034397413310089,0
1226793157066719945,0.20927406906806148,0
1226804576164978828,0.8064359007181914,1
1226812479353670317,0.42506156391098376,0
1226819691395177235,0.8007804118196086,1
1226822606875887766,0.8058002964959823,1
1226899584080273038,0.05566688850876681,0
1226906785020333029,0.27133522379057745,0
1226985080764794321,0.20041399018352993,0
1224072616282673348,0.04075097113425213,0
1224073554655958276,0.271613201149919,0
1224074648512628836,0.16116488691744368,0
1224075612952225334,0.12008717083917336,0
1224076540419059623,0.11173053184403833,0
1230433383851013524,0.0468577489447924,0
1230456467253112427,0.013395146752698225,0
1230464737360638283,0.5736769991644431,0
1230594086080778065,0.3456027652958558,0
1230687238569474464,0.35856757209338497,0
1230779489579019010,0.5388640462821476,0
1227011006426506312,0.7837443385349714,1
1227311058043740187,0.8241561519523743,1
1227362166997664136,0.018070473046288605,0
1227524153620436301,0.04333597851269142,0
1227616751915023600,0.038623753946664174,0
1227638698091115238,0.7721935034140833,1
1227818000807916145,0.25901966344391075,0
1230800439159310475,0.7716498809222331,1
1231144645173836006,0.31087381574263767,0
1231278871716422945,0.8070703800116447,1
1231905038370055370,0.3119550050553294,0
1231928660362309154,0.8145177414951853,1
1231957944915161552,0.8404341376908939,1
1228219156600528452,0.18016872135447315,0
1232143141342015494,0.7911900566550963,1
1232165228974075906,0.5042601086220364,0
1232501562663810691,0.782962367430909,1
1232521814491370029,0.8231711798043843,1
1232581865724727224,0.5025123528011196,0
1228345176676845327,0.01073755572347859,0
1228359645034743662,0.5258328209322046,0
1228535553011702685,0.7547151461357892,1
1228565276593542354,0.014156459448730858,0
1232732872159054205,0.7972785164208239,1
1232815754802641772,0.8430922160300628,1
1232821948424238577,0.3279922043720466,0
1232863059744383368,0.01628033730787271,0
1232950687599154027,0.3179987774281335,0
1233214287379071861,0.03124471387765013,0
1228572518384548374,0.021465703004370756,0
1228576821149395610,0.012775675019915876,0
1228964974938045346,0.4785731884531639,0
1228989876364419183,0.8008737932893829,1
1229023902731509556,0.11668044154522114,0
1229047776128463972,0.8490939890792399,1
1229182096342551645,0.009290882536055863,0
1229657495609120588,0.5801611033550228,0
1229669742898309870,0.8212759277722579,1
1233319874863533924,0.8080005365928443,1
1233462337347072021,0.3995044053233036,0
1229670048587573999,0.750838890777755,1
1229818318710358962,0.8252354244830874,1
1229818908920654651,0.04805738036365152,0
1229887426591375584,0.8419804826854886,1
1230013531084210418,0.032774474549283464,0
1230157735855856971,0.8042765196890511,1
1230393548626498362,0.0330491454133965,0
1230413477536936223,0.023650572456771317,0
1233741840559332037,0.02032663964141129,0
1234061754979115773,0.4101245956224039,0
1234105027643190339,0.04969313907146887,0
1234209733802234379,0.4560799562511954,0
1234307947495685618,0.5181689720423845,0
1234329085499860302,0.03434877756593058,0
1234343699153118755,0.024918154838723013,0
1239167862033952950,0.7261398396176675,0
1239170788895555224,0.47734972088979255,0
1239370492697136449,0.7914455688421955,1
1239374670682339156,0.44015695184971615,0
1239425515849164865,0.3604503772616531,0
1240040994864113191,0.3857263767179169,0
1240067700548682182,0.41244714989715336,0
1240356331100402597,0.8126539428599583,1
1234370192919720687,0.7756472083147734,1
1234694640935764120,0.8115550885384454,1
1234762276793313957,0.027274659555933008,0
1234871801934577004,0.8064693087406507,1
1234877711816338777,0.8064693087406507,1
1234888929469835175,0.07769926278838112,0
1235717649151249045,0.7839080925278432,1
1236158450250691279,0.5447257564287232,0
1236476356945693101,0.8028017128170637,1
1236537387132575664,0.4812546542039856,0
1240662626849425984,0.015440626623785389,0
1240781192769856007,0.8428317268689888,1
1240902102261861994,0.04236521403244991,0
1240907389087561186,0.025593599754588543,0
1241073818947566837,0.013341453068607725,0
1241089095491325338,0.009140033866319768,0
1241285636941190175,0.3496158169890412,0
1241470878700755751,0.02230389464691832,0
1241539695216902236,0.20716730808180514,0
1241629765839746006,0.8008737932893829,1
1236545710562306407,0.1246892377965732,0
1237037613580430646,0.8214587823331838,1
1237094641902152706,0.02032758059828788,0
1241669919430658505,0.8390076011690312,1
1241917853326744032,0.017334242019850073,0
1241918143091745981,0.058437297313083385,0
1241968742982202541,0.8244674654415798,1
1242207256270289189,0.06505382236703852,0
1242207711854330557,0.04953651799425227,0
1242258674913144403,0.08216261491464198,0
1237259153014799084,0.41746453716624504,0
1237893377105897865,0.8104618828759718,1
1242322845253173583,0.7653281232362724,1
1242656828526993845,0.7491167642934334,1
1242756633514883112,0.793808349346088,1
1242804070146614563,0.2507932991046301,0
1242814148085548720,0.4223098946050073,0
1242898939814869156,0.018721262626616445,0
1242903460753382148,0.7579977728230856,1
1237994099610950743,0.18288846285806143,0
1238331353606952943,0.01596520481932755,0
1238331693437400297,0.030860492680379742,0
1238460317945560829,0.3489078432173076,0
1238533278398374867,0.37833519693269535,0
1238545750632884261,0.8353309916947783,1
1242940147823631932,0.019073025485010622,0
1242953196053247081,0.42355401738931026,0
1242992636408069849,0.4197092136973675,0
1243439250383188600,0.022879708622868145,0
1243439296025850039,0.2800481191351159,0
1243476091823121246,0.7725620374701236,1
1243527377526506606,0.3818285523374881,0
1243539702549842669,0.7716746048298351,1
1243589400344031947,0.060310579418876485,0
1243613478682097482,0.06249136466172306,0
1239075154633998807,0.8247527567096864,1
1239161290493617093,0.1543541600330103,0
1239163475555358770,0.016218861280952422,0
1239165143018334568,0.38694744516484847,0
1246477580102196956,0.2570339581428516,0
1243635476218013219,0.008319094808282421,0
1243734903294281202,0.42765685195659764,0
1244007458259952492,0.7949364017470815,1
1244098550844777484,0.028307147188274585,0
1244129048202280762,0.45565637952740295,0
1244147773745269233,0.6869431312451542,0
1244147868043244964,0.34187595377729185,0
1246746701180152888,0.7705962208243642,1
1247082873380050094,0.8312013707203165,1
1247111384674319996,0.2976521120916629,0
1247115723682800959,0.8116811866407642,1
1244162205661898758,0.7540323289936823,1
1244162477105434699,0.8124053208842581,1
1244163083306831392,0.7523176919362777,1
1244163261050221471,0.37325449020592916,0
1244163327486284104,0.8157562415375197,1
1244167203417941890,0.8046652849845812,1
1244172937099805760,0.011499927166415097,0
1247207074492505900,0.816313042283386,1
1247214693823909580,0.8111682721298464,1
1247311417899103123,0.7882453254559613,1
1247414956916920014,0.35605708494445415,0
1247715348604700690,0.8126708844471261,1
1247783381136542897,0.46057983763614874,0
1247794900160665355,0.3733937948082909,0
1247799629638270935,0.6869431312451542,0
1244315762211523437,0.1964287182455395,0
1244325659318422349,0.2354286095409429,0
1244401509492552499,0.5238037059754909,0
1244411990744785743,0.7794350294651927,1
1244885664283966764,0.4862699354650932,0
1244896024095954335,0.46181202664564336,0
1247827401872114514,0.8343211034669632,1
1247850970028477876,0.7314648799784501,0
1247874544812501358,0.7721935034140833,1
1247875422671960850,0.37757805677750206,0
1247879235191137452,0.7721935034140833,1
1247880100380638606,0.43469780341282094,0
1247954361099430605,0.7640521560072561,1
1248058698381297879,0.4213536859354404,0
1248074994570962558,0.1774961082101469,0
1248159401384477563,0.20382425528214151,0
1248190326319487839,0.7896845955989134,1
1244904829341716761,0.5163408626760229,0
1244924585626295916,0.5097094577200191,0
1244931205585338425,0.8132836653814974,1
1244988330818654502,0.8301392525373291,1
1245074983422827345,0.7668392994959884,1
1245603696489176717,0.8469395911710116,1
1245656021841386552,0.17253983540452936,0
1245904390168923183,0.7546956290878273,1
1252451165029445196,0.029608838352815206,0
1252456264062692443,0.8362931146787409,1
1252461149484283550,0.4212158805608532,0
1248425634913103767,0.4923337327222156,0
1248566167772196141,0.21413910516777934,0
1248604991584264331,0.07013391795229268,0
1248671291414510463,0.02651958990088092,0
1252473971468254993,0.027456701205457325,0
1252495926010594208,0.832994243548963,1
1248674042061607401,0.21244788669989223,0
1248720851139420977,0.8250878737455932,1
1249202254384207505,0.7492784187399582,1
1249221352694050295,0.011791494260509702,0
1249320025783707099,0.009001024869736652,0
1249322572045047561,0.03989627814429813,0
1249338724924728010,0.059024217305064526,0
1252846561929748602,0.8331502460229442,1
1252928881088321749,0.18194331077646617,0
1253006232411378125,0.47147926729120176,0
1253045441873124439,0.01728362139229689,0
1253064537376878429,0.5421989249567044,0
1253074284739739727,0.8052493646441656,1
1253076398641184626,0.7940198535677816,1
1249409662573500520,0.4257526287516981,0
1249885175886103818,0.059461883497785945,0
1249885477081983500,0.38094926699653586,0
1249885513565135493,0.010681409780493381,0
1249939338375173038,0.7565396669030031,1
1249966230347873454,0.46319451877001466,0
1250049815657627966,0.37001500906074286,0
1250133397486432315,0.4025188623248103,0
1250139580878125519,0.7815697169770275,1
1253101652315725220,0.4137768749587753,0
1253138154486113310,0.19802502159382793,0
1253378851257541753,0.7774202243026761,1
1253587843589977678,0.8273216774591496,1
1253619776470486222,0.397215532587525,0
1253637197155495149,0.014508815044083379,0
1253661560227470722,0.7721180238272316,1
1253665075484578179,0.7721180238272316,1
1253668739384037210,0.7716746048298351,1
1253669986791564318,0.7716746048298351,1
1250152795136898699,0.47415699820265256,0
1250291976263903776,0.7949252051602873,1
1250311553581512433,0.10863521639056484,0
1250351804101372452,0.353685257667796,0
1250415588517175726,0.015712575558393796,0
1250715534465316749,0.22366628408866848,0
1253727555237366134,0.8085909186737372,1
1253795479147635729,0.8163465679934275,1
1253914461496904082,0.8235736017744739,1
1254249393302749237,0.8217618025610678,1
1254252187259766388,0.8106083950273983,1
1254346667929650557,0.43275745431287516,0
1254363600722938187,0.31123390584794125,0
1254401172970301687,0.5475107556759151,0
1254481492952377602,0.2305126545831425,0
1250785543979843686,0.009230071888400474,0
1250815585042492751,0.24586822412662604,0
1250831859693051649,0.4107711908606646,0
1250959938354495705,0.026267924220670057,0
1251484612814010193,0.19330985470474613,0
1252024900650856172,0.15606345350151038,0
1252107172468902649,0.7871183219573846,1
1252107560022918034,0.04126642365598098,0
1254516556438125642,0.8058544541784197,1
1254681143607226822,0.05564056552598811,0
1254917685336216399,0.06745818000013731,0
1255004447234170344,0.2834324933393913,0
1255027777125791984,0.8125850171390885,1
1255050913206140074,0.021142546074459218,0
1255118246900436171,0.8445049303452367,1
1255128131468529380,0.5887010563934505,0
1255183631506767909,0.7950030785496205,1
1255710872456259651,0.779626050312642,1
1255803889784021915,0.43634488763904244,0
1252131792844223502,0.497992562910316,0
1252151005018387613,0.8051189891096032,1
1252174863417428839,0.2701885123791547,0
1252199797400381865,0.041434985235984,0
1252209961246992450,0.5035357500203417,0
1252259154925420650,0.5052781583751188,0
1252259291896453030,0.7287363859411532,0
1252413066242522626,0.036504923379142,0
1258103879781081502,0.3855099261521452,0
1258122909837293497,0.5291797693848734,0
1255833962838353997,0.8334761426847612,1
1255885186796158699,0.3709473074079771,0
1256584718898593494,0.030337354853412258,0
1256696774596202074,0.01605520492100485,0
1256820994229299628,0.057175954934736595,0
1256904874797003635,0.7967285368544609,1
1257178258232634622,0.7688535147715743,1
1257237404957183130,0.8054478486211096,1
1257240094966294561,0.8054478486211096,1
1258130810353429291,0.2290386608144198,0
1258139686313458586,0.4938163843141889,0
1258209939848337265,0.39446239852996634,0
1258267990600001591,0.031312291345203754,0
1258294347905673882,0.23135414644176536,0
1257241136612819859,0.8084309374899018,1
1257242176597657312,0.8094939085555842,1
1257244380059919055,0.8054478486211096,1
1257283103113705433,0.06752955617228076,0
1258295273477036504,0.16935521829214017,0
1258549260606059097,0.829160135217655,1
1258574977252189061,0.17350622003836288,0
1258624899903340471,0.01603771315068457,0
1258664088087992224,0.49415447844262805,0
1258739292511720833,0.5350084101769007,0
1258792412151502445,0.5833559939941215,0
1258859657820234315,0.02006880676671255,0
1258919640023695289,0.8127999419694667,1
1258990448060451560,0.63452712380203,0
1258995260807014040,0.8005904147003957,1
1257287972746351647,0.010998995247313594,0
1257352297240273118,0.8176722202584847,1
1257386613173444315,0.8420542814745289,1
1257828763203524581,0.8197387335647423,1
1257864039876614395,0.7704608034746565,1
1257875127716268832,0.8125584782498411,1
1257883200240879706,0.8171916158973692,1
1259238929870324954,0.7199013881434816,0
1259265744366657456,0.7495081253516506,1
1259346787743465908,0.8334467979035733,1
1259349297009465905,0.7503519943244038,1
1259358644643820099,0.13561008373311265,0
1259446139253642093,0.825151243767215,1
1259556804038973191,0.35115605447092607,0
1259559725948985919,0.28419580784541354,0
1259564174733473738,0.8162128821298399,1
1259600739349138869,0.8552477418829629,1
1257889081334810242,0.024625063501101194,0
1257965787766429833,0.435918171769746,0
1257996235267745870,0.8015597600015376,1
1264336522300213263,0.8200006092323363,1
1264463097113457641,0.3082040832220378,0
1264487349748909151,0.1900856609302445,0
1264515289633071842,0.2801740892386676,0
1259621317677057016,0.776033994621816,1
1259713131991061274,0.03204112067371645,0
1259717237108392138,0.8273318078851075,1
1259851855754285139,0.8200637378245766,1
1260146803649599371,0.40530362857401886,0
1260236683261653180,0.7935087432911688,1
1260357463058911445,0.23460742140784918,0
1260362557327702841,0.7939651066167825,1
1264556878473593913,0.32946423952791815,0
1264624602647804682,0.4989437366244378,0
1265121669457252989,0.2423716068539386,0
1265214142866615616,0.7966312851067928,1
1266014815917634997,0.274057663317675,0
1266050526914264495,0.27007803745529885,0
1266099614220985016,0.1461358768715768,0
1266221816823918152,0.3022150926666906,0
1266245822009648197,0.4205193166073353,0
1266643445383332317,0.8100043263734544,1
1260858320667905935,0.8205383568243476,1
1260915037346535831,0.8078625805668029,1
1261071280018778648,0.46031401525449467,0
1261574922893047594,0.38393066621230615,0
1261651974409238620,0.8528654355598009,1
1261823101160881526,0.2280105869837536,0
1261897966427843773,0.018413152163974527,0
1261914911656674600,0.022017138700087032,0
1262069500549467302,0.2512456055444939,0
1262203902763910053,0.8266202871721006,1
1262229944679607254,0.0626856972400327,0
1266664600275277605,0.20533982215924643,0
1266667267842633649,0.30143523629692026,0
1266682491308851581,0.2556148758878296,0
1266787305018735167,0.10223534395567599,0
1266794251371041592,0.20617612938689062,0
1266812732373818616,0.48827542482268294,0
1266965813831199997,0.05537214737463402,0
1267261047591892406,0.8636586870060055,1
1267386030421794104,0.3531908210795045,0
1262362961353389278,0.7788901660249519,1
1262392606853447214,0.01051236134842887,0
1262429443569707658,0.7953883345617916,1
1262445412425588191,0.4336847490628442,0
1262487468831421679,0.15696289068106056,0
1262515913062269902,0.8217783355554238,1
1267390765842861010,0.16176684685652457,0
1267393506454063866,0.33773892317387894,0
1267419739074836709,0.3443310748102299,0
1267441997402319351,0.006563716765592162,0
1267442159918193778,0.8050691443088992,1
1267444961941371111,0.30597597803376314,0
1267449405198185516,0.026878715789418212,0
1267502386529187176,0.38095831586422335,0
1267507175384078029,0.8250724022906596,1
1262669558765649254,0.058279922412441613,0
1262862334844299713,0.8067092987831431,1
1262879523737843355,0.754306502269875,1
1263037188459959385,0.4587441570063005,0
1263130277068338483,0.2685826938832009,0
1263149353051460149,0.49466052422281803,0
1263194938888022434,0.7863801937690073,1
1263227181565675061,0.27358279032735944,0
1263229055887420449,0.3828405111936145,0
1263231449190626200,0.8241985319636663,1
1267773974767348951,0.2708955364463992,0
1268021034388489020,0.8269066866074348,1
1268060771599136207,0.37972577170521254,0
1268116616149913985,0.49324675685869207,0
1268146645583849349,0.18738446144092635,0
1268229579050977079,0.8313682763005309,1
1268375002268643154,0.0905083304705927,0
1268379012796078651,0.7858145096905715,1
1263444991180968557,0.3350780942390733,0
1263621622649556247,0.4426178929284229,0
1263664664932631399,0.39747004456215523,0
1263703137945370807,0.4980420400383639,0
1263758349868059423,0.844202742758223,1
1268383579464213732,0.8457253817999195,1
1268429745017861072,0.7910497933258684,1
1268465861825875800,0.820885858318133,1
1268747298409857069,0.7827960691279254,1
1263817435303552137,0.5214689619971601,0
1263836565731458704,0.4929300756752027,0
1263845056327420894,0.4478559485555865,0
1263864982013283068,0.42856531321218333,0
1263907024375050215,0.029369876042516105,0
1263984426933497706,0.3923218379470655,0
1264002589926448873,0.39412193994613254,0
1264089062763645578,0.7874318844330902,1
1264218955602311221,0.7624043832152252,1
1264336109140021594,0.8195238145529878,1
1272090830944120848,0.24206012151977221,0
1272394631792431577,0.17488264013908306,0
1268782012785428865,0.6778347053093899,0
1268814871935282244,0.48208788574143024,0
1268819838970808330,0.5677308437211018,0
1268855545383944589,0.43584540889514717,0
1268857796709953729,0.8095984031426764,1
1268927362692556489,0.36537495949270415,0
1268950356586183928,0.007620956565690963,0
1268970552899584835,0.8387538718212336,1
1268971029526152451,0.7689779536129305,1
1269004912797968568,0.24142194422410082,0
1272471144938598757,0.8256544799486667,1
1272520998450886557,0.796235949954416,1
1272523137707415695,0.7977596719668,1
1272525324288177768,0.4650249615478522,0
1272532389343933720,0.46200379711086975,0
1272553847685302526,0.02261299516709046,0
1272561496572653839,0.8065355742304174,1
1273057132703639608,0.7486817090427245,1
1269384646230679383,0.48329932252743496,0
1269632299940546846,0.7710840724526942,1
1270374216025896711,0.7958755565084941,1
1270405869841506516,0.792476022008932,1
1270574959477241737,0.7797290167347625,1
1270603216365109303,0.7503155270512682,1
1270917903320485839,0.8384377747828582,1
1271084693192776630,0.8338723934216646,1
1271108885421186646,0.7790252667270428,1
1273057459599805099,0.8128118211103609,1
1273130357269006929,0.7628201180536908,1
1273217040868413375,0.7808292057704767,1
1273239150338408058,0.7601252660096276,1
1273264356481916955,0.012822594000865564,0
1273264444294675676,0.4485300930722323,0
1273276578912529519,0.7648805592359459,1
1273296823713192279,0.35359035399929717,0
1273359886259634804,0.3099802852006791,0
1271119734962673829,0.7790252667270428,1
1271183066337962796,0.2929354173301198,0
1271709679323290053,0.8060127246037228,1
1271805643097825356,0.844243903178241,1
1272022641708356549,0.318565137617127,0
1272031813713037196,0.2896085779665498,0
1272034614019315625,0.3806758425214435,0
1272045884796246875,0.242999822332891,0
1273429017227572621,0.47663472845435606,0
1273876665856413802,0.5579974886859274,0
1297160329138804117,0.7630103765122369,1
1297277611175594752,0.8590350839017399,1
1272076657921142795,0.8197178393675641,1
1273887750459953967,0.46213671108629745,0
1273892061324035629,0.4676136242900406,0
1273895402587027540,0.4615066952357325,0
1273897940988961625,0.6040753063485731,0
1273901684572144919,0.7481828483348825,1
1273902018372064612,0.7487365158869884,1
1273902320926333163,0.8128118211103609,1
1273902714324988592,0.7505724971776131,1
1297337240229428020,0.46119354129126977,0
1297388751512103486,0.5087472149259578,0
1297422699209994514,0.06415243860338955,0
1297492109755858320,0.7928571784139375,1
1297822453324252559,0.060264299245529486,0
1297823716727648486,0.789446331966969,1
1273906310008098256,0.7808292057704767,1
1273911756517735255,0.8269597544840547,1
1273999441913457977,0.3523633191344841,0
1274076570220792723,0.8094767599063211,1
1274143776879009441,0.27449174386936787,0
1274200907157913935,0.8155981907887232,1
1274605231101485814,0.2644675130766605,0
1274660031840113700,0.8186589052056777,1
1297832286041209097,0.8158355405529276,1
1297857397437720044,0.4126903538183296,0
1297882854575565311,0.7994449753148841,1
1297900361924171425,0.7633019423173903,1
1297904562696647997,0.8358124677115792,1
1297916611687858436,0.3894080003819654,0
1303789015275349694,0.8064359007181914,1
1303792006148808804,0.8064359007181914,1
1303796688189367467,0.8064359007181914,1
1303812144286246878,0.39913393719048595,0
1303857126206577982,0.5099331631449089,0
1303859613356603180,0.48991528731537387,0
1303873258789253150,0.7729038222210339,1
1303884604226371796,0.014194826063803815,0
1303893043252717487,0.8233104204687246,1
1303917519314967935,0.01780349771741905,0
1304417138516106936,0.7960579778296167,1
1297920874380365861,0.009338506847661875,0
1298016667175046182,0.4697960958134295,0
1298068015400019203,0.45186332074237445,0
1298078346992867733,0.8157564803161558,1
1298087756403015038,0.8115481644451266,1
1298254618591900869,0.02510852912570222,0
1304442962560213681,0.8031508826036258,1
1304531452476802836,0.7645767342023501,1
1304542117160566883,0.03743970111171746,0
1304549420589033442,0.8008388959443273,1
1304556482432498977,0.5099331631449089,0
1304888327303334077,0.780261759038426,1
1304893383570136558,0.820768368165986,1
1305023398903324406,0.46508009537417255,0
1305059574266469232,0.4028689606770643,0
1305080302547425769,0.7569286613412192,1
1298456467463343286,0.8227791752929893,1
1298483154935061303,0.40428893719090053,0
1298553614369114796,0.45692026647420775,0
1298638325422963882,0.10094955572033742,0
1298736958709030142,0.7753651922739166,1
1299133904099985447,0.8095335603231762,1
1299194338143932677,0.813012792180098,1
1299222792779005171,0.804181221342562,1
1305092541518230802,0.016779534972021514,0
1305092969836556862,0.0037783991663781383,0
1305093690842228163,0.08042520387798348,0
1305094445506176270,0.004754710212550343,0
1299274159107059262,0.05797632130149695,0
1299369433716816792,0.7994816275748133,1
1299402622549412160,0.7698834769984019,1
1299405124262455022,0.8193618774757618,1
1305094594871339028,0.02353268604429201,0
1305095106716193497,0.014562374198408185,0
1305095293816213388,0.06246551092854622,0
1305095466098421605,0.01394384751026335,0
1305095686123663481,0.0133308812688561,0
1305096322826956646,0.011210758683494412,0
1299452778704619691,0.8551091855752244,1
1299491137291843578,0.4449485947288341,0
1299502297252861385,0.8418109173659752,1
1299667314297029836,0.2658679204824023,0
1305126466271364148,0.7893405547952366,1
1305127271309695379,0.04452912245234893,0
1305155395885790298,0.7905023969626711,1
1305175697577051905,0.802826557180437,1
1305216263895459156,0.8130528193294136,1
1305232994873379876,0.7999799683296569,1
1300568410346446118,0.8118884230101994,1
1300568695477078121,0.7513152151967748,1
1300568967122505601,0.8176977128417319,1
1300569382834238945,0.7507907176947214,1
1305686584376475945,0.778250794819615,1
1305715886149338004,0.8218935156197582,1
1305822010108188588,0.8635619721327507,1
1305867536067284125,0.8494480788654846,1
1305884735502447649,0.29002109334586945,0
1305889068460883671,0.7993724322372692,1
1305930003190096391,0.7993724322372692,1
1305930848567796999,0.7993724322372692,1
1305931686533722060,0.7993724322372692,1
1300820745713362015,0.09278125955091392,0
1300823553800804690,0.0599286140687018,0
1300839454193926836,0.23832333932642688,0
1301077968948130267,0.8146720367287288,1
1301525839130690770,0.41179874179645565,0
1301561636371005523,0.8108511437712231,1
1305945251288603947,0.7976764194650169,1
1305946029208223657,0.7976764194650169,1
1305946832620258772,0.6646763327007535,0
1305989386371667863,0.48558075921409666,0
1306049433257191606,0.7788455922130955,1
1306053246177173299,0.7788455922130955,1
1306058110290127705,0.7788455922130955,1
1306141019599223277,0.4513256489071722,0
1306760524006496593,0.7787792700014686,1
1301737585869376595,0.10596592016066947,0
1302175472720520147,0.7313476130726815,0
1302192490457281505,0.8062377652043384,1
1302244340227836020,0.7890754127017146,1
1302265517470649544,0.83184639048409,1
1302414061225602677,0.7634384387649271,1
1302552552882271162,0.8308141577344329,1
1306775272424746206,0.7797827474623269,1
1307179957177383017,0.8175792285913344,1
1307304412310622342,0.7841372536790475,1
1307436337927204224,0.45159970670687527,0
1307590389811951061,0.8281663725772199,1
1307658363754176454,0.01243950002743987,0
1307909604329980682,0.8209915330795988,1
1307952985686504228,0.8172595729257884,1
1307953338446219822,0.8169668011110487,1
1302598479748572008,0.06788117349779946,0
1302598873140366555,0.02163459245540386,0
1302749513767113405,0.8202397832168402,1
1302785704600506643,0.09258694392835139,0
1302814979737584392,0.8552733066937953,1
1302886734172326864,0.26604171130742954,0
1303001580814715552,0.6848851688610451,0
1303469491827689617,0.777657643823207,1
1307957788317994577,0.41982338067275304,0
1307960993323551747,0.4155005866101932,0
1307962735840020272,0.4237253800295342,0
1307981424683991103,0.3555153706762828,0
1308042821496837399,0.5169698463152406,0
1308095757751672505,0.8485484773492886,1
1308096457783964803,0.26821696353053276,0
1308124757052620936,0.7858103127107309,1
1308147004690094916,0.7978964279575634,1
1303498152597541153,0.7795552534231637,1
1303498441828462537,0.7500177088288517,1
1303498949364272866,0.7795552534231637,1
1303564120784875224,0.8576709319455069,1
1303587397243545059,0.44182047396193,0
1303622154116534954,0.3884885594973869,0
1303689041445035007,0.780995143109477,1
1314710618035612256,0.4580975738020626,0
1308178606830498075,0.020321958610261346,0
1308179300183428077,0.7951726133216289,1
1308192155111492189,0.4818401801210489,0
1308220180752781128,0.4458824473936715,0
1308226925638300623,0.8104573191054308,1
1308233196381765490,0.8076846848891276,1
1308239764134525481,0.5753810618535496,0
1308288440807651905,0.83184639048409,1
1308526950566373172,0.7496222271441237,1
1308780466970105207,0.8506284072000633,1
1314782090718692471,0.0360586605826858,0
1314854424760333152,0.14046424146988112,0
1315204278316211714,0.7884026779676145,1
1315219656673389852,0.45222050315471574,0
1315236981168867835,0.7574014002154071,1
1315244571825005083,0.7523938460481291,1
1315244848480392300,0.8250313440635104,1
1315245097183941787,0.8188738765258357,1
1315245332784117997,0.5722570005308819,0
1315270555120549266,0.7983023178604274,1
1308791070578812470,0.06176983783704708,0
1308810839695104610,0.11482292682257467,0
1308813592917247558,0.03427083186572616,0
1308822069323762943,0.07727842699520296,0
1308849720653431555,0.8018499328325982,1
1308864666891601767,0.56339802024801,0
1308882717766558822,0.7627809912253101,1
1308890102080452409,0.45773554931403976,0
1309031254882729294,0.8260537072021652,1
1315319482276829241,0.2331283346079026,0
1315334356691344405,0.6278377487028648,0
1315351635891305804,0.8067539396478052,1
1315425085449413508,0.7817780495525238,1
1315551894496105899,0.8133566994254405,1
1315565699104563323,0.7749050508876549,1
1315690915082664101,0.8316113352606773,1
1315700102429260102,0.8406459463050034,1
1309445836235423904,0.7679239791962865,1
1309475690879705407,0.5247898791814961,0
1309475998047965582,0.1511955924115062,0
1309481208952816987,0.7937383593542359,1
1309559029737321449,0.8022373301521122,1
1309565575952934825,0.7999469124784088,1
1309567017494523553,0.8040101243672042,1
1309568019196574613,0.7999469124784088,1
1309569185904747040,0.8003414574027945,1
1309578837258277868,0.8693306117590908,1
1315872192558040243,0.8212759277722579,1
1315878769422056009,0.814079620946039,1
1315924666207563599,0.03842217303475091,0
1316013662675056464,0.7546956290878273,1
1316046799962075466,0.03392119877664213,0
1316197866022645206,0.8155870288900993,1
1316636724309429374,0.8279636781710585,1
1316947194693127310,0.45157183537550233,0
1309593707806609196,0.800026018465783,1
1309594972119033421,0.8669161034749434,1
1309609267935235316,0.8691688891669038,1
1310132992387121679,0.8467188510757649,1
1310209127984670739,0.06801897860512666,0
1310265281936741203,0.8028634026623407,1
1310292474876772556,0.8273318078851075,1
1310333463529048431,0.7514093205278809,1
1317616791908523573,0.8301759886598088,1
1317760474411072079,0.3934595225982676,0
1317771642704910011,0.3934595225982676,0
1317948795646948301,0.8243851372774289,1
1318038474472328677,0.8135353999433844,1
1318038812671845933,0.7500737209740928,1
1318039155988820844,0.7493360345932973,1
1318039459541133153,0.8125584782498411,1
1318083316561908934,0.7610102032507153,1
1318084007658572242,0.7487912002754092,1
1318084422389954390,0.7510782719894203,1
1310929424856847275,0.819463970727376,1
1311034051037122798,0.004971120055505902,0
1311039185852600517,0.7967102452582459,1
1311689357740272190,0.30601121823871436,0
1311851965025083755,0.4122222494236148,0
1311988990788249100,0.7653477026031082,1
1318085057218198055,0.7507366600071821,1
1318086509109743082,0.826196936914105,1
1318087264077513131,0.7509349389220282,1
1318087753741207788,0.7499053231222277,1
1318088100467570673,0.8174156909687758,1
1318088510555607795,0.8105343845942475,1
1318088861115875944,0.5361368828103283,0
1318091951273982727,0.6229664747491981,0
1318093169712065363,0.839664444850777,1
1318093833438898841,0.8128118211103609,1
1318096895366517194,0.823673921040517,1
1318097490457644770,0.753089953726737,1
1318099975855322117,0.7764585515434755,1
1312549916498073457,0.11859824214914826,0
1312570839471078787,0.7729038222210339,1
1313067928708737367,0.7804655722334963,1
1313072232879548694,0.8172656339388077,1
1313101880836038196,0.7548327250350766,1
1313109942824449282,0.8282850626943866,1
1313122595316445483,0.11634735055271112,0
1313156485419305970,0.7792491358553333,1
1313238298445872544,0.47513094637077385,0
1313275491604130149,0.780995143109477,1
1313351484190596189,0.8092195319444446,1
1313386233223217471,0.7864154380979003,1
1318101305923925752,0.8227791752929893,1
1318106415889167101,0.7495081253516506,1
1318106721458004400,0.7509349389220282,1
1318107072746303605,0.7576692798207104,1
1318107673123469865,0.8191988986479241,1
1313430859428844249,0.03691732856303583,0
1313441654489724881,0.7581116035694542,1
1313850412764315637,0.35485002980795394,0
1313866429333234266,0.04298634382931825,0
1313887370337947013,0.8009334230062578,1
1313888345227624637,0.7951726133216289,1
1313898436335092936,0.8040101243672042,1
1313899289905245368,0.39217160022398445,0
1318109181447365540,0.7501853863227683,1
1318110489094937046,0.754169674933604,1
1318111269155148362,0.8231128165222862,1
1318115225260395846,0.7515497679135638,1
1318117178298039673,0.7512207274024177,1
1318117481722272074,0.753267488015095,1
1318117888252870752,0.7513623154832239,1
1318119411467040940,0.7496222271441237,1
1318120061606018916,0.7476086052048395,1
1313900599124342508,0.7999469124784088,1
1313904957732342981,0.8033079366074328,1
1313907558763090173,0.8060634973320391,1
1313950450887133162,0.8252165695962078,1
1314055810287235223,0.036034143595380326,0
1314470186073443843,0.7999799683296569,1
1314491803706317325,0.5247936309314012,0
1314525533392492537,0.8034063841643347,1
1318120409178071251,0.7513152151967748,1
1318129134684263970,0.7516429300456764,1
1318130342610189013,0.7528748954815322,1
1318131064354157312,0.7524317183450981,1
1318131416468553829,0.7573198282456272,1
1318132325655998843,0.7615970926606732,1
1318132899137688941,0.7522026575404906,1
1314549753852039035,0.7145807716925484,0
1314555089480853682,0.7683560468768549,1
1314692063415977536,0.41753197095690203,0
1318152356698681465,0.7525072459367477,1
1318152907851247147,0.7490087237538645,1
1318153219480794085,0.7569672457791247,1
1318153719271042825,0.7526574092846627,1
1318154849264484447,0.7563934039415153,1
1318155354044027164,0.7578081954174005,1
1318156361701266818,0.7486267792125706,1
1318133256424118608,0.7538944607294796,1
1318133857550833832,0.753267488015095,1
1318137984301005217,0.7525449017669674,1
1318141259223585335,0.8146519392645625,1
1318141689438456280,0.8217676478822087,1
1318142035569427741,0.7525072459367477,1
1318142355174664627,0.8174714798409519,1
1318143441326854551,0.7476086052048395,1
1318151355085965447,0.8198449259055758,1
1318161813618832387,0.7520482349365479,1
1318162128051438728,0.7487365158869884,1
1318162464219930517,0.751456230702063,1
1318163619939239852,0.7504072949207515,1
1318181335064766565,0.4604338875918207,0
1318248770516662840,0.8121127452486113,1
1325240428914007338,0.7489545239555389,1
1325353666814301695,0.8198365395395243,1
1325366618594728191,0.8546608528523444,1
1325416622368073586,0.3174523961382793,0
1325464123444306272,0.6530126348211619,0
1325470886479884542,0.5204122063553646,0
1318255884380883537,0.36483679195237834,0
1318261047321763717,0.10217954553421055,0
1318283326521482243,0.8085438682652989,1
1318351786056351879,0.08254771151861819,0
1318403022180578826,0.7801842941206352,1
1318470838945354894,0.8082429397863697,1
1318499036655551155,0.7960909102754441,1
1318504528934874801,0.6702791804144144,0
1318507325705180008,0.42674150042963005,0
1325476876947943412,0.6433520385805411,0
1325494263481156396,0.3600531481401137,0
1325496308210338295,0.27486796522835527,0
1325502316895442115,0.22329388252645327,0
1325507655204716982,0.33882993881778184,0
1325520876512896030,0.2954619192615442,0
1325534647595336112,0.794842383931475,1
1325585910512256569,0.054897324215714666,0
1318507688692376955,0.35044981983091267,0
1318510556447792875,0.42674150042963005,0
1318513028126369027,0.622380502136267,0
1318740134406799498,0.7809868385338108,1
1318792959958270378,0.7587577694037985,1
1318815629191165652,0.8120445342855396,1
1318838623230135645,0.8395165389031408,1
1318929014473982264,0.5077194226020963,0
1318992071501971208,0.7981228496383473,1
1319015681380669440,0.7953030768485262,1
1325889190039002012,0.7964642109726139,1
1325944266592414313,0.7944993720509715,1
1326074013593091071,0.5067156391393721,0
1326122680700710452,0.05171332247998992,0
1326150306392602315,0.8209510493024494,1
1326189425588302720,0.16607578528726788,0
1326210409527940327,0.819178837212332,1
1326213346708472911,0.7785514492786605,1
1326259467984487030,0.7994371392731765,1
1319022775863233271,0.494611091998576,0
1319022934984304366,0.44390275003227714,0
1319226590000865581,0.766638984879176,1
1319555922665686891,0.8002684871033013,1
1319569215899340385,0.03520495995005323,0
1320243299566592061,0.8007484887265541,1
1320409769902055935,0.8038537321639778,1
1320454379365635491,0.8103409755161955,1
1326392273055050211,0.4821094597083082,0
1326475527169045510,0.03527722254078465,0
1326843545245474119,0.1415268697966301,0
1327003285295293971,0.4493114997990753,0
1327016758155959646,0.7946641954246165,1
1327032534577082984,0.4145949348203957,0
1327539883958450145,0.8124656821293902,1
1327621291124719094,0.7683560468768549,1
1327703764764475156,0.7700316111000286,1
1328246830727616836,0.7832066772445717,1
1320461794883900975,0.4536763862696557,0
1320653622217671428,0.8268442100657637,1
1320688645215804521,0.41916598587599485,0
1320992709168452286,0.4539366347541084,0
1321022159595114491,0.506766076606728,0
1328271779943513548,0.4975195016302742,0
1328389210503109223,0.8077862578323083,1
1328413334684157438,0.5064395399826844,0
1328461012212996407,0.7639966874162972,1
1328496455575839443,0.8061834337720776,1
1328983561641406156,0.79266790678306,1
1321125245354264233,0.7982673112323468,1
1321222172535254758,0.7997892148557586,1
1321226209678557133,0.03548690877725519,0
1321230492222322380,0.489433049854003,0
1321270001244228841,0.23961445148522764,0
1321323479504031454,0.846099111024539,1
1321577662261907481,0.02439031892278097,0
1329001004522943117,0.816313242318133,1
1329009668074338482,0.26022107925977056,0
1329023907116663459,0.8128735514729962,1
1329043156366012625,0.023567965212831124,0
1329061753266993212,0.48058063567082143,0
1329072590622531824,0.38736093583056935,0
1329124004821686834,0.8131901943033331,1
1321928959723172319,0.8103280886992912,1
1322043231741887418,0.7857424104758408,1
1322047199905880553,0.6615845843245475,0
1322095518979598586,0.7713150611620413,1
1322107357390477806,0.7713150611620413,1
1322554978541330812,0.2669456804945956,0
1322667742043410903,0.7967677113377576,1
1322958148096585993,0.7087533054679022,0
1323298101934243952,0.8089102664413658,1
1329156079736899373,0.5039715511607785,0
1329178530114311554,0.318172568612035,0
1329200046793147212,0.02584262293425511,0
1329218591028593875,0.8232945503730433,1
1329232928495416847,0.8247840102976391,1
1329241880126834139,0.820107216038991,1
1323487726495059444,0.7774202243026761,1
1323511791181550996,0.19685644040727135,0
1323911715476200591,0.7476749231650288,1
1324168727591009762,0.7833156488480688,1
1324196587232498954,0.2465926177019182,0
1325202188867231613,0.541028917957305,0
1331328148835085189,0.06056743817951767,0
1331330864008414654,0.5393238672547261,0
1329308875467693650,0.8057485877026002,1
1329687517158343349,0.3940882882495994,0
1329702366325398094,0.7565396669030031,1
1329877868112213230,0.46140563717514166,0
1329975630750423883,0.3356580183119134,0
1329993043238177970,0.8131259388539276,1
1330018504919571860,0.029898396823434394,0
1330023315471418462,0.3934595225982676,0
1330374307964956563,0.8114146062486178,1
1330374643473867541,0.8124564701075846,1
1330439807102814879,0.05734281116284574,0
1330473099059798639,0.8231505433028329,1
1331358422902709603,0.3934595225982676,0
1331361997739781609,0.7591285492814949,1
1331537410605212824,0.8214515883506168,1
1332026372827145488,0.7753788894986484,1
1332222157727774290,0.7786447325909542,1
1332823506718236066,0.3501457210957222,0
1332889831349518084,0.29455396209861207,0
1332922746745732220,0.20893200739895915,0
1332957374316797643,0.8234799149110732,1
1330474289385922747,0.47006722825426805,0
1330589952035728187,0.8278602152181372,1
1330595056676666001,0.8119308906125052,1
1330758594334795245,0.7888465148677825,1
1330765447522522271,0.7917054763007543,1
1331320482064468735,0.09556082997288305,0
1331320903607674080,0.8037118835029915,1
1338629571020857843,0.7934297247350847,1
1338637650946652201,0.8072569174738277,1
1338671620888917668,0.01396780680644276,0
1333268675438835113,0.004064197662919026,0
1333335693524083249,0.41505882609696587,0
1333400345191601375,0.291475032734012,0
1333465565598309761,0.01843015903186876,0
1333489028091156183,0.8208886111793728,1
1333504568352496141,0.7441194762307496,0
1333516717751510224,0.026229860243725412,0
1333547461782795727,0.8119637343039455,1
1333611945537439513,0.03514895079865019,0
1338695942839140941,0.4525911717088646,0
1338817811660902249,0.7640521560072561,1
1338826115810664687,0.8175761106602527,1
1339054666142371200,0.8181149960344751,1
1339124426559283621,0.8164954272427026,1
1339124758886043833,0.8131080374435038,1
1339125250781962662,0.7451205148818426,0
1339125523437573832,0.7470046276202219,0
1339125769594193092,0.8060026548708573,1
1339126026625822138,0.7452559495405096,0
1339126262928640570,0.7450541281456395,0
1333639292890602417,0.8188177668649929,1
1333998132911610062,0.8104717181350813,1
1334028366017922070,0.8116788617967324,1
1334161280405951778,0.8071962757962781,1
1334172218623913013,0.7797847813591686,1
1334177923436503198,0.7923261805582718,1
1334438520110389982,0.8393273520148375,1
1334738521202874757,0.7818582710281833,1
1339126582321205692,0.8074656244692211,1
1339126910812146601,0.809208357915244,1
1339134978867456774,0.7452559495405096,0
1339181854607087478,0.3338327773410496,0
1339185326253628655,0.006448615045906075,0
1339279732333583515,0.3563247998750104,0
1339280976412256516,0.4587441570063005,0
1339361521089358191,0.4171734488866068,0
1339388017355922047,0.8034094486323273,1
1339413545125795810,0.38116999584359434,0
1334813549873509911,0.8206413338492992,1
1334901607131248881,0.8162291335248933,1
1334902490349166858,0.8154708107667747,1
1334903983704374309,0.49986181685387027,0
1334950027382895297,0.5070211177184402,0
1334984207204809917,0.7911791495358935,1
1335127122355312589,0.8179200810537935,1
1335169829952500226,0.43013272552259496,0
1335177071117596151,0.8312659124413466,1
1335394864754734509,0.8216177086977661,1
1339838938668106394,0.024747565822679785,0
1339850833161398086,0.7216181200764628,0
1339886978816047568,0.744910203753936,0
1339887221342573686,0.7463180515469605,0
1339887463541396540,0.7468686389034557,0
1340005327486324249,0.561611150927559,0
1340084737762861337,0.8369160104555712,1
1340527907861815192,0.7223421526384572,0
1340542116785072593,0.46408559582398073,0
1335395315572244948,0.8070817620900217,1
1335395636701000268,0.7450541281456395,0
1335540873258109647,0.4712756613145339,0
1335553886970388842,0.41315653020702753,0
1335845679434265276,0.3208514042014777,0
1335899894735686654,0.23640145813577354,0
1340563513768715346,0.3493915870687892,0
1340570452479397539,0.3663320973042703,0
1340579755776615161,0.31531115146413036,0
1340587092410021104,0.3179555275729788,0
1340603206714628842,0.5308100110810188,0
1340798393251262720,0.8106429918934891,1
1340814926754562843,0.5215497739260735,0
1341223289646160168,0.7318185278076135,0
1341223662177177332,0.7471399652791713,0
1336235867528596008,0.7864187696873337,1
1336246243002150846,0.8064541143630977,1
1336290366745826871,0.8075694863244148,1
1336330981255348475,0.8017023510141202,1
1336346430348032991,0.8394351211701083,1
1336377070400008896,0.856878105680859,1
1336443272374665733,0.4856256785131771,0
1337124921636781845,0.8099086848661347,1
1337197055935583451,0.8485167782391054,1
1341240224277057893,0.06436986214056457,0
1341255875787745348,0.49707657488569457,0
1341260785239474422,0.8375322030526142,1
1341275350599266484,0.030431142446143138,0
1341279233251988984,0.4433342773229087,0
1341295357201666739,0.8236184746605114,1
1341301615407586697,0.4376809685218592,0
1341301643010579266,0.8236184746605114,1
1341314952291149898,0.17896853835230914,0
1337246407385058493,0.3426213899727563,0
1337354616633306955,0.7685551125264919,1
1337925489341478152,0.025072424386018595,0
1337958517015737331,0.8243851372774289,1
1338005708777283899,0.1449957319325213,0
1338031888435462608,0.17565321912343237,0
1338261042556033957,0.8031676400700002,1
1338304413782324688,0.7960721144078073,1
1341318668048407355,0.025051638770713158,0
1341326116264924625,0.017302881565103637,0
1341398588435786022,0.36054390933151614,0
1341443100146766187,0.5020436583351032,0
1341462465018023697,0.7645325030722004,1
1341463794009348943,0.5374561951357533,0
1341465215761938628,0.5411411114502901,0
1341539816207467739,0.7733928923201601,1
1341635181623942080,0.7913579893811107,1
1341757425548759443,0.8572636681704453,1
1342038349846774449,0.03972603812812404,0
1338396814205818201,0.0941274491109663,0
1338417690677307990,0.7913476906743633,1
1338440230265486280,0.40245437715486604,0
1338441705488554044,0.8056444022624834,1
1338445506302184847,0.798396607497326,1
1338487824678631501,0.2774700551877649,0
1338518507725155317,0.8013027947710331,1
1338521302250840685,0.796235949954416,1
1338573131576775920,0.8235216243072861,1
1338586308479876540,0.5077114230212605,0
1338587637097370147,0.6839369875676624,0
1342211832405992785,0.7940074873225007,1
1342305609381019351,0.8184298879772658,1
1342784125183327277,0.21414852274019525,0
1342799236180718527,0.7924515204560638,1
1338610081150040797,0.26959753846269063,0
1338629253127116048,0.7844839155587128,1
1343507148823852914,0.8498115703643269,1
1343509129996111595,0.8063864598139715,1
1343570730829767302,0.45991538678830046,0
1343589307181507328,0.10284027036537396,0
1343602946696486909,0.803212627585774,1
1343606046587728518,0.803212627585774,1
1343607019418098043,0.803212627585774,1
1343056791455833489,0.817017360219535,1
1343067513628898270,0.09138737514627399,0
1343244748884303826,0.34088676429448245,0
1343389572792382905,0.8481234007824663,1
1343456689221296345,0.3204787038827546,0
1343474517046541392,0.19270802999362563,0
1343485681332345875,0.2088352020178775,0
1343491166873752909,0.4741231189926045,0
1343500906267662988,0.7945465127377678,1
1343501820475130457,0.1264051874523901,0
1343608312965019888,0.5640224987204798,0
1343669710961050876,0.7976960498141886,1
1343785166555917967,0.8151688702781337,1
1343814926716851544,0.07068060262695182,0
1343837237931159198,0.7816054025126234,1
1344284384553691603,0.7976620404650967,1
1344298115530569589,0.014751892606868395,0
1344324475974457666,0.77676462414416,1
1344351298913563427,0.8064359007181914,1
1344360318928343193,0.8042108851687706,1
1349926489915799892,0.39379644712423667,0
1349980168310018196,0.5020858911648259,0
1350018223190033305,0.09024814438345635,0
1350130887670690892,0.0886381561395473,0
1344362348522220378,0.8042108851687706,1
1344367805653815916,0.8042108851687706,1
1344369942388225733,0.8070533771583742,1
1344394599127509754,0.8268719378129294,1
1344414959095536135,0.046823862630223596,0
1344417181599759022,0.5298771094824309,0
1344431439949805642,0.6148878695996353,0
1344497316152802547,0.8121364107810571,1
1344630370175255397,0.4589170983132737,0
1350275130989708598,0.8179323000393303,1
1350437319146780555,0.03419411817399166,0
1350809715431400958,0.8234543926432571,1
1350810459733148928,0.7284983888632658,0
1350876509153819535,0.42971185035113163,0
1351111877115893142,0.8160541433269982,1
1351535101914002515,0.4347453135770636,0
1344774292228895201,0.7692707038410089,1
1344931327471470834,0.3818285523374881,0
1344968633461946766,0.45270139530801445,0
1344981876615846434,0.45031836903799255,0
1345010567008637518,0.533104156923461,0
1345025914203476108,0.8042108851687706,1
1351811073308177544,0.8104685274143721,1
1351936018887035026,0.8095134807566795,1
1352105642639674623,0.7841347666567983,1
1352270154860885172,0.46210630400917146,0
1352575777428498061,0.79910498372985,1
1345029823295183765,0.8042108851687706,1
1345035575943032167,0.8042108851687706,1
1345088504050736859,0.5070850300595963,0
1345177749999651867,0.7985794129065742,1
1345263700154615833,0.7857220110310954,1
1345546683941355083,0.41114078369319074,0
1345718873103632317,0.4167210150987293,0
1352586725505349408,0.44675492909831405,0
1352595673565168695,0.44421888983589425,0
1352910145944563683,0.19587484824433685,0
1353010796851174112,0.8390824299232519,1
1353011991982303521,0.7918207491574466,1
1353045546764573027,0.789446331966969,1
1353063127998077598,0.0405320817113086,0
1353111796192549485,0.051225272003083216,0
1345816298596924435,0.8501975468960309,1
1346005903520278812,0.4740909954536586,0
1346011385245688663,0.3964328213503705,0
1346093486392263908,0.8198917929540152,1
1346441957873360588,0.807224384542379,1
1346473578110968030,0.49324675685869207,0
1346484805983684464,0.49324675685869207,0
1346487464696756741,0.7977876231759773,1
1346515075445367491,0.8249040198283607,1
1346566257328706603,0.8102093364125134,1
1346637664674556870,0.7990833771831921,1
1353112820561322179,0.05740770399992245,0
1353124421966702643,0.037179267797609765,0
1353145571185415951,0.04382280312292666,0
1353155774805523991,0.05538806991479228,0
1353159347222311035,0.06638093273624857,0
1353165373795487429,0.04035639604879406,0
1353635043469682853,0.7511258541307719,1
1353635401690234419,0.7526938278554791,1
1353654934070085693,0.8249887544381274,1
1353670955336848857,0.8259928310778877,1
1353672497532041722,0.7260210149833711,0
1346642125820135121,0.7993864174283782,1
1347226350531035155,0.8073109638485317,1
1347313595763737845,0.3275762006143118,0
1347341466573107865,0.7937254920863993,1
1347459750225269059,0.7957885089432021,1
1348030715937595605,0.7864731242137769,1
1348034170655441468,0.7868863234605471,1
1348081441771732943,0.05105884489873337,0
1348250300631910268,0.786810578808403,1
1348466013264464125,0.804693179770832,1
1348495477413501628,0.7970660419029476,1
1353674407409118734,0.7916840107239874,1
1353676795494065704,0.7274039591785294,0
1353681079212299738,0.7907414257723385,1
1353686176327853826,0.7284983888632658,0
1353686422593516644,0.7328645371438861,0
1353686491592323049,0.7297864682400862,0
1353686732246709216,0.7276515314692277,0
1353687071023389543,0.49601301511585766,0
1353687234944524954,0.6617591400315871,0
1353687272845414314,0.7316822723783286,0
1353687310973296352,0.7280171490606759,0
1348555125455647219,0.4797808846892515,0
1348612499277448836,0.8270766570760186,1
1348631831446193789,0.8654007657953781,1
1348676338398201826,0.4544253002775008,0
1348711398533899913,0.09701788156173496,0
1349242898872401844,0.7443526069243225,0
1349331844930696753,0.49324675685869207,0
1349360291949375915,0.39325507029444967,0
1349381027991559621,0.49324675685869207,0
1349398782237083487,0.49324675685869207,0
1353687359504758660,0.7289726666565287,0
1353687555921590135,0.7272762998149775,0
1353687664663654393,0.7312460248286523,0
1353687796364261240,0.7296714435449058,0
1353687853313308926,0.7301291319263239,0
1353687949599448295,0.7278957282509362,0
1353687971982913372,0.7274039591785294,0
1353688008285375286,0.7310256879882184,0
1353693735290386347,0.7259292053292589,0
1353696939734183273,0.7284983888632658,0
1353697223094683161,0.7989156511081039,1
1353697259721256940,0.7282586514081936,0
1353697451883226759,0.49755002542570387,0
1353697632102267569,0.725971640750272,0
1353697993582031472,0.7294401726357704,0
1353698152169811142,0.7274039591785294,0
1349656149856482244,0.6765920827468884,0
1349846206207541692,0.7995712523111932,1
1353711089528564591,0.7262582056608011,0
1353711502366695629,0.7258438571981586,0
1353711518105248856,0.7711404605862744,1
1353711720529704039,0.7289726666565287,0
1353711772582135787,0.7314648799784501,0
1353711780822708685,0.7274039591785294,0
1353712024091349613,0.7261398396176675,0
1353712129667920271,0.7282586514081936,0
1353712668085642038,0.7274039591785294,0
1353713028370102526,0.7733622205266425,1
1353713385165067923,0.7275287490403225,0
1353698566451125269,0.7294401726357704,0
1353698744056655210,0.7276515314692277,0
1353698956018414619,0.7296714435449058,0
1353699219574156499,0.7314648799784501,0
1353699526155083770,0.7711404605862744,1
1353700191415773674,0.7284983888632658,0
1353700496163792428,0.7259292053292589,0
1353700650876630343,0.7265000736891519,0
1353701056729770356,0.772093441223749,1
1353701236974792044,0.7711404605862744,1
1353701620473829801,0.7715229447384662,1
1353701819867086094,0.7289726666565287,0
1353711022136212256,0.7293239208863819,0
1353711056106688700,0.725971640750272,0
1353711064664547394,0.729556012594754,0
1353713625497135786,0.7287363859411532,0
1353713729910435510,0.7282586514081936,0
1353713793013613646,0.727019528167659,0
1353719024754590426,0.727019528167659,0
1353719044788556779,0.7730219693454327,1
1353720000885084272,0.7265000736891519,0
1353720020432954311,0.7297864682400862,0
1353720128898700268,0.7265000736891519,0
1353720226064375710,0.7265000736891519,0
1353721085623959828,0.7281381223981257,0
1353721150637572827,0.7274039591785294,0
1353721948893112089,0.7275287490403225,0
1353722155179686582,0.727148157313374,0
1353723109753696466,0.7280171490606759,0
1353723296589668349,0.7260210149833711,0
1353723967190327531,0.7277738567909454,0
1353724254623194604,0.7262582056608011,0
1354692062527041556,0.78195624381078,1
1355054420874722372,0.7787188613895432,1
1355088227897569976,0.40523679684091873,0
1355118252249386243,0.8236184746605114,1
1355123322106678108,0.8236184746605114,1
1355159469349277096,0.8025239177031604,1
1355203524839114272,0.8360789824127071,1
1355261001625996655,0.4530151851176116,0
1355275624338698523,0.36713206953417465,0
1353724290167213134,0.7701786150788263,1
1353724444727709886,0.7282586514081936,0
1353724636616878755,0.7297864682400862,0
1353725224725297052,0.7302425585986008,0
1353725388956918058,0.7302425585986008,0
1353725416499091307,0.7258438571981586,0
1353725463707957032,0.7735280487936734,1
1353725524575745096,0.7267607957302695,0
1353725812677398171,0.7299010894068072,0
1353726463031624206,0.7268904088340036,0
1353726676871403553,0.7265000736891519,0
1353726801089984948,0.7266306852354587,0
1353726809954105246,0.7272762998149775,0
1353727063845727089,0.72637611650028,0
1355380433778984135,0.03521949706524629,0
1356004880222321444,0.4533977143037557,0
1356134138182270292,0.18654851762598304,0
1356177255367743201,0.4087633030371128,0
1356508902094520427,0.841960509120967,1
1353727215471201674,0.6618518292140985,0
1353727313609130839,0.7209125008068117,0
1353727457137145243,0.7274039591785294,0
1353727555928954991,0.7206915224004418,0
1353727598682657400,0.7265000736891519,0
1353727881976992426,0.7744570332721625,1
1353727904529967485,0.7726538286022703,1
1353728096580646832,0.7262582056608011,0
1353728881980084060,0.7275287490403225,0
1353729206914581491,0.7262582056608011,0
1353729294698890700,0.7281381223981257,0
1353729762407217206,0.7755265502178418,1
1353729838429905542,0.729207254536931,0
1353730233524387534,0.729556012594754,0
1353732312267714781,0.7265000736891519,0
1353732350564584765,0.7297864682400862,0
1356733246795293875,0.49590652701468024,0
1356803194264189950,0.782499917254663,1
1356862958825673292,0.04038512449627888,0
1357574158630690509,0.4819456080022041,0
1357645979721577487,0.7730746927220649,1
1357876518167506533,0.7681961612383162,1
1357898220049717025,0.7699463906706774,1
1353732449288473063,0.7303555923820693,0
1353733224234023431,0.727148157313374,0
1353735403531312909,0.7277738567909454,0
1353776702897380356,0.7985846077721247,1
1353789074090447586,0.26666827525666587,0
1353876118169704511,0.5341097606861304,0
1353876642508740905,0.5341097606861304,0
1353965318849191034,0.025396806287518035,0
1354154213648707088,0.727019528167659,0
1354325709592013912,0.7443763381839104,0
1354421028439882911,0.17958286159836537,0
1358610356621521309,0.8164020695865946,1
1358646034863812894,0.7848344003169889,1
1358755155344142573,0.809176307512749,1
1358860953954040909,0.4335324673612984,0
1358970352440983542,0.7841478738571694,1
1359380594439776345,0.05323392596869109,0
1359453363299750578,0.8230824190878967,1
1359463438376807007,0.7525449017669674,1
1354456404025493096,0.7288547393624211,0
1354456534460992076,0.7304682358717642,0
1354456727957933396,0.7277738567909454,0
1354459722468381011,0.4588346013950435,0
1354471123491571182,0.7718393966318154,1
1354508177765511001,0.7815936722934452,1
1354630808943477780,0.5337447037633989,0
1364371022850917906,0.7726538286022703,1
1364398160830776225,0.4896594832191204,0
1364400062198635495,0.7737869154463781,1
1364477714461684157,0.8101144618101285,1
1359468969360356098,0.8194960268003337,1
1359573531079785641,0.7909632066918241,1
1359702695327440866,0.06465892857006947,0
1359754329005822690,0.8336402930665328,1
1360176432500757236,0.4885218162348002,0
1364504149036333173,0.28574454509431557,0
1364528353378823343,0.43466727034397423,0
1364579260115677851,0.7948018031218274,1
1364623514493774353,0.10881645546483026,0
1360235579219453843,0.2975983747138061,0
1360290629684082554,0.38337559221356315,0
1360319360695014884,0.019781752031729508,0
1360837752237598231,0.8258065864125141,1
1360899930891140524,0.06414162818419793,0
1360911494336023398,0.09705072480100428,0
1364677586091366497,0.158290097475794,0
1364711109806104013,0.30328127617198697,0
1364727166951214012,0.2691159242931943,0
1364758899132261272,0.822497261603227,1
1365162749633372256,0.8190673786798705,1
1365172094002666934,0.29816447491634807,0
1365238750548547365,0.8039704368194274,1
1360971413061937239,0.83184639048409,1
1361005144321464086,0.8277047850092117,1
1361027634910646395,0.7764728107263124,1
1361384974139754443,0.5574556674641669,0
1361525361649443069,0.7883095786276111,1
1361604419465241908,0.053205285298612015,0
1361671546562262247,0.07994703758813028,0
1361685559100329744,0.2742934796297125,0
1365244570965156217,0.8039704368194274,1
1365247115922412960,0.8021881287044199,1
1365247962337214463,0.8021881287044199,1
1365248840982084227,0.8021881287044199,1
1365257869016994006,0.5054348652344319,0
1365261658279089447,0.7993724322372692,1
1365286197411150859,0.32754950013000583,0
1365330309802344714,0.805826247655245,1
1365344330886604881,0.7545668735737342,1
1365463493135710677,0.08253990108333359,0
1361690479377077763,0.026162669007408854,0
1361840108844137918,0.7826967597713134,1
1361862407226900290,0.19912863193721717,0
1361905547999995993,0.8143451005392268,1
1361949390903717514,0.7933273258164921,1
1362319937122804648,0.013881144399134763,0
1362337688179925950,0.7523670102391651,1
1362352331028746090,0.7476206652388266,1
1365496120882253043,0.4727951750969691,0
1365681782045610391,0.3934595225982676,0
1365687240140522861,0.8121364107810571,1
1365812777839378933,0.7183073834033147,0
1365865620836752897,0.7787188613895432,1
1366077611350307856,0.7896845955989134,1
1366127994738318666,0.8086545929410864,1
1366228575653775138,0.047366525531869944,0
1366232581216853556,0.4159146859571026,0
1363291600870532702,0.8088566568080573,1
1363607256237218807,0.8126965311851899,1
1363842394013079490,0.8185544510635485,1
1363845678835069492,0.06358156777577363,0
1363867605979600681,0.8197840092724294,1
1363933816694155745,0.7641106924790653,1
1363951249924731136,0.8350061789502207,1
1364308392617365525,0.810797400729756,1
1364368438635733754,0.7267607957302695,0
1366276159114868718,0.4983863605708748,0
1366302485518054103,0.7716498809222331,1
1366717321390111215,0.8050472571021982,1
1366723228243064949,0.8050472571021982,1
1366734405389052473,0.8429668945208721,1
1366767632362362078,0.8050472571021982,1
1364370356101079630,0.7218569515624169,0
1369048163674427142,0.7994137209001521,1
1369060646548986850,0.48355297641825196,0
1369090722619887785,0.7957025739137554,1
1369510765244682653,0.0682445120427811,0
1369568062726145113,0.029136055442229514,0
1369595286467474557,0.8680555818515157,1
1366771750105846963,0.8050472571021982,1
1366773325407097923,0.8050472571021982,1
1366845814698104281,0.7473979514960174,1
1366994364860276228,0.8429343590732,1
1367057653226544457,0.37934914115351925,0
1367108920636455305,0.7672119166846837,1
1367432150326817265,0.4530151851176116,0
1367462049381054491,0.824126499444403,1
1367689958367205070,0.40700825309875943,0
1369595979806011636,0.5526463219907317,0
1369642717614249425,0.12548706720064082,0
1369655961730991232,0.06693088352554291,0
1369769635705184273,0.8238885508053178,1
1369814877549642606,0.7820222366434947,1
1369837713297421704,0.14824127419096728,0
1367857441119979429,0.32439289175390923,0
1368162349763360369,0.4013295136082226,0
1368178263674983791,0.2834979727297913,0
1368187202354161871,0.8122035381558061,1
1368237958440706207,0.39233216942823396,0
1368252790464589595,0.06304594076063057,0
1368326965210110750,0.8342853383374692,1
1368353871643330518,0.37868066172009485,0
1369886648197583420,0.7803876105122703,1
1369973529654581593,0.7947146850403325,1
1370123780710455407,0.7528748954815322,1
1370284242245913572,0.8044756062492,1
1370348004069701500,0.45188548598548467,0
1370386139229229692,0.7729682288978705,1
1368589907802826859,0.7995358283161916,1
1368818646079848151,0.8116436490345309,1
1368851488509805321,0.8125551667608002,1
1368887712871369659,0.4601651400088215,0
1368894200869268296,0.0910434880719527,0
1368905787355018650,0.5019598764026796,0
1368920455584279109,0.7933811849277393,1
1368977753174601526,0.8244743931921201,1
1368986848892872639,0.7994137209001521,1
1370393246742120853,0.7742566112552637,1
1370441008641451005,0.8428729872108196,1
1370466873470664010,0.5099331631449089,0
1370730273333274750,0.8173941586392071,1
1370871099371616705,0.7779192050871941,1
1370878692754728548,0.8103459985245404,1
1370944590002018144,0.7272762998149775,0
1369021300032994386,0.8243244299196333,1
1369042345779854943,0.8124129497062834,1
1374676284797329058,0.8074767418775417,1
1374708474823666244,0.8186504689224717,1
1374736459718231415,0.7954527263144112,1
1374746700747913127,0.78812790072024,1
1374768230895323257,0.807777527996432,1
1374791674458116386,0.28541302565490567,0
1374795412714788950,0.7529230799598338,1
1370974651223196800,0.7265000736891519,0
1371000598861060389,0.8117828827492697,1
1371041060074320433,0.4309890862462808,0
1371075828385762863,0.8078238392584646,1
1371096228043481841,0.8377171096473783,1
1371175682318312651,0.7906107970925096,1
1371189526169716955,0.7906107970925096,1
1371355486158884812,0.5064552288943154,0
1374899199839564455,0.39580823906694385,0
1374941408311043421,0.7649184312789735,1
1374963160332393694,0.7671312698402116,1
1374973142514304307,0.7648337444014405,1
1374976585138618561,0.055033981493248056,0
1374984530275033278,0.7671312698402116,1
1375022985881927979,0.050154469836567586,0
1375227323372047387,0.8344570083538151,1
1375227606704486775,0.8096451568819848,1
1375229607726910400,0.8184607447048501,1
1371364136584676765,0.7474880793198977,1
1371367703183215180,0.7728350708641495,1
1371405170880782768,0.5048650179341975,0
1371415226202480510,0.31771443491008083,0
1371656326604063782,0.8214625707101268,1
1371663916455668543,0.7523558891623984,1
1371759780031174612,0.11874814507324681,0
1375242489352013628,0.7523938460481291,1
1375312905970723095,0.1583436648509218,0
1375326797774208795,0.8068317950598995,1
1375362734541224557,0.01773636960137259,0
1375400156779100414,0.820898398407815,1
1371761685903322763,0.7793053182980577,1
1371765218084153998,0.7856551930779412,1
1371766688510448601,0.7856551930779412,1
1371774982323452476,0.7661522510413575,1
1371783656600000598,0.7933821400174649,1
1371948948061538942,0.44774698886910236,0
1371989801009270017,0.31977632217905616,0
1372031282786262256,0.7820046951645311,1
1372525930485302467,0.43356146618263436,0
1375469714865321274,0.747233678527851,0
1375485738550452375,0.7474459241241315,1
1375488442260481518,0.8093136572257811,1
1375527112025404672,0.36758940632697223,0
1375528403864693041,0.8272715831171245,1
1375582947374609042,0.7015477578796209,0
1375642628836146738,0.759364635955675,1
1375678570648414210,0.2904456452369367,0
1375717257527199206,0.8140405674440037,1
1376092367556203882,0.7914455688421955,1
1373080340260495356,0.046263600809640135,0
1373145571940301799,0.7651273940953174,1
1373213066810647184,0.7937059095628913,1
1376111215350573223,0.7499053231222277,1
1376174476409149008,0.5555775207383403,0
1376318062530624030,0.7732029180826031,1
1376423530201006279,0.5048650179341975,0
1376805646033289322,0.8025965444311415,1
1376820800769868423,0.8025965444311415,1
1376822240139778379,0.8025965444311415,1
1376851685071510138,0.832994243548963,1
1373379455162054646,0.7723596614189212,1
1373446254679495224,0.8117337491016584,1
1373509154468025422,0.4617300586769093,0
1373554202370777519,0.7911692915556391,1
1373586461225233164,0.5001678481119917,0
1373609435734465471,0.748878717515026,1
1373885383064613750,0.8065650501076643,1
1376917259004110015,0.8365654300056873,1
1376980086610636030,0.31853543308442117,0
1376993979734596466,0.796615051886551,1
1376994538601116515,0.7700160095117438,1
1377011837783467650,0.770146045870871,1
1377055711330157216,0.05117025937918023,0
1377484978247030229,0.8062541671873067,1
1377707879914321682,0.40288020801132196,0
1377720533037739950,0.4774919018313003,0
1374031415107500498,0.41120716511094385,0
1374104514889436099,0.0522818305921165,0
1374209075339266256,0.8154458064286235,1
1374210513953603689,0.07220188439323649,0
1374301623184810747,0.48912359607879924,0
1374334597370469108,0.7669676289864115,1
1374345040938811086,0.28985766712238376,0
1374479871874238121,0.7822602478964816,1
1374480394835058879,0.7516893713627663,1
1374480766027457295,0.7909107411189914,1
1374481047965990962,0.7809158689527113,1
1377793371157919970,0.8297376218624394,1
1377815350077890020,0.7912661493798465,1
1377915343833615386,0.773215459752503,1
1377989954454959708,0.3797077709819455,0
1378336991669885276,0.3690191032400047,0
1378431226553514614,0.36762978838602567,0
1378472864099631569,0.8005693148314355,1
1378493827603279198,0.7933811849277393,1
1378507643589697419,0.3497882436625447,0
1378576466841182145,0.16308997962117258,0
1374613820532506373,0.831556008024655,1
1374675600656825492,0.8268521034528412,1
1379118107310334346,0.03936065062643184,0
1379122367967947800,0.13474102955370845,0
1379124548782687693,0.593394097862791,0
1379127078250502840,0.1903252734348314,0
1378675751263256760,0.020241395882695988,0
1378783232101481908,0.8010182061442096,1
1378783766266007876,0.74444469850968,0
1378928897052702490,0.44144013936918136,0
1379159191159797388,0.28086626046979724,0
1379221002850243108,0.8064798021455465,1
1379385196647368597,0.820123333056105,1
1379443714373215070,0.26451750272343105,0
1379002298430265206,0.820941101273934,1
1379060175065986207,0.3624978514163664,0
1379111652824795241,0.5407291679764997,0
1379116818424959510,0.5059398601059809,0
1379649607286298309,0.8065734652375126,1
1379704735524368111,0.8269640569074536,1
1379734984027853124,0.3289981735451828,0
1379800426031701673,0.028291220168082692,0
1379829566329135189,0.8439133085626674,1
1384899193460350763,0.8050472571021982,1
1384907803449419078,0.8050472571021982,1
1384908805318576070,0.8050472571021982,1
1384909886644381502,0.8050472571021982,1
1384940420657738595,0.40944766154050344,0
1384945909185490353,0.7931744553847965,1
1384965112952491193,0.054028354987407025,0
1385374197698497419,0.7489002037880329,1
1385374613541024547,0.7506273329906851,1
1379903553066338950,0.7922779146271741,1
1379936565506019214,0.8228921645704403,1
1380134373284027763,0.03855064497691474,0
1380317368759269523,0.030732645183038403,0
1380346126199999423,0.7772848394333901,1
1380346790453097837,0.813151123974703,1
1380347155180244360,0.7510782719894203,1
1380500020198682131,0.1676690161082179,0
1380528903332684625,0.06623776549537091,0
1385375035322948508,0.7457565493084224,0
1385375381462678801,0.7490087237538645,1
1385375729827645420,0.7494508873678404,1
1385394860263811185,0.7978980428285235,1
1385473646009886106,0.5069526700961704,0
1385558186787032150,0.8058603806178393,1
1385590840397601333,0.4881314320954501,0
1385615504192377510,0.7846245172621342,1
1385662629263667327,0.6875925761113307,0
1385697279280910368,0.3018378564535823,0
1385758419382486826,0.13104337411350125,0
1380607219171174532,0.827220395681793,1
1380653801422991291,0.012083175250403103,0
1380735200968894531,0.06335678615981859,0
1380982091034039482,0.8064481603011706,1
1380995388436970286,0.7513152151967748,1
1380995738174634110,0.7490628036964349,1
1381165810053249646,0.06739304836181727,0
1385823767997913545,0.7645767342023501,1
1385830313554361105,0.7645767342023501,1
1386025309506564066,0.805312875696297,1
1386204626332168161,0.7553543826928052,1
1386214857891421392,0.18070144230944585,0
1386229455581339207,0.05309536017335603,0
1381242302714578236,0.4617288339765699,0
1381277618530812112,0.0464955571202848,0
1381344344644979753,0.799765660342185,1
1381355123515773949,0.06358225303715277,0
1381365665412338687,0.799765660342185,1
1381381755949362023,0.5338377936926091,0
1386267481697650046,0.5709095065298441,0
1386311821293444010,0.10221959375656436,0
1386352553261710529,0.7754298865336287,1
1386394541026436780,0.7996262158195511,1
1386403585884411860,0.8336414750829545,1
1386611087455226395,0.8012768301686399,1
1381395726843740891,0.7955791569992668,1
1381449297894159322,0.42254782936956814,0
1381480841834366295,0.04917878970206937,0
1381535044368210037,0.45539880353277257,0
1381864366813649001,0.8115488997484138,1
1381874709122175026,0.6914793683718025,0
1381879517669567730,0.764662901432835,1
1381931528540894785,0.8095159915827486,1
1381947591909041167,0.8059966245447874,1
1386611894099973399,0.17706114784614593,0
1386655014004819753,0.3357286072016829,0
1386767555234534394,0.41322566789313075,0
1386900280991527884,0.7896176471101543,1
1386917830029301970,0.7864839593179953,1
1387026405578198268,0.7930302842189867,1
1387082244578584132,0.8439330037293606,1
1387267428698423971,0.08976205179879297,0
1387539411036304965,0.36474934486944105,0
1381978832638553183,0.8050472571021982,1
1382036343568021841,0.04756717172183963,0
1382095868829399648,0.7991575768873713,1
1382108832564066230,0.7964751096144794,1
1382157077105632258,0.595579738668151,0
1382221612253471601,0.032142316053073,0
1382225684686943820,0.037527714040905415,0
1382542169787026641,0.7661030315462667,1
1382587549030560836,0.8024161893395981,1
1382743022513095415,0.800994585576783,1
1387820767264690075,0.7627758957973233,1
1387850620111521177,0.8338454216596344,1
1387888210437869694,0.10562464404293322,0
1387936339316777318,0.8129616317964168,1
1388011608342177183,0.024331811085573397,0
1388217243353579742,0.8081429091488866,1
1388240496263397176,0.8134831017375129,1
1388289418718680040,0.07034663281694802,0
1388410937976258991,0.05235919480256612,0
1388431847783533552,0.045626932899343636,0
1388546965256552586,0.8415247630305319,1
1382776509321183715,0.8042765196890511,1
1383008491621356707,0.4557278780477581,0
1383086307784090712,0.4278409249711535,0
1383409431728201596,0.8386244195675504,1
1388603312620111466,0.03048216205481159,0
1388944746845714304,0.8176724199724156,1
1388975401767294314,0.8094541394788012,1
1389058785509264930,0.8513804539277222,1
1389172110324895351,0.8320628311594065,1
1389363234697307636,0.3836044494319793,0
1389506579613728900,0.7953899594233755,1
1389527860927641091,0.4588346013950435,0
1389889452853572869,0.11337952154836699,0
1383424718781146835,0.7940215759605904,1
1383518034646076892,0.3954363299585145,0
1383609281427907143,0.8142308080152111,1
1383648026356907942,0.8304810059867889,1
1389897639100068918,0.28735160444922486,0
1389910716908432327,0.37217047560487004,0
1389915525702839305,0.8308581775269688,1
1390020778009268609,0.06321457775712407,0
1390021223458084367,0.5158307957322131,0
1390024971763183469,0.19569658765308057,0
1390025788460378550,0.2761037116742907,0
1390027299904871283,0.32473114814687015,0
1390028031299059274,0.29038444193068463,0
1383680335751197668,0.40775881782693835,0
1383864204552826919,0.799055336401865,1
1383864516183036650,0.7979249592827059,1
1384026572935250915,0.3256976035186248,0
1384064717721387795,0.7718393966318154,1
1384105429196113305,0.4588346013950435,0
1390028203564224923,0.8156529064590642,1
1390029551544738361,0.19758047072879734,0
1390030378967977843,0.43915156510635955,0
1390031049651106785,0.21454298281070577,0
1390032969997338788,0.1370367572627971,0
1390033029332861737,0.5116074400311392,0
1390033630090694567,0.14688236831458082,0
1390142398814111039,0.7639441835649704,1
1390510799685853823,0.017758282246696344,0
1384118775585291853,0.015512494117897483,0
1384153171785504020,0.016732891315157376,0
1384197272443622856,0.7629527879472339,1
1384207415200635749,0.0694204673711612,0
1384225703887403930,0.8175249078003802,1
1384248659352056848,0.4994076696625589,0
1384405970834006442,0.7988600069541425,1
1384733959726184048,0.01460804223854427,0
1384734227803017103,0.4904684950753452,0
1384748977041411982,0.814970876145945,1
1390530664831519618,0.8180932049725411,1
1390644690965650350,0.4375042773219211,0
1390712931865006242,0.8077862578323083,1
1390713300487260587,0.8078207238351405,1
1390713683175273077,0.8078548242944267,1
1391279287309719209,0.3699122962536104,0
1391281318239639761,0.74444231609469,0
1384765367680625917,0.8123855853529133,1
1384771028564802344,0.776916551661272,1
1384869017069410771,0.3706217754458341,0
1394326597655126142,0.30036071522777485,0
1394355497668006926,0.33661688414624696,0
1394383556196482220,0.7979859136286361,1
1391357685128743617,0.2400216815420128,0
1391399583836820034,0.8219588632553356,1
1391421685864382595,0.8387424330246137,1
1391543907787165578,0.8161083935094281,1
1391564301139999394,0.4392034825300049,0
1391603838561097485,0.7786224445167812,1
1391730726889892591,0.4164192266332041,0
1391808961768828055,0.8301398741920687,1
1391945630514939684,0.8140317158469966,1
1394452576613117862,0.8230864103133186,1
1394459322489249881,0.8187324539735157,1
1394537255026457553,0.7775454055735748,1
1394585085227274479,0.023875255735718536,0
1394771455100377414,0.5067757024067413,0
1392035960459396387,0.8058603806178393,1
1392042979298990657,0.7843259649676064,1
1392076345462819538,0.5330481942765615,0
1392103481394120670,0.7803876105122703,1
1392103810269471386,0.8033713224045167,1
1392109196390862322,0.20140435870294615,0
1392113348076889939,0.8073818061125435,1
1392129733928301316,0.7923211904876797,1
1392152393534552770,0.5064735958402022,0
1392257694876540165,0.7967677113377576,1
1394983599007262193,0.845360681916343,1
1395097644125970656,0.8263692746038415,1
1395141520490113100,0.7956102881682415,1
1395536168036821924,0.7525449017669674,1
1395536531365429658,0.7479386467477948,1
1395591432094780986,0.4998243076424498,0
1395632911204981032,0.7914410462846532,1
1392264748495274961,0.7958755565084941,1
1392424232471479995,0.37542876558160476,0
1392666709871409150,0.8306404879110733,1
1392845043647898576,0.8373145132095212,1
1392878558886016784,0.4126621396302428,0
1392912634487755545,0.38600462917297235,0
1392930669609295969,0.5295055878156579,0
1393008319956737999,0.16584444630541445,0
1393167413300959617,0.8062669742217524,1
1393507830722439218,0.781259315496989,1
1395783863301689052,0.8004341546724264,1
1395920394015832531,0.8345941440972855,1
1395994167766871995,0.7203697611252529,0
1395999273213634871,0.7203672015125887,0
1396003014361477920,0.7203663422288663,0
1396007831058522886,0.7203584675532353,0
1396361747076283369,0.3990868402273703,0
1393521548090507109,0.8077500249211846,1
1393634990204861623,0.8043027676380519,1
1393638323006456012,0.8096159004884345,1
1393641160995984453,0.8061834337720776,1
1394084641221903052,0.8158346814170565,1
1394131889802185117,0.7489002037880329,1
1394132258143651348,0.7787766172483053,1
1394139494436728729,0.5567113459981529,0
1394139680789975658,0.7745783932007174,1
1394141176923213261,0.7274039591785294,0
1396361901552603723,0.7697522658055171,1
1396376677596066967,0.37130129776097504,0
1396377041844022823,0.8202375410856646,1
1396533455963750152,0.029183633654500846,0
1396546346217762712,0.7863152540180025,1
1396564733924805597,0.22496790118838048,0
1394142790938525074,0.7751440479190042,1
1394143727660365840,0.727019528167659,0
1394220268881392821,0.1438711940282777,0
1396642041564802377,0.2699299885245486,0
1396754828240361420,0.8244978413846208,1
1397117070875485367,0.8388115614134963,1
1397153262072526738,0.6387862284893828,0
1397161849978136360,0.7964751096144794,1
1397257045445947247,0.3916724241998654,0
1397258918315237366,0.7957844820699719,1
1397356639000624272,0.7957932428263834,1
1397748622235788901,0.20585311880846524,0
1394250252760472641,0.7711404605862744,1
1394250625698982151,0.7258438571981586,0
1394250728342948334,0.7287363859411532,0
1394250730093161722,0.4940900719433028,0
1394250773410164638,0.7277738567909454,0
1394250856854743697,0.7724681351227013,1
1394250883509133400,0.7275287490403225,0
1394251213167309547,0.7753608987211007,1
1394251391437613934,0.7275287490403225,0
1394251603032039266,0.7297864682400862,0
1394251635740419128,0.7524723807256095,1
1394253324193565290,0.725714623953486,0
1394254786972964139,0.5032813610177752,0
1397883292523267479,0.8163010441738179,1
1397926412962437535,0.7514331540062138,1
1398007978098078307,0.017868854336008266,0
1398244115549213658,0.43449348377689617,0
1398725200837031199,0.8339615759392133,1
1398844826888400588,0.17935578951377104,0
1394257235363210827,0.6620528775625523,0
1394257257976615226,0.7258438571981586,0
1394261484601128860,0.7281381223981257,0
1394285227105190293,0.44015493994162697,0
1394304165364878157,0.54875682233853,0
1400767616890362746,0.7718393966318154,1
1400792556812663024,0.08386741694392041,0
1400943192510497731,0.036943026593273136,0
1401402307879769647,0.5406000156063887,0
1401404614377401532,0.5094979572487474,0
1398863745748326361,0.4476194158832785,0
1398887756935096598,0.7985179227762962,1
1399144925253859707,0.8111477463859965,1
1399145197566145963,0.8080189810928056,1
1399145481838294504,0.8397695743664738,1
1399320007818137140,0.046355864259474286,0
1399443018137829677,0.7036551868416511,0
1399585901077219028,0.4624410251516022,0
1399612044638683748,0.04885852141385462,0
1401450836992453244,0.44668185727600285,0
1401531334093003878,0.841996072751396,1
1401984329632848182,0.7864609639359049,1
1402302802842413691,0.8289527097581355,1
1402372595809315458,0.8198346874194395,1
1402378487729353498,0.8140824524483478,1
1399642157284304925,0.8209256603809638,1
1399937929434038252,0.7515963956828622,1
1399983854571253039,0.3348247108667401,0
1399992352512629681,0.39886592792011794,0
1399999738466957941,0.595606204410557,0
1400010147600308406,0.7670502291714779,1
1400012793380682513,0.6502113225615717,0
1400062838301412219,0.8375353328596228,1
1402385889184039779,0.42667813456211356,0
1402454491765742255,0.07018180516233155,0
1402460436203780985,0.8147389846508614,1
1402571190017567577,0.8055398288810612,1
1402941102459863441,0.8233739735277107,1
1402963189435138622,0.8293131647412694,1
1403073945699702413,0.8114678145874287,1
1403115358595551887,0.7962190121420728,1
1403518962343368348,0.5879404380723072,0
1400164027411450785,0.47010991402065744,0
1400241893855312181,0.01852600918795653,0
1400481251778990633,0.7487365158869884,1
1400481538300908997,0.753161109322425,1
1400720139998689453,0.3477300582204081,0
1400737914153599762,0.7724681351227013,1
1400738183842505384,0.7739423109599796,1
1400741063288200586,0.7726538286022703,1
1400755241597998363,0.7602942929900849,1
1403532520989551918,0.7843867142033424,1
1403568045417434701,0.8068374245863971,1
1403602719247875050,0.8000944050346126,1
1403627737472440780,0.8309827202233181,1
1403698200774884341,0.3318639129089382,0
1403725219627650992,0.7991229979570639,1
1404177177884210788,0.7806350353253401,1
1404232538875846507,0.8011353948433942,1
1404362436549019678,0.8298212208504543,1
1404441807636924465,0.8121389459744015,1
1400763726471604483,0.7640909820914907,1
1405984462843908510,0.8895560529107067,1
1405986152800141529,0.813891369500934,1
1405988597445013157,0.8240681251166997,1
1405988748754318086,0.8959145903837594,1
1405988929402877476,0.8579215766889631,1
1406028785737107413,0.5623967647169389,0
1406079361312129786,0.8014268244966086,1
1404450198339037889,0.818632528857994,1
1404474074983697358,0.04016866770724028,0
1404481277482151096,0.8287922782513155,1
1404524118266437529,0.674030586671759,0
1404587874215570566,0.4544453843447253,0
1404644214677850922,0.39628966158114115,0
1404713769265776125,0.7203654798691529,0
1404935814898561635,0.08569162966264929,0
1406183260152120035,0.07951189878416544,0
1406354850942539014,0.543188818179043,0
1406385137935101339,0.820361086496309,1
1406487943962941790,0.42671473775421165,0
1404936354180707399,0.41116840243817243,0
1404938560908728633,0.38198452346174133,0
1404941838076962664,0.03280113124217103,0
1404943634051002267,0.7683560468768549,1
1404948249588353094,0.022135217274313366,0
1404951014625260423,0.02335433080741623,0
1404952705824480866,0.029352122781817844,0
1406542038447010881,0.8242598647602984,1
1406581226871831455,0.19129733164502805,0
1406610300082102076,0.48728130134532,0
1406610379414671869,0.8282836525069102,1
1406610534243729388,0.8318016698007652,1
1406612293491326809,0.8206317134933594,1
1404958685972713930,0.7683560468768549,1
1405037755406349260,0.49430293237063944,0
1405097724684955572,0.831126923888366,1
1405111456169613423,0.7954527263144112,1
1405155283902197443,0.8373944547370046,1
1405200705581320499,0.8522152175657947,1
1405219060285604775,0.42847281750777777,0
1405262362709193706,0.8240681251166997,1
1405262670825785935,0.8206897656765674,1
1406612522657492879,0.8179424967123191,1
1406614110974511587,0.8197352853178952,1
1406657765905666238,0.07238483111488091,0
1406727512633488474,0.773854044461349,1
1407117331384348468,0.19840332933327293,0
1405263872003546309,0.845437215985256,1
1405264029295765997,0.8212418061307593,1
1405264326081758314,0.8178931167046909,1
1405264466515369749,0.821775254739311,1
1405264776135868625,0.8895560529107067,1
1405264928595444737,0.8304261592999973,1
1405265070749181524,0.8579215766889631,1
1405265242343803194,0.8507807408550216,1
1407167075778037624,0.8395249170040399,1
1407177541971455960,0.7615743460490332,1
1407272144533764645,0.4966591455325875,0
1407284631678356486,0.26570279627496374,0
1407336432341758567,0.024089979932196005,0
1407344736645729737,0.022378113017257357,0
1407355610403883432,0.46569117656006065,0
1407592692117636824,0.060005366078840786,0
1407870334012915728,0.45616353322561637,0
1408040838585865557,0.8273066644118452,1
1405278518105834738,0.8041534074988224,1
1405281923179358064,0.7956102881682415,1
1405317620045965983,0.2648168386377716,0
1405615068847844706,0.7501296133081142,1
1405615345725382315,0.5810612930232018,0
1405652813580358603,0.7515030463749423,1
1405789936424534669,0.7505724971776131,1
1405790365133708554,0.7512680192950574,1
1405790799382135670,0.7515963956828622,1
1405812221320597646,0.4217793926583713,0
1408069541422186353,0.06575870110720324,0
1408074970456656813,0.38614522530560785,0
1408084029739769497,0.06452787263619046,0
1408098407810133584,0.8112655283062449,1
1408167433402596671,0.8000809728497295,1
1408232195858594987,0.83681746922377,1
1408244672761541888,0.3661126211628506,0
1408245929640946231,0.21243349414787943,0
1408257751539868547,0.8079080790234531,1
1405859861441804816,0.8186182926912146,1
1405865869194046782,0.2613578883303517,0
1405984346544652908,0.8895560529107067,1
1411155037718236584,0.41017714396951893,0
1411255085948212441,0.8148155652956716,1
1411710022651331685,0.7900100239016656,1
1411787366732782274,0.773958755987069,1
1412256731194317574,0.8367167358978441,1
1408269924176237336,0.791894728892825,1
1408347942553875262,0.8001554509014843,1
1408420307656981734,0.22935763807558254,0
1408671160408480932,0.2466487916438505,0
1408809471766955072,0.8421955527178405,1
1408906439071223586,0.8201099291165029,1
1408960767779566132,0.8237456352787735,1
1409046896671491603,0.3397687848517753,0
1412314546066625310,0.8149772557038116,1
1412317061071708091,0.8033552562008058,1
1412329953154635491,0.7889419992629412,1
1412405909508325835,0.7919989125229571,1
1412479725816458382,0.3290809210886037,0
1412485194731040394,0.8308581775269688,1
1412601012008844945,0.812061030024743,1
1412675630588119627,0.4526928180211237,0
1412726161985916200,0.8352262225385472,1
1409114154948499896,0.4676591612720916,0
1409141630332131061,0.6224027350749448,0
1409149728097203011,0.4517454721289303,0
1409371231852546103,0.8069065251614578,1
1409397478625779056,0.7787188613895432,1
1409436664065007055,0.512417357152833,0
1409493205004408123,0.7627031873095581,1
1409551605919415849,0.8133869843181135,1
1412763936912469932,0.7931730845516491,1
1412768585517639641,0.79079804279435,1
1413005836445680061,0.4597760423073352,0
1413200931627367563,0.44430911819813185,0
1413253788430978399,0.29276623436564886,0
1413279094449796444,0.7606226148412957,1
1413794859388231683,0.8127145389857604,1
1413901507290549159,0.07425065727727437,0
1413919073611522035,0.8139191546494728,1
1413970989997673803,0.7512043355869104,1
1409619822569350840,0.840868206569241,1
1409730844154251382,0.782551290378752,1
1410119594184084003,0.8286511251747309,1
1410167047871626752,0.5379855575965753,0
1410350093850439911,0.5106636983452376,0
1410364930842856289,0.8490990530229177,1
1413983462642505812,0.7505108828436241,1
1413988103739313753,0.7518877235298681,1
1414042709212720304,0.8051637875037334,1
1414166014414116973,0.2983342927985304,0
1414423594276530392,0.30479285496476066,0
1414531422580693924,0.47483833385135155,0
1414543786393031565,0.8295729243519957,1
1410379783544286698,0.8267857901719553,1
1410807469171551922,0.7805924770195707,1
1410870383568679934,0.7662168172495211,1
1410911923026722369,0.7711404605862744,1
1410921234576653418,0.8115371853567086,1
1410966626932042671,0.5933490960471217,0
1411033153249444038,0.41884146820526885,0
1411058190665747681,0.8168554240340559,1
1411064964590338361,0.8412745907772734,1
1411070519354793048,0.8444552764404569,1
1414555404890107318,0.19412604397977395,0
1414576493646394521,0.815445833047559,1
1414586348616601743,0.7588035216713549,1
1414605304400554926,0.4623300533191983,0
1414653702439870992,0.7976472138136891,1
1414658652888343958,0.7502744239056761,1
1414668713987279509,0.5768858770937186,0
1414669385030049123,0.8421015859079617,1
1414669816774596890,0.8395756539152074,1
1414693507551491558,0.7870991379225285,1
1411088697409656983,0.4520981480073065,0
1411151968610664657,0.8104425518080529,1
1416344416736576270,0.7947416608701237,1
1416596235954454666,0.12654512377630203,0
1416622487037368695,0.41966721821716785,0
1414708748865373858,0.08091213489891873,0
1414728327286682158,0.8344439038185314,1
1415201472011979263,0.7280171490606759,0
1415201474380658141,0.7287363859411532,0
1415249355515993446,0.7955163274602939,1
1416631365909681154,0.809287670404243,1
1416766030854683574,0.4609201107382577,0
1416793735216873673,0.37240818505564743,0
1416818438430099965,0.45437152964111743,0
1416823516875641518,0.7691440319539327,1
1416880481467497335,0.8352383130105303,1
1417017185022040886,0.8101288756014178,1
1417220611321319407,0.8189546982233729,1
1417368175464016485,0.801889257233751,1
1415423645697592865,0.7619301984667606,1
1415436524758093481,0.7995796628304619,1
1415474922219784746,0.8287266226388368,1
1415475527184800970,0.5066598272128315,0
1415539446114892491,0.7893166365005095,1
1415588629032970938,0.7659003124055574,1
1415594423422775209,0.8414151543075407,1
1415779244135051689,0.7420805582220643,0
1415779809419580048,0.7518281406164332,1
1415780237379498912,0.5499635983639917,0
1415811422144309130,0.8130846971226453,1
1415895074079900073,0.7912661493798465,1
1417401696484076640,0.8199200339467245,1
1417525296224674536,0.8273318078851075,1
1417765395344505609,0.7135898418156242,0
1417770753093459230,0.7135898418156242,0
1417775410674605566,0.7135898418156242,0
1417790508040178696,0.7764080550081447,1
1418038566249854165,0.7613658198962289,1
1418044811983182674,0.7613658198962289,1
1418185248689938967,0.7613658198962289,1
1415905358553324477,0.7538253295523033,1
1415905673966653216,0.821023895060495,1
1415905948026022244,0.81485299937943,1
1415910275289852791,0.8077550606860489,1
1418262020426368596,0.1273977409748667,0
1418310515686597303,0.7596694630195163,1
1418480400774870232,0.8117630456068294,1
1418721904096280588,0.8220952349986282,1
1418893618465652471,0.7509505653450735,1
1419031693613652984,0.34738935833909235,0
1415937583915633838,0.13587316475624864,0
1415979120155764343,0.8059366799797577,1
1416001779988777115,0.842638393179913,1
1416001993407159908,0.49114117014647696,0
1416121621615079941,0.46347371130065457,0
1416136788796629482,0.8018851751141748,1
1416233258128826674,0.7971099745740226,1
1422403311266378333,0.8143034753911744,1
1422434902878796282,0.3716548533580358,0
1422440004935226987,0.7444670738929828,0
1419095260171517015,0.40803481283659365,0
1419106542385101014,0.40609553551679833,0
1419214023028939489,0.41511811137156757,0
1419220268598343911,0.7656048562312949,1
1419469333979650052,0.044767088192851585,0
1419551553934180284,0.8382265236402642,1
1419574559033964462,0.8242641164340053,1
1422480041804355241,0.7651732548898056,1
1422485295788852595,0.0970858921698418,0
1422491438681865470,0.7650863629793642,1
1422499860112245950,0.7650026356910014,1
1422505443654058640,0.764662901432835,1
1422513520678440759,0.8070545074066503,1
1422562186708740803,0.499193662696674,0
1422634134511555387,0.8045480885125189,1
1422636772563273220,0.49709653122947534,0
1419574996514877536,0.7780227557995906,1
1419586655791302357,0.7627128294969658,1
1419650368848607106,0.8492636574496197,1
1419650800065575808,0.8519543696759518,1
1419650836872348255,0.8438301079015275,1
1419651121324994272,0.8674466939130099,1
1419771998126948899,0.8075616743830824,1
1419877609066569818,0.3278474062423426,0
1419990170441618361,0.050628925358676004,0
1422717719761882800,0.7964164712853268,1
1422807425840937513,0.45405605435264634,0
1422840204549357342,0.7886724360904811,1
1423353811721659061,0.7933534533777258,1
1423376348165102006,0.8177886635914309,1
1424078359462675981,0.8080557057331248,1
1424202994188978829,0.45079295605946595,0
1424229101514294633,0.8318461800899988,1
1424254064992043081,0.44327836888316596,0
1420233891072102405,0.8263710263193951,1
1420234305136459826,0.7509828147729837,1
1420234999816571227,0.7499615763775287,1
1420235641962701531,0.7506820537795265,1
1420312899304340408,0.3176708554151994,0
1420316312079828057,0.8574030282768564,1
1420318753924235279,0.28302548941671507,0
1420350323531877238,0.7962142759048799,1
1420377488054055012,0.7841372536790475,1
1420425551819900067,0.4229703924408359,0
1420433559851017545,0.8096743253671264,1
1424259380600077446,0.7683603279727854,1
1424264835456263564,0.7689966151833311,1
1424485625198090530,0.8068050771267652,1
1424525761116182720,0.4717441006837468,0
1424631952833700982,0.053027153924913153,0
1424669101294771653,0.043568070875395236,0
1424670906568132255,0.8196091110692258,1
1424690366948941552,0.4952911220819586,0
1424746911680361159,0.03808677044815436,0
1424753257713414088,0.39748531646415497,0
1420457822942669126,0.5151511808154717,0
1420508322867807093,0.5129607837427956,0
1420509987236287985,0.8267071826021366,1
1420540000332585666,0.8235812928441487,1
1420554005508755835,0.8235812928441487,1
1420696679210864003,0.8024678074505897,1
1420933494447653081,0.8076823443844963,1
1420951213772466842,0.8217502439406936,1
1421023942076787397,0.8172060802590286,1
1421025686956049371,0.8031772614543241,1
1421061104645531307,0.04342622489668977,0
1421202603811225026,0.8172348131645057,1
1421238686103819773,0.2337177630708544,0
1424813134870968037,0.8208950155528449,1
1424874669466105912,0.7955163274602939,1
1424901698456564724,0.7905537613124993,1
1424911720073207014,0.8063348003539093,1
1424913183044344039,0.7954527263144112,1
1425120628977954533,0.40965679048572723,0
1425126358890866621,0.40965679048572723,0
1425244271735843975,0.4011448570665188,0
1425318916520835013,0.8578241558031586,1
1425374398246481108,0.7884183018931219,1
1421265735946785410,0.4697580515790775,0
1421272619278456560,0.8370227288458422,1
1421319936176755794,0.8487064617809711,1
1421425909867458285,0.06500088022541846,0
1421612371280313789,0.7966259395350493,1
1421986405426070528,0.8280287011311896,1
1422247151746154245,0.7792167531692176,1
1428563936017811568,0.817174079752657,1
1425422257530079509,0.822720582597432,1
1425557853203940583,0.6897973555071791,0
1425706431109504346,0.4010003427408144,0
1425740401166786221,0.459887271126895,0
1425758680629487814,0.405935697123598,0
1425805836675233190,0.8375322030526142,1
1426037107696047804,0.7515497679135638,1
1426074861168181876,0.8068597267116843,1
1428935061496120605,0.4539366347541084,0
1428971047389327310,0.8467771284708921,1
1429045756827119601,0.4949111943888904,0
1429150932363030784,0.4535191295323347,0
1429245505513532304,0.8096328830566819,1
1429444642169000049,0.08462819094076421,0
1426204135843683796,0.7611425323212512,1
1426261225401002238,0.7910497933258684,1
1426724139084179435,0.8108240082179461,1
1426785971842889237,0.7545668735737342,1
1426794425091635475,0.4258813435811722,0
1426804179655706455,0.8204091102906338,1
1426931115135644892,0.8064656798361604,1
1426982518475248912,0.8180163660126556,1
1427034735283242720,0.8506854416236871,1
1427057125890638188,0.8070661500985062,1
1429480999073478797,0.8132836653814974,1
1429555316706703943,0.7468003985163839,0
1429728611182906731,0.8132345460598603,1
1429736354211581685,0.7957617181590522,1
1430407400138248992,0.12065164202651779,0
1427090173212721470,0.4229633839313903,0
1427134184726804062,0.45231404534140385,0
1427137061497449444,0.7984483868401665,1
1427140399104622977,0.44675492909831405,0
1427194711802665560,0.7696625443195141,1
1427250395645819110,0.7643721880828667,1
1427256800807230936,0.764266150705685,1
1427264988936896333,0.766638984879176,1
1430414049285271369,0.8093899450726033,1
1430535668334946957,0.8050139528021746,1
1430546543209273533,0.8085449587322623,1
1430548108982598861,0.8208717590307126,1
1430649802499748708,0.7989859707413988,1
1430651455009104595,0.8473165290941123,1
1430651631489862110,0.8365085101882944,1
1430799990228793756,0.04434172100173895,0
1430805753720920533,0.10625386934347178,0
1427269998019841548,0.766638984879176,1
1427328942094304339,0.8080655615260448,1
1427343346361507360,0.5357853570875124,0
1427580409970449613,0.8108555482582276,1
1427614660860167615,0.02786275555670561,0
1427975774187560848,0.8496749560436403,1
1428165801502658446,0.769585039129243,1
1428175656282007168,0.7813186553747369,1
1428281184578719792,0.2598301621372798,0
1430810758028525018,0.04367637911163293,0
1431064727614894765,0.435003755418849,0
1431107300502079181,0.7896186873993906,1
1431163615429546746,0.8119758238147836,1
1431223852948407524,0.12941968121175637,0
1431245835188814538,0.780592686660849,1
1431263909763313181,0.8284439208046742,1
1431321532725027261,0.7947416608701237,1
1431381033481170872,0.7896186873993906,1
1431390178510886787,0.7866238851358807,1
1428553548345210975,0.8004501717382809,1
1436292347053608902,0.8135475424359783,1
1436458655312654893,0.8382732101646577,1
1436560721702881026,0.46982965829275314,0
1436598701872526253,0.7811845500166221,1
1436810619316989905,0.8088379873967858,1
1436871209405010723,0.11792946490263798,0
1436902658002801448,0.8229364438661767,1
1431409034032225474,0.03624156276110428,0
1431409789277682529,0.07073680275272191,0
1431410042440993685,0.43491183703017944,0
1431669224919785623,0.8137041975217802,1
1431953925573665081,0.41156856238377454,0
1432042744827987785,0.8015666498115324,1
1432095733458937667,0.7858063132547194,1
1437013848712699591,0.7842271947706722,1
1437050379697065080,0.3730843474337405,0
1437068541007638306,0.8486370972278585,1
1437120503930375226,0.46712304153214085,0
1437125236958641716,0.8124656821293902,1
1437126108125854884,0.822238289339005,1
1437128339037327105,0.34866965967376606,0
1437250523981799636,0.8176934697025344,1
1437489193231265423,0.7998906535112426,1
1432138273611665220,0.7852237693776715,1
1432187204747614328,0.7786153309448849,1
1432220832139681314,0.8182832694796313,1
1432265562699465652,0.8285285374944799,1
1432270354011613672,0.8123598371542187,1
1432656382358388589,0.3860652097412239,0
1432706895727131275,0.77050716683706,1
1432857326527544970,0.7475326167175949,1
1437558502175065750,0.8142445697464675,1
1437717590842865352,0.7630103765122369,1
1438362729012267483,0.798653263670683,1
1438405052694410158,0.8116701633040655,1
1438410414995466949,0.8051189891096032,1
1438487856179594703,0.7700241402024741,1
1438522075887790357,0.822060467980905,1
1438686431347188407,0.027594764816739968,0
1432873795936250809,0.41320832121586437,0
1433340516262371729,0.784385613495235,1
1433381529653166754,0.781884780212446,1
1433485988624459813,0.8170676282206629,1
1433605916811085516,0.8166871203963618,1
1433616171462961216,0.7849011724353644,1
1434025796037819596,0.8010977305260959,1
1434046577211118948,0.8133636032074022,1
1434058157431098290,0.11886657976896478,0
1434164275078267528,0.8316888735509032,1
1438727517868389529,0.4832873483676492,0
1438751951893747692,0.03181420472951735,0
1439058228202377016,0.4355006809441081,0
1439214212314004139,0.8222252344838237,1
1439247877724095941,0.7780256309238246,1
1439452141371350715,0.7976208272612784,1
1439456776087046917,0.34798756823521143,0
1439514129643342776,0.8475052973381162,1
1440002138987291708,0.8148614696441582,1
1440088337072041819,0.7794350294651927,1
1434243803742674754,0.562648662892797,0
1434309527024408916,0.8059653801515488,1
1434327783038434305,0.16846125187317545,0
1434454881983005436,0.798763394408582,1
1434754289628895027,0.4173908035769472,0
1434768388830037734,0.4233823076119642,0
1434772215499391316,0.35954039441856567,0
1434869845260920596,0.4364174178889642,0
1440119652072649004,0.8154430480574799,1
1440222887722062172,0.7845444418087022,1
1440467235057811943,0.22565231268990601,0
1440470238104217566,0.13596756193842513,0
1440521680781915136,0.8012442370253275,1
1440615357073699858,0.7840880214680349,1
1440626318113722701,0.05554877067573292,0
1440712701095216198,0.49801021338499946,0
1434966292707075869,0.8328258114083376,1
1435247385203779116,0.4817549417466104,0
1435387074712642879,0.4408706041945955,0
1435476272896085170,0.07707224386197048,0
1435483205031893462,0.08938568511995912,0
1435598547683604464,0.7984496167636571,1
1435661450353533827,0.8452829273070781,1
1435681603093437937,0.7672859039154384,1
1435997620643461305,0.7733823356812385,1
1436161321141092377,0.8089619691558155,1
1440758853271206077,0.4150244747223443,0
1440877043471445816,0.31161376570614335,0
1440909372083557549,0.7737869154463781,1
1440961528416261728,0.7962184851069224,1
1441248396744148515,0.6240312070572795,0
1441271495991094885,0.7799440559453601,1
1441334475324848109,0.7951429589271287,1
1441482556329502341,0.4453826295386687,0
1441517953810398186,0.434713591510159,0
1442050461122064245,0.8230868849565022,1
1442114643781495545,0.04263295051368579,0
1436225401093395258,0.4101373853396005,0
1436288449664200287,0.7995239164311456,1
1443013424940483793,0.4437833301705253,0
1443535980440746763,0.8230786683272406,1
1443610229513434014,0.4405579475914619,0
1443610444839997665,0.8132207697266159,1
1443650033948551393,0.3628647775734871,0
1443656691057332047,0.8227339162755584,1
1442195528784426308,0.10123038662321815,0
1442199871061591011,0.3462157001241618,0
1442231821208107146,0.8075665875811082,1
1442236527051451237,0.7785006723343668,1
1443702761828456737,0.4185226239671193,0
1443726687163433447,0.7998006022662107,1
1444361816139266163,0.7988031558608912,1
1444424752854213072,0.5305068064911498,0
1444497972042807274,0.8414492117586313,1
1444916331249989136,0.8158766774440486,1
1444985182209112718,0.7981203672665949,1
1442312528301830810,0.790746170086736,1
1442361499431939040,0.4584654655416547,0
1442363750374620775,0.46512849642875265,0
1442426923161929673,0.37529096785091837,0
1442428955417081560,0.8011353948433942,1
1442453388669338438,0.7931627349745605,1
1442489878101548221,0.7587487440118089,1
1442563512213514020,0.8330695207048316,1
1445096330163449724,0.7979859136286361,1
1445107911709381570,0.787237710864095,1
1445169185870831358,0.03815545518395949,0
1442787434535976701,0.7924331600338164,1
1442791950967184467,0.09752515364592514,0
1442792041278332779,0.495806472969063,0
1442803148993968969,0.42733482231591546,0
1442804718964493722,0.13263699068423812,0
1442811990926226522,0.5629169598918113,0
1442865633331970420,0.8037067858482457,1
1442871443313654208,0.45063743526984557,0
1442873336768129961,0.8030007163419254,1
1442928783390163380,0.8257285447849592,1
1445246561735100625,0.7626318505104448,1
1445577431042940780,0.7674342272687159,1
1445603505529681162,0.7737869154463781,1
1445606729621497353,0.07707465695044148,0
1445610341270434275,0.4208385326971815,0
1445612393342741087,0.7828386258750069,1
1445612408017952547,0.7828386258750069,1
1445612470358206846,0.8703366131431455,1
1445612474570459567,0.8703366131431455,1
1446579678076398464,0.7955917900622792,1
1446885351270262442,0.8227655264353749,1
1447015985365726752,0.8278638060657604,1
1447078348629341837,0.7925646741809795,1
1447078353895776973,0.6511310533542036,0
1447078355884471868,0.8850277739754467,1
1447078356354544226,0.8850277739754467,1
1447078356690177195,0.7909472158888712,1
1447078378673763634,0.8872565956966497,1
1445638989300001135,0.3940353009325033,0
1445645330726269806,0.5176020837971518,0
1445649617929460280,0.5020541733825802,0
1445657735989441446,0.787287163803652,1
1445657738356846166,0.879951028469097,1
1445657756574873724,0.8711049014893042,1
1445657776864655659,0.8879313313022615,1
1445657778202805163,0.8879313313022615,1
1445657883269221895,0.8711049014893042,1
1445661625541515478,0.6920457755838694,0
1447078478544563993,0.8703212362344751,1
1447078593478755926,0.7521151316470592,1
1447081733479401218,0.7159292672970495,0
1447101185790224115,0.48030478346536154,0
1447107855334931253,0.7919783163708549,1
1447110997294333061,0.1268595510717646,0
1445673984281273240,0.7711404605862744,1
1445674419877218421,0.725971640750272,0
1445674577356474812,0.7260210149833711,0
1445674921508002422,0.7274039591785294,0
1445674955510719091,0.7701786150788263,1
1445675187150286502,0.7302425585986008,0
1445676061947170162,0.7731954443190253,1
1445676369654491538,0.7261398396176675,0
1445677910418489727,0.7261398396176675,0
1445677989544475913,0.729207254536931,0
1445679257668251113,0.7219304166869432,0
1445679304298885780,0.7272762998149775,0
1445696399294548212,0.8864139252480165,1
1445696405031341358,0.8880687627864374,1
1447132958876305057,0.4909203397674447,0
1447141033729773267,0.43979530039491505,0
1447141612746247085,0.729794413649908,0
1447182968408810905,0.8089227177335653,1
1447188771728758296,0.807922802302268,1
1447362811980340416,0.2781521696191824,0
1447386190299990671,0.33010133648831297,0
1447458406547219826,0.8466625597761962,1
1447798050123921620,0.8060252752821159,1
1447821450162703710,0.49324675685869207,0
1445696410573867233,0.8880687627864374,1
1445696411392807849,0.8700646595709439,1
1445696411752658886,0.8880687627864374,1
1445696415216918411,0.8880687627864374,1
1445696426174864260,0.8700646595709439,1
1445696430547920817,0.636512665579341,0
1445696434553126741,0.7273129002676613,0
1445696449072619996,0.8880687627864374,1
1445696452279972520,0.8880687627864374,1
1445696452324669276,0.8700646595709439,1
1445696473007645335,0.8700646595709439,1
1445696483060035158,0.8887371038121963,1
1445696744543625051,0.8887371038121963,1
1445719574886394263,0.05762177335859199,0
1445740822406503935,0.043030801996906835,0
1445745174936428035,0.09693405481912795,0
1447913409568418846,0.8249557374106473,1
1447950645762636274,0.023943775298385657,0
1447997024134727166,0.7727728776260189,1
1448019938081482522,0.7964164712853268,1
1448128439492466979,0.7768718080941626,1
1448145402867725892,0.7632120298589653,1
1448474059105364274,0.8073593770725034,1
1448803828967260090,0.7778415594593704,1
1445754863489244460,0.06942961370893212,0
1445759297956899711,0.07574641883093973,0
1445763656580631954,0.07744817392006743,0
1445784602037551465,0.8204677511477267,1
1445866387454442796,0.7982673112323468,1
1445985283711846562,0.8162721314540053,1
1446300263382659429,0.7933811849277393,1
1446336096840075708,0.8204677511477267,1
1446357637788722077,0.7951170596390895,1
1448827922799521886,0.8046622229805918,1
1449190521158423360,0.8165531564443653,1
1449225396000301153,0.6301526370250636,0
1449257944447172680,0.7705123653844068,1
1449298588643918472,0.8121127452486113,1
1449346311248738053,0.5035429904330014,0
1449346742798245320,0.773253186244312,1
1449385752204915086,0.78716756221375,1
1449389280284259262,0.5450361356582649,0
1449509241789218359,0.8101421404986987,1
1446375985486599608,0.8054530862682576,1
1446495472541409010,0.7442818763136528,0
1446551165037535755,0.41983537654169706,0
1446568558649658770,0.8109809989379033,1
1450536079428434302,0.7530542770604256,1
1450536554869230162,0.8386164830209506,1
1450594287205813628,0.8172666846746678,1
1450649287919225766,0.811254805934678,1
1450712284086557952,0.39447772789578606,0
1450793588521092472,0.8243851372774289,1
1450815755934215052,0.20958128684095947,0
1449549472019299338,0.7792827590385045,1
1449611807097479998,0.4234413402409353,0
1449634303572344943,0.8219900430466001,1
1449637728349339157,0.33374010840681145,0
1449965457683605948,0.34751621977012553,0
1449975496192495469,0.814357301705581,1
1449998682555345045,0.48267513243360843,0
1450006604219944441,0.8161053521338025,1
1450849639842604845,0.07001369138724202,0
1450019360907025753,0.8161036887965353,1
1450044654911841582,0.44327836888316596,0
1450060075895926877,0.8022034659371192,1
1450076451342608041,0.3717777858265579,0
1450080414626099128,0.8000370958436793,1
1450244628556340783,0.794653319781911,1
1450252955278365163,0.7757702321109248,1
1450253205493580372,0.7757702321109248,1
1450274494567079887,0.8117818768272799,1
1450894706072020592,0.25918882908447344,0
1450292649916982889,0.7782841042872504,1
1450293539938847606,0.7782841042872504,1
1450293823296599855,0.7782841042872504,1
1450928629089036998,0.7770682320134312,1
1450995196068591769,0.0852321002670956,0
1450995364921845783,0.23584550075683455,0
1450995550281527896,0.8035229632419891,1
1451107566678498656,0.8104013317897815,1
1450422644083174498,0.7490284932503146,1
1450528540493718647,0.7491706060518307,1
1450529109341486602,0.7778150442912755,1
1450529506326311471,0.7530542770604256,1
1450529956161739568,0.8185432766680879,1
1450530329888238378,0.7692463059290393,1
1450530756602769265,0.8076283412589518,1
1450531092496953718,0.8077362304149166,1
1450531415928096245,0.8122512884453948,1
1451393223247713643,0.8392130533992284,1
1451393381226394142,0.1817993999225759,0
1451404276020688348,0.5847685449574624,0
1451454351624631206,0.8144955387165957,1
1451567821129914762,0.7959110250110463,1
1451611826946710562,0.15454324844445153,0
1451709999535090574,0.8423785309901823,1
1451823324055476098,0.8246876639140693,1
1452061094118794928,0.7501296133081142,1
1452091297708469956,0.8176374907700528,1
1452095072597205492,0.7649107818750785,1
1452128275184588976,0.8375322030526142,1
1452189842865452659,0.7730219693454327,1
1452225185789323589,0.014768981030592038,0
1450532101218602117,0.7452300001459827,0
1455270489326786765,0.8475289911579676,1
1455297121466163887,0.4807888857093965,0
1455409194505226463,0.4245800122399735,0
1455647225862958807,0.7498489485619928,1
1455873675431794148,0.7891109434383455,1
1455915578248948134,0.8158151064696872,1
1455919443377963410,0.800280820716011,1
1455919687642309037,0.8183981680369906,1
1452246451340328915,0.8018158814759907,1
1452257667998318330,0.7588436592642891,1
1452351262036226048,0.7942680773897809,1
1452502762499808132,0.8027305087137142,1
1452531077501217378,0.8007178319039667,1
1456067485372769297,0.7991743682109189,1
1456090325531075927,0.46982965829275314,0
1456123613007629015,0.4680174599516108,0
1456167679532750343,0.5769822841015052,0
1456182444281746392,0.3793911381263604,0
1456272587141041912,0.10907944665766274,0
1456282628624754893,0.10488058272199308,0
1456494393759965272,0.022424903810456243,0
1456494508404356616,0.038523796795829755,0
1452747599644192583,0.8021452832999258,1
1452755680072402235,0.7468686389034557,0
1452758631796791170,0.440882596694985,0
1452776261114472838,0.8057412756300238,1
1452862492147482660,0.8287111141581454,1
1452877747153310527,0.7538310488594815,1
1452898103985635476,0.4966591455325875,0
1456525947654218170,0.832994243548963,1
1456612906732267242,0.8387436787188959,1
1456668117163063037,0.2615599357929548,0
1456672997045591393,0.10307941337677494,0
1456689768926537362,0.816251716364951,1
1456707483080931931,0.8321918847738989,1
1456746280750115143,0.5991872733941463,0
1452909969350952812,0.7444670738929828,0
1452948265307701600,0.7691224103187498,1
1453024110547429185,0.07285571218706519,0
1453026149086252275,0.06188766247928211,0
1453030627108174594,0.05476275180059526,0
1453066826493838112,0.023581275830490318,0
1453066978477917309,0.022329429780479467,0
1453067132019105940,0.8383759273951374,1
1453207381032875434,0.7860300193346705,1
1453238939941520779,0.19605592588950788,0
1456751349113098345,0.7475103913295037,1
1456835210172739888,0.7753788894986484,1
1456870490721517208,0.8134566482415496,1
1457262765757943772,0.46512351850758565,0
1457268151967138303,0.4553233698311834,0
1457288377241666703,0.7526442645909547,1
1457309538735949953,0.44421888983589425,0
1457374022279864696,0.758405017863441,1
1457374101922150816,0.7444384780347957,0
1457406139947835759,0.761662181445726,1
1453247285066432906,0.8438757353830565,1
1453736138798207455,0.12886582194909146,0
1453872964849948043,0.7971433657778373,1
1453924232294688678,0.3195775171725929,0
1453998364014298462,0.7657395411323332,1
1454443724080436375,0.3034238013207442,0
1457413810728813844,0.7864938373714276,1
1457528851445873895,0.7871307665877129,1
1457606862657950632,0.7459925442114915,0
1457933601934044936,0.37590273789860484,0
1458192583013440104,0.05766587780024074,0
1458192746801011305,0.12024496019494246,0
1458193187298642650,0.8106885275423873,1
1454624131452875365,0.8038409712266112,1
1454641416961417494,0.4491275994076465,0
1454668412623839213,0.4217793926583713,0
1454733698257270575,0.7482387815492012,1
1454907136075792818,0.7958050630193935,1
1455076426091993048,0.5099331631449089,0
1455268957087918685,0.35237555365590645,0
1458194087175317540,0.8065210010657207,1
1458194196318037862,0.5785122043023795,0
1458195186708208039,0.4749975503754284,0
1458992797293069985,0.7956333532436616,1
1459064886027647576,0.8233010190640327,1
1459084355748704783,0.39916466613465496,0
1459437163224056620,0.3303016388588575,0
1461158007621078077,0.07377673916818561,0
1461272851282170915,0.7818054565450494,1
1461498891813538242,0.8079577412577127,1
1461553539907772855,0.8362437661818267,1
1461582019124282870,0.38452709790837486,0
1461625844439298349,0.794715197705834,1
1461631970691867009,0.7999392382918104,1
1461669502115264895,0.7999392382918104,1
1459691291641299280,0.3974560154236146,0
1459820882227442596,0.8327558055041034,1
1460130820906385487,0.825656865388395,1
1460134894710934004,0.51562751671334,0
1461682529836124788,0.8003413710971041,1
1461705029500906699,0.7444670738929828,0
1461713206128531217,0.7444670738929828,0
1461764858593025473,0.19867385167731363,0
1461774007041848514,0.7958655658329835,1
1461792492536480785,0.7875417638863723,1
1461851748706415685,0.8021745315995237,1
1461949276584237270,0.7994227250495075,1
1461985188927268092,0.07221245591631799,0
1462098618989824489,0.8183104425049531,1
1462177779117822774,0.7543811587471932,1
1462178374090647135,0.7537560663809131,1
1460214754300816228,0.8056892115664532,1
1460253186498336837,0.822556765212557,1
1460312446850204821,0.7442818763136528,0
1460329264032555042,0.80031271048866,1
1460427330425712662,0.8333329093686732,1
1460435203283288456,0.38132091921699257,0
1460528448879307839,0.8173548271451668,1
1460821404104368628,0.799823513321097,1
1460834694914109272,0.44458148736110076,0
1462178693831546448,0.7461126337890942,0
1462179358294243542,0.8206413338492992,1
1462179731190091383,0.7766826838614,1
1462180350836402667,0.7790609294367917,1
1462307937058793818,0.7769724170056607,1
1462312433080358938,0.8398179895840827,1
1462430329989692029,0.744649320873653,0
1462479020161247707,0.8548792655658387,1
1462490878355470072,0.7995712523111932,1
1462503564564863126,0.48545093479201984,0
1460843882329555325,0.45184199713578754,0
1460846593738814714,0.39930106712678465,0
1460870826538604739,0.4478559485555865,0
1460880304014029084,0.5758008994911933,0
1460927949164847926,0.7444670738929828,0
1460945080968240215,0.7444670738929828,0
1460976147120565231,0.5213613738482006,0
1461003370663157560,0.8472002656982068,1
1461008416355617734,0.8520629453732593,1
1461067077990181057,0.7688535147715743,1
1462522271726223739,0.795521883871709,1
1462530988908547162,0.08694814558393016,0
1462589521872476331,0.09056533962927507,0
1462632184073386509,0.28902174560957616,0
1462653641338774698,0.22785116883792858,0
1462943416584238661,0.4828973147861391,0
1461111216776927347,0.7934856465561533,1
1461117321359172533,0.7934856465561533,1
1461151405939659800,0.8038844655283344,1
1466093451528329359,0.7688535147715743,1
1466098850423429094,0.2712453219456233,0
1466099923279398175,0.7723596614189212,1
1466119783791584023,0.01170839472314082,0
1466120116565304862,0.4084359204037965,0
1463041277691146419,0.8259928310778877,1
1463077897889234973,0.569368767395689,0
1463078492882185808,0.5687760533604046,0
1463125170057479315,0.6360026353379222,0
1463148257535403815,0.8156235469755179,1
1463292923518695743,0.768668959574882,1
1463357800788767231,0.821961402898698,1
1463507710137323452,0.802478109187872,1
1463819381328319078,0.7883789698170127,1
1464003269528884440,0.4698797791111263,0
1464067728209801953,0.10265083312121788,0
1466143736858204138,0.8363349745228448,1
1466160741269511147,0.8305476669698437,1
1466295649542988526,0.8169931654334476,1
1466605661276792321,0.7846056102651197,1
1466629575567338129,0.8416857617276337,1
1466834723985233504,0.7974712462267085,1
1466957899304229285,0.824757015691962,1
1466967117098620680,0.8286268938773044,1
1467001019306608799,0.6260126140393771,0
1464105449413686952,0.846156239975414,1
1464112397290254376,0.20750597057944067,0
1464161204368731593,0.8113789568258325,1
1464574683357613328,0.8289282745673916,1
1464646084887521928,0.45874932065944524,0
1464743119576179252,0.8310390956502395,1
1464858066098516175,0.2676773333512579,0
1464880231410828550,0.7967102452582459,1
1467346257811861471,0.8206855664764439,1
1467368917664660711,0.31029276522466015,0
1467382321760838215,0.20557866971711192,0
1467539689846544825,0.8149406246204155,1
1467559826282643224,0.8180021743778668,1
1467572950049598999,0.8156235469755179,1
1467581105003213456,0.8199509372121441,1
1467588892087208471,0.8401397644501405,1
1467599156009404002,0.820143649997065,1
1467604402580900858,0.8191307309116068,1
1464936280528850009,0.7761850612641764,1
1465129716645905850,0.7484612464549807,1
1465137262375764958,0.7507907176947214,1
1465171285990073793,0.11915400615950192,0
1465182571430159659,0.7484058193121663,1
1465197675773804698,0.7807729262720495,1
1465255048717956652,0.7917678825718087,1
1465352113317336427,0.3750893436117262,0
1465358011939829917,0.7945411658684056,1
1465384565430227951,0.8045859529159137,1
1465399862221901558,0.8345266153139654,1
1467667757466795464,0.8140015741415162,1
1467777081650749186,0.4396238750723696,0
1468061215570422828,0.8261300665873885,1
1468191882631270565,0.8029415563043317,1
1468211113245887324,0.8242046959303533,1
1468263747530243553,0.8103005473064679,1
1468323963520281770,0.10446240481544034,0
1468389416630258313,0.1601212765054324,0
1468805256133643700,0.4761199561550834,0
1468894756222797866,0.7750925404840637,1
1465401877279284626,0.8176765070084415,1
1465530149135820656,0.8284439208046742,1
1465559559056489600,0.799496103425507,1
1465668126800639153,0.7957030193636034,1
1465885102535291433,0.8186882722997999,1
1465952628316245829,0.8112013290212564,1
1465987106195846694,0.838276297147305,1
1466021902135995349,0.1810739242766365,0
1469058067189140948,0.7965776028485806,1
1469066720647085051,0.8070545074066503,1
1469092428018770964,0.8209767838957454,1
1469552968924471137,0.7906157370671791,1
1469675789745143127,0.808855803966902,1
1469907595708646318,0.8103386286227547,1
1470263541990375759,0.8208332983212482,1
1470270602272744796,0.06706482822482568,0
1470289973448604527,0.797799154763439,1
1466030427776579452,0.20737503132550528,0
1466033561228042196,0.14325377780561752,0
1466034929936873876,0.7890754127017146,1
1466039043253442666,0.18238974471720823,0
1466041124238767699,0.132288813235684,0
1466043233188993365,0.11161525832245418,0
1466076086148228005,0.8202231195804585,1
1471738686273700735,0.7711404605862744,1
1471755036830708469,0.8288502262421742,1
1470296776098945186,0.6880701129275566,0
1470366791388920655,0.838034326381135,1
1470425365816783957,0.818647862033136,1
1470431703348097108,0.80732485582285,1
1470452250082272992,0.4420608531398164,0
1470456649214140485,0.7644166911148332,1
1470656449270268726,0.4308415961902204,0
1470724024508189662,0.8097821360860924,1
1471758756893887831,0.8890755552906295,1
1470951975377645250,0.23793728415398543,0
1470970363595307965,0.8215524005814668,1
1470971039069664429,0.8607688820218214,1
1471024937175352887,0.4185796861789583,0
1471040086437565911,0.814607071777295,1
1471098845826422239,0.7260079466642784,0
1471758946743340697,0.8707290954183902,1
1471874314079198745,0.40268739053245245,0
1471902405095818372,0.8074681640284844,1
1471966732115431380,0.7552680275450698,1
1471985963180795323,0.8040474260768461,1
1472000639882547156,0.8002605762383775,1
1472054037097462222,0.7817780495525238,1
1472054274261494059,0.8133401044123448,1
1471099289382321503,0.7839529484435611,1
1471109535308966211,0.8147291018946226,1
1471115038694581136,0.8068853048959921,1
1471188252898995512,0.8374666946775999,1
1471208944163397305,0.7899837023339787,1
1471271747478067789,0.7729749584323558,1
1471315664923123358,0.6914101328093676,0
1471347197383014173,0.7764728107263124,1
1471351739494797520,0.12874988500512996,0
1471352274108522711,0.8438065979568852,1
1472084225323504722,0.791313490598967,1
1472114216275132181,0.7529230799598338,1
1472182718549889245,0.7815891080044262,1
1472424639505048877,0.8098360212469989,1
1472446762214437404,0.8220502814746342,1
1472447371187924960,0.8258760053532015,1
1471377536738388329,0.796793029664497,1
1471477705764577829,0.10042079818860936,0
1471483725986495874,0.1374918791629493,0
1471607612503922525,0.8045859529159137,1
1471616778091683368,0.7805777521833355,1
1471698275708228872,0.7706263693880095,1
1471705559706220663,0.7461787153641011,0
1471738683716071950,0.7738125431289984,1
1471738684687589958,0.7713304727125344,1
1472505559933655322,0.8015515944626026,1
1472506747857648469,0.848614248846956,1
1472508293704832247,0.820903475177712,1
1472509474939407963,0.45242573989964346,0
1472514160943557990,0.37216338924648174,0
1472517719732497599,0.8070070826327879,1
1472518276715719909,0.7946171547724699,1
1472518502001558911,0.8253014826287928,1
1472518756074503000,0.8390196510772582,1
1472519154643560607,0.8382659675338124,1
1472519871419150356,0.8279209286198991,1
1475012866231739994,0.7712533911517069,1
1475186610266336306,0.7755971624327324,1
1475374757183299451,0.7803358439692383,1
1475377671531893409,0.48751713700289057,0
1475428810294784105,0.5088973692285327,0
1475462291444718756,0.8158448399074094,1
1472520279068698255,0.8144857719886331,1
1472520593611224715,0.8189099558387398,1
1472521137266031857,0.8276551662638215,1
1472522594283037342,0.849234879894003,1
1472524633520026354,0.8236242091460643,1
1472525058156606887,0.8211212561088488,1
1472525455704756923,0.82317465122305,1
1472526718456543747,0.8263607886767873,1
1472527021789473585,0.8284880685029485,1
1472527441577256831,0.8446661751781611,1
1472528835378570341,0.8253701305865007,1
1472529566019931854,0.8235321794312455,1
1475476874695635701,0.7787717767977373,1
1475491748724484878,0.7990470001109304,1
1475520305585202942,0.7999971764882335,1
1475525938127622259,0.8042598667258926,1
1475546938618753182,0.7999392382918104,1
1475553119227213284,0.8066773797181549,1
1475561479697444007,0.4575168612443279,0
1475565885681773382,0.8002653367909082,1
1475590557248377835,0.7805012487880322,1
1475597040078439802,0.7805012487880322,1
1476014348509742182,0.7954527263144112,1
1472602144208385837,0.8265222516741771,1
1472642617669836324,0.3307225748567755,0
1472819235458007538,0.7974333151489302,1
1472913881659881243,0.791466982382077,1
1473034303354272431,0.7497924521927842,1
1473215291343343493,0.8319891371560617,1
1476014428596267034,0.7955791569992668,1
1476044426881851562,0.7878439386749067,1
1476054250112585149,0.7549074897067043,1
1476054683712975213,0.7549074897067043,1
1476055027897066008,0.7788342089545577,1
1476090474979277691,0.7290901707493005,0
1476090540917847966,0.7283787392031882,0
1476091131274355071,0.7331970125355793,0
1476091287806551409,0.7311360428177149,0
1476091643173886555,0.7294401726357704,0
1476092032472944804,0.7277738567909454,0
1473233942773409871,0.7896257579273155,1
1473235942654279112,0.8230708292721229,1
1473239063218779097,0.824428377121026,1
1473259288099793786,0.797701608525121,1
1473271667847814576,0.3883904957719187,0
1473332180744787164,0.49207804848692005,0
1473340391954836900,0.7475103913295037,1
1473350473349847172,0.7475103913295037,1
1476092554871970605,0.7318830873036076,0
1476133562512174736,0.4596314463050139,0
1476151998649025816,0.8383614222979074,1
1476160898751556999,0.42853061945879056,0
1476172666658924677,0.7793192850802979,1
1476205445091093177,0.7752166453177803,1
1476254628647319917,0.8578981682471105,1
1476291192570265312,0.8145072857859736,1
1476316052047297611,0.7693213655381461,1
1476425366364916388,0.7973173047522863,1
1473383288266702258,0.7957885089432021,1
1473434835123275467,0.8349281310951694,1
1473509683950635551,0.7798967828188034,1
1473804129592991592,0.7693676111401799,1
1473899603871713833,0.8037485086559388,1
1473947586206761359,0.7729038222210339,1
1474006771522377765,0.4272322723927567,0
1474123174393455182,0.381847167097112,0
1474157231230171380,0.7938179463085058,1
1476461947010965722,0.8118953691808252,1
1476462428040858149,0.4214243946132198,0
1476466388994555188,0.8118893502258377,1
1476483145161432210,0.4083025667435441,0
1476496307039545240,0.8330755068308425,1
1476729835638691929,0.5287239811183412,0
1476732023886181140,0.8110206224808978,1
1476733614513748057,0.8211660344407775,1
1474275263527075479,0.7476424673419976,1
1474371251628820197,0.8178203905599825,1
1479788480360032576,0.8539332866027812,1
1479839749272938614,0.8008737932893829,1
1479850383777213449,0.5120392380885753,0
1480463226628620779,0.7265000736891519,0
1480480048164486842,0.7634289713314112,1
1480544808861558185,0.8221688634156962,1
1480560719685121021,0.7636362315179448,1
1480572386769633248,0.33117868325494293,0
1476742325049764396,0.8309817581778536,1
1476817181656019657,0.8261746023909806,1
1476896611722339147,0.7439467504152691,0
1476941971441847969,0.829561734876583,1
1476946731802126261,0.377905951070267,0
1476970614270310151,0.38667519475882733,0
1476975390475568516,0.7916133726802453,1
1477036294584099594,0.8023276688507344,1
1477050028021873103,0.7947831897746693,1
1477160915409283050,0.8196360324567212,1
1477180775117139642,0.7761740610922175,1
1477523539110195606,0.7803072252611732,1
1480585862441816405,0.7777613021393551,1
1480586909742260916,0.7474206167966935,1
1480612826420062802,0.830685728317726,1
1480644761280022037,0.8476630328032486,1
1480716125280630446,0.8068091421324661,1
1480776449161666718,0.4813181810887724,0
1480844956464901314,0.7535234343643032,1
1481112537085351381,0.7523938460481291,1
1481375661257391186,0.8116848222523355,1
1477577159825120952,0.7661249915006627,1
1477579321816059355,0.7961648960648738,1
1477582652534168958,0.778915532884853,1
1477602041511942498,0.7803072252611732,1
1477638736750797835,0.8151763225110593,1
1477745941712844713,0.8082455303570588,1
1477781644622609461,0.4357325069251307,0
1478311565538514824,0.7799156544366072,1
1478378588037067520,0.7932165830108652,1
1481511759136162584,0.477777742216233,0
1481817856016590137,0.3970443096311306,0
1481829822336255699,0.7513152151967748,1
1481830093625506112,0.751456230702063,1
1481887339825217862,0.806761657905453,1
1481901750674382129,0.8084878051962514,1
1481902285273637020,0.8069392856345983,1
1481939761357392770,0.8068011761791815,1
1481942717596931242,0.49324675685869207,0
1478396077891408872,0.8110206224808978,1
1478402008321231675,0.8433896058452397,1
1478428633803894865,0.08496775139305468,0
1478482699027116182,0.7990833771831921,1
1478578681244063696,0.8192783927730497,1
1479070477757936901,0.6238904411572621,0
1482005040136887562,0.8066226510627429,1
1482166726925838258,0.7748064980338921,1
1482234006695857711,0.803354905022692,1
1482249231176535344,0.1417985031494991,0
1482272952672838214,0.7869916920864856,1
1482522106431492303,0.7275287490403225,0
1482554551305444318,0.7538253295523033,1
1482612985037308960,0.7998697184113385,1
1482642977684512274,0.8020786091285964,1
1482658169940373265,0.7907414257723385,1
1486278811014790832,0.5993078025235083,0
1486369528416649740,0.8416909599112187,1
1486415827098460282,0.8162339865850193,1
1486801835137860043,0.8241635996867811,1
1486904675186519943,0.210930075878941,0
1486933404724199982,0.7537560663809131,1
1486969497635637223,0.8343140793113961,1
1487060178691837544,0.7040810211240779,0
1487071010445520883,0.8397514932407464,1
1482766975352249397,0.7990055283988943,1
1482977174663447617,0.8130579949363806,1
1482990546602048561,0.7568205985631357,1
1483218921769348422,0.7777627329259824,1
1483256745844972119,0.727148157313374,0
1483257009958237877,0.7265000736891519,0
1483257081332055441,0.7325734322799734,0
1483257620269925296,0.608577812086423,0
1483257905324427288,0.7277738567909454,0
1483257951839019681,0.7282586514081936,0
1483258045265489703,0.727019528167659,0
1487080174323995277,0.8193280195622483,1
1487183430841780760,0.7999971764882335,1
1487186560158495320,0.5010028992125456,0
1487188203184316793,0.7909625777643192,1
1487194674134658913,0.7999971764882335,1
1487285278979806905,0.7529230799598338,1
1487294261181652272,0.7523128275146501,1
1487339469364148850,0.8096749673679978,1
1487537373275542202,0.7484612464549807,1
1487544913023927558,0.7472073918248385,0
1487603053551884267,0.7755265502178418,1
1483258299747116792,0.7299010894068072,0
1483258983914866714,0.7303555923820693,0
1483260521188571897,0.7705766998737431,1
1483272449746950261,0.8112164959333156,1
1483353287367525193,0.7444670738929828,0
1483362971105667753,0.792476022008932,1
1483376230804940936,0.432293464204173,0
1483483272414177206,0.8007040367286122,1
1483508921133814872,0.42361941046758456,0
1483555095769326423,0.41875459056985387,0
1483599885962814325,0.8007151837802423,1
1487616737461597500,0.7753745614077565,1
1487732490321825636,0.49653261926933606,0
1487830600213111267,0.8512080635229329,1
1488021966541583187,0.8184073152274602,1
1488195001639382569,0.7788488569372126,1
1488363819177920116,0.8032038204224636,1
1483656227560478741,0.8627289364601417,1
1484000041667570193,0.3940353009325033,0
1484051472844308531,0.7775054487443775,1
1484139243061749069,0.8134461141061325,1
1484773521855911702,0.8550120210786802,1
1484810327307375753,0.7891109434383455,1
1484942895595343418,0.8120671010278881,1
1484974061809807086,0.18390678917926973,0
1488482064058136237,0.778765194534859,1
1488513572352207986,0.47064679537574183,0
1488575827340649861,0.4975388448649579,0
1489143147570800910,0.39902054066840636,0
1489439655923811327,0.8079420084936214,1
1485147794279598083,0.8285991742577082,1
1485180077669937647,0.782923903772917,1
1485394550398847251,0.8254285084204894,1
1485527073851361718,0.8290317497129454,1
1485687745445953404,0.8191970051296967,1
1489474985102021433,0.7474901653338589,1
1489496300577273561,0.7494385353015296,1
1489509932480680941,0.44713108180817634,0
1489525490622230147,0.5185346152876075,0
1489538678739195568,0.7618850509779975,1
1489688335407358102,0.8070545074066503,1
1489823015910813817,0.8480686479660041,1
1489833421390323467,0.7996465041095934,1
1489850067154882857,0.7823798299637917,1
1489880712230523808,0.7686380760278959,1
1485699844448081807,0.8132413093515878,1
1485814182871899506,0.5476561896378606,0
1486133121474129829,0.7510305923324226,1
1486201074088293299,0.8183200567867528,1
1486216874625940502,0.8115177772678417,1
1491275407992820916,0.7444670738929828,0
1491292998536920386,0.8421242740763856,1
1490039733275518596,0.7698831449211488,1
1490049932638534819,0.7641059153259584,1
1490113545272731206,0.7905755247835523,1
1490120313717376547,0.8276122895387196,1
1490163880710487715,0.8197330832073456,1
1490421381077275032,0.812660101606637,1
1490428923912474963,0.7503519943244038,1
1490455717837721919,0.8149120236408147,1
1490462491314942719,0.41673886837144214,0
1490530132576201009,0.8526797811891808,1
1491334917014906464,0.7801120315947272,1
1491437541300339266,0.8057606625557245,1
1491467683027027083,0.8067429845969988,1
1491470087760734750,0.4123632838754703,0
1491504393671542540,0.7970138587221074,1
1491506438693244105,0.8461768772153315,1
1491518674403753170,0.8174115812996221,1
1491552104123006326,0.4673472916464614,0
1491611725842468210,0.8358124677115792,1
1491654867389942039,0.8277809970765406,1
1491676757112721907,0.7529230799598338,1
1491682622345147092,0.7546956290878273,1
1491683883429997117,0.8174206661832886,1
1490539636144544291,0.7738125431289984,1
1490567096429645346,0.7875423378690514,1
1490583954404918330,0.8142167225854448,1
1490591778799914515,0.8129197878217381,1
1490600439933503014,0.8144991997907413,1
1490619189290083358,0.8090655787876756,1
1490659830186800186,0.8196623532038607,1
1490719249852715686,0.8013329261877491,1
1490739034620788089,0.8463118990421338,1
1490754687993494777,0.7529230799598338,1
1490786728159885960,0.46555373749357937,0
1490826665021043645,0.07225860138680436,0
1491684649429486970,0.7780926840980641,1
1491691377983830997,0.8045084575880618,1
1491705001618241268,0.7852148199114367,1
1492042831989682300,0.727019528167659,0
1492051020588870430,0.7783785834161601,1
1492123940048876357,0.7815369747778701,1
1492136340030564861,0.8252302512984758,1
1490828505151108109,0.8026514325927161,1
1490830536258207250,0.05446313900694276,0
1490920067578743480,0.7755407930435284,1
1490952106412351264,0.8289868504986482,1
1491004177456457005,0.8115696117696887,1
1491075962221939769,0.7677118568025959,1
1491078436851853011,0.8147088659633746,1
1491248678573157155,0.754785717528412,1
1492242575648883360,0.8027137682226646,1
1492268310985403458,0.7886924286341044,1
1492300540709444421,0.7610384435574022,1
1492470096242407702,0.7769126979646841,1
1492488319517051720,0.778300352446709,1
1492493242976868858,0.7787117614002617,1
1492775520094147771,0.7581785711495889,1
1492907169183532305,0.780694115306934,1
1492923833369159558,0.7793192850802979,1
1492985201987596542,0.42420658162762476,0
1491267285132323247,0.744649320873653,0
1494957633995974955,0.7795192951050863,1
1494970753582275586,0.7947451695308801,1
1495028183923068455,0.7823798299637917,1
1495053728062751588,0.8485878581262353,1
1495101986957333581,0.8088798306199445,1
1495122739722625462,0.34547298793680775,0
1495154257501627819,0.8264749875922226,1
1495389580091515148,0.7815369747778701,1
1495402739671421766,0.7803072252611732,1
1492994041478040775,0.5099331631449089,0
1492997509108306331,0.7535234343643032,1
1493058603881994410,0.7824007500903233,1
1493069195283272286,0.8098380221500866,1
1493075459761367723,0.4312868176024684,0
1493169643734106524,0.8289868504986482,1
1493350783991537744,0.8009387575463623,1
1495491603434571664,0.7803072252611732,1
1495501992377418893,0.7785067063558205,1
1495502404759537741,0.7461787153641011,0
1495564490750748051,0.727019528167659,0
1495630735698064383,0.7482945874120197,1
1495735540890723398,0.832619243056656,1
1495770536520607259,0.5064194549500397,0
1495912970301324366,0.41468141130716163,0
1495920185030297993,0.8042443190648827,1
1493399689194935343,0.763576170485989,1
1493419675650998229,0.7992807550693773,1
1493433754197704283,0.7778672013850231,1
1493434861345120894,0.7992807550693773,1
1493492016916818106,0.7801120315947272,1
1493553349033236214,0.8281663725772199,1
1493598342742793241,0.8074697052520123,1
1493652332558760807,0.8080799404211594,1
1493741924645001834,0.7907424438153307,1
1493752983784462097,0.7907424438153307,1
1496020459606912277,0.8106324162238668,1
1496023534924446942,0.7753090981161813,1
1496088164134073826,0.7719830937541547,1
1496343745065360589,0.8328962043371156,1
1496408055911407193,0.7801120315947272,1
1496411304246565973,0.7791180358505259,1
1496415848413599972,0.779718080209355,1
1496420525465537495,0.7803072252611732,1
1496472413662721325,0.778915532884853,1
1493758885634047487,0.7878439386749067,1
1493803025901650925,0.7758015360826496,1
1493807963887560836,0.7717320699438335,1
1493940660314810159,0.7820065602487415,1
1494177358098972795,0.42509249631861923,0
1494216535655677979,0.7842591894613283,1
1494244822879868999,0.779718080209355,1
1494260543994443898,0.780694115306934,1
1494284823949071825,0.7791180358505259,1
1494309513097312666,0.7791180358505259,1
1494342408890987334,0.817771218533698,1
1494465434847384407,0.7541141889996772,1
1496515624408089311,0.812039752568698,1
1496582299107487728,0.38230743208738727,0
1496689851308733915,0.8151188338145288,1
1496720216020789525,0.8625063378333993,1
1496743025259819326,0.5316720862870578,0
1496765919708128538,0.8407354189528523,1
1496781026927439525,0.5022672361937561,0
1497012662036002622,0.6735130691721446,0
1497017388044551140,0.7801606352490412,1
1497046397052398970,0.7881754722671769,1
1494469163956112463,0.8179371287692042,1
1494495006395645848,0.5060155193292861,0
1494658486232081726,0.7805012487880322,1
1494688165074884955,0.778915532884853,1
1494740520581659069,0.7801120315947272,1
1494743919441629413,0.7803072252611732,1
1494744352162066739,0.778300352446709,1
1494747362847320885,0.7795192951050863,1
1494749992467960643,0.7801120315947272,1
1494762957867709491,0.7787117614002617,1
1497053079901092495,0.7341574593797616,0
1497107101478742259,0.749280821554188,1
1497118536036366365,0.779718080209355,1
1497179079411932242,0.4219271346473362,0
1497206150079484676,0.8162522982058691,1
1497220815198019126,0.812039752568698,1
1497271055795164944,0.4749962549022105,0
1497272688475642387,0.8192208493722986,1
1497336855095149128,0.7964524591393504,1
1494771156575425389,0.7787117614002617,1
1494778650431097973,0.7787117614002617,1
1494779986962246029,0.778300352446709,1
1494783511201371252,0.7787117614002617,1
1494787722539664786,0.7338757956604202,0
1494805797210877954,0.7780926840980641,1
1494937049729130718,0.778300352446709,1
1498013966575264178,0.6688118964532164,0
1498013972665539359,0.9019368654071447,1
1498013976288036467,0.9019368654071447,1
1498013977784317324,0.8899961820541819,1
1498013989135902374,0.9019368654071447,1
1498013990732657868,0.8899961820541819,1
1498035775081901181,0.7957025739137554,1
1497403343008853061,0.7846106118535038,1
1497416789945818022,0.5606200504643787,0
1497437145592400706,0.7579919644657936,1
1497438372378092984,0.7965187502090719,1
1497466925494011137,0.7552680275450698,1
1497494644441808925,0.4298678021960335,0
1497550521846329542,0.7801120315947272,1
1497560670898862146,0.7803072252611732,1
1497564600814038724,0.7803072252611732,1
1497570021322299914,0.779718080209355,1
1497574880565259121,0.778915532884853,1
1498046003133858304,0.7535234343643032,1
1498142845986780338,0.8147058315525747,1
1498162945865816685,0.778915532884853,1
1498165591187236056,0.4849240454840832,0
1498435674617369299,0.7534212292371886,1
1498435692311507552,0.7287363859411532,0
1498435694233512857,0.7281381223981257,0
1497793338110546095,0.5667090811828112,0
1497808809576303033,0.44312825340620227,0
1497964001995507823,0.0777343945608217,0
1497965206876147248,0.028809739822329043,0
1497965321840430164,0.8267020879781953,1
1497992391406122112,0.7444670738929828,0
1498013936759190286,0.8899961820541819,1
1498013942182445820,0.802197887319559,1
1498435702137876241,0.753886676187743,1
1498435703188735693,0.7344885108156558,0
1498435727280140682,0.7722813434448834,1
1498436667391024191,0.7286176034368679,0
1498436680038051146,0.7278957282509362,0
1498436680110828076,0.7299010894068072,0
1498436684662252400,0.7277738567909454,0
1498436693774907788,0.775828010227366,1
1498436698797357082,0.7260739418350892,0
1498436702218502583,0.7738125431289984,1
1498436704039894616,0.7753551497477679,1
1498436708148537457,0.7261322970331976,0
1498013943044964114,0.7121969073293661,0
1498013953315467060,0.802197887319559,1
1498013953607812401,0.8938431882732544,1
1498013957834107916,0.9019368654071447,1
1498013959699503776,0.8899961820541819,1
1498013960232095872,0.8899961820541819,1
1498013964485077966,0.7565841734067684,1
1498013964968147045,0.8938431882732544,1
1500869000044461748,0.8356608934313375,1
1500893508485478664,0.8060187874336238,1
1498436710127677742,0.7271520531934809,0
1498436711088806946,0.7293239208863819,0
1498436716581821504,0.7752963425565813,1
1498436718219139802,0.7298509420390521,0
1498436724080384659,0.7755265502178418,1
1498436727310272795,0.7301784952781993,0
1498436727575230080,0.7752366572229464,1
1498436742940254420,0.7752963425565813,1
1498436743708535730,0.7259257891195343,0
1498436852698793415,0.7285192821750912,0
1500949753102344881,0.8139351414665895,1
1500950095288077182,0.8128895932343322,1
1500950290326514936,0.8126425220410625,1
1500976236664978303,0.7727193133305259,1
1501116734477066057,0.8055015302580154,1
1501117433038370380,0.7952317673609622,1
1501468082076634981,0.32382660251552636,0
1501483693818813405,0.7867500856734123,1
1501524600232616681,0.7833724772536087,1
1501606382529212642,0.8092489536321523,1
1498436867795458704,0.7268051827429901,0
1498437302026099957,0.7308273451209709,0
1498473893363099675,0.7957025739137554,1
1498493954152428429,0.7866238851358807,1
1498500786539263767,0.7890342669060167,1
1498519787965653172,0.7993864174283782,1
1498605511322596246,0.8088497965959703,1
1498641866592574954,0.8267075753680612,1
1499125246902807566,0.7795192951050863,1
1499133795892117407,0.779718080209355,1
1499313639232256748,0.8142956696822993,1
1499348268670584935,0.7718393966318154,1
1499410065937172310,0.5054665006905704,0
1499425403406544943,0.7749404611362978,1
1501710876007052885,0.3245514492981361,0
1501736008588300286,0.8267637884779068,1
1501809584121951812,0.8123996649561142,1
1502047999664968305,0.7471399652791713,0
1502072597056713315,0.7996817664123569,1
1502225649866947663,0.8464591102764135,1
1502231097939640514,0.7870923643460946,1
1502237400281000621,0.808928270941342,1
1502251784687709889,0.8454137977249586,1
1502284636326731083,0.5084851888904727,0
1502297594615891221,0.7795192951050863,1
1499431859847777224,0.5562793815579999,0
1499570198669222311,0.8054674167384108,1
1499613018100320760,0.8064481603011706,1
1499629759900043021,0.6678911582082239,0
1499719494093367309,0.7910497933258684,1
1499742629144556529,0.8451462179640392,1
1502304858643034497,0.779718080209355,1
1502334783834800138,0.7972613329814245,1
1502345227281971612,0.7614960847991125,1
1502399046321288704,0.7569286613412192,1
1502538937037462606,0.1297639465753336,0
1502571480276855109,0.4497597289606242,0
1502586293052419926,0.7976339858328543,1
1502672769598337749,0.7822399468330952,1
1502825629135765416,0.8346013075743943,1
1499935518626331458,0.7801120315947272,1
1499965342367614716,0.7791180358505259,1
1499973395630941045,0.7805012487880322,1
1499981016161673569,0.7767128807244059,1
1499987767675940429,0.7785067063558205,1
1499993046967807902,0.7903199052474981,1
1502836058860004077,0.7996817664123569,1
1502855317067473524,0.8027674836629947,1
1502901153458649940,0.8338715339146247,1
1502949488195353589,0.7981630081877431,1
1502993466102636498,0.7989959123497897,1
1503022478401810182,0.8184298879772658,1
1503082550946469628,0.8131861968172858,1
1503173104256265715,0.7877447299891797,1
1500003349663430030,0.7791180358505259,1
1500030675297613857,0.8334761426847612,1
1500033767417958573,0.7793192850802979,1
1500052097617685452,0.7787117614002617,1
1500097005163620057,0.7535234343643032,1
1500140145488044610,0.8036066148579114,1
1500158981582910456,0.8237637453215195,1
1500162562723746600,0.8157141847470285,1
1500291959350174564,0.2824874515130451,0
1500401837637096763,0.7928264370586263,1
1503243061864104142,0.44578569682299907,0
1503248473696837555,0.4383264102474832,0
1503280097499984847,0.5050213237065752,0
1503283231077208272,0.7529230799598338,1
1503323338337467118,0.8136351747458099,1
1503512715631629909,0.7770682320134312,1
1503712766916142792,0.8229165506075565,1
1503732633886736086,0.8038116766368629,1
1503765491433823084,0.811660662718384,1
1503912279108949953,0.8106851125631219,1
1503927370879182606,0.7446792926173441,0
1500439413542292062,0.779718080209355,1
1500442329930821801,0.778915532884853,1
1500447156481793849,0.7810764287736744,1
1500662454975263506,0.4509676859707967,0
1500721292900677812,0.80117996651421,1
1500729494577156567,0.8138355954443279,1
1500822241407117207,0.8065792983514455,1
1500860567733636949,0.8256464895053297,1
1507230826163986248,0.764662901432835,1
1507241170930926918,0.7552680275450698,1
1504484474328198479,0.8046106611734463,1
1504590201925669117,0.8078243198023186,1
1504591908640241935,0.8198476300495033,1
1504611220592528351,0.7577761559936604,1
1505063400519036946,0.7812028238945549,1
1505113624204855692,0.8187542313604107,1
1505181786944995332,0.8090841648472611,1
1505223938398029348,0.8316121100245104,1
1505721223553195006,0.8016565431007228,1
1505838935184834226,0.7529230799598338,1
1505921856959240187,0.797196148615698,1
1507250951327581826,0.812660101606637,1
1507314436431415440,0.7745364148272773,1
1507320902210050203,0.7915018002463641,1
1507326282488909638,0.7952623432683171,1
1507355526275610421,0.8134710729410376,1
1507561103321794897,0.505744279655596,0
1507576390160620903,0.7552680275450698,1
1507586379707065809,0.4263850953505235,0
1507600874631074536,0.8191014104571517,1
1505964560444414462,0.8444847512562276,1
1505970565457068772,0.8450496015967259,1
1506016860832949172,0.8203166354485861,1
1506034106397441902,0.8061969441776756,1
1506035585095567472,0.4098307501496063,0
1506124549655901893,0.817764776698687,1
1506199001476453387,0.8283590535515246,1
1506215229648573584,0.7491167642934334,1
1506215322393510561,0.8371559154183087,1
1506394138974148431,0.8057769080642065,1
1507611108856382952,0.8226147059297384,1
1507722791870785364,0.32892389232801494,0
1507763190297668871,0.8074656244692211,1
1507809902337782357,0.7504072949207515,1
1507819809438566972,0.8147315419123524,1
1507837295010288432,0.8004829333408339,1
1507947234657941390,0.8139426060860943,1
1507954031663092822,0.8057559622080916,1
1508141833098344284,0.8069055436745454,1
1508211362432766236,0.846642364644985,1
1506514494771990276,0.7891149993868957,1
1506532261776616111,0.818595247439575,1
1506600351282311868,0.7952106572355901,1
1506644180791096026,0.7948018031218274,1
1506650803995304938,0.7823798299637917,1
1506661576471950561,0.7441194762307496,0
1506678200585983251,0.7943745553725451,1
1506940167036401350,0.8161003809357454,1
1507109173153866198,0.7848009121759242,1
1513490066099546121,0.788298553070893,1
1508222361958294919,0.8123408728992495,1
1508222594147629563,0.815128944274385,1
1508268994953091794,0.8121950824909965,1
1508271910101720771,0.5295851460910608,0
1508851094360591998,0.7642244853544582,1
1508871134786523464,0.8350673283469289,1
1508922452014896346,0.8237708557663399,1
1509357723161147717,0.42131529517442395,0
1513712259162160991,0.7520482349365479,1
1513730430427461759,0.7971906180347031,1
1513795164161511916,0.8068486436380963,1
1513810828286124460,0.8070101912162128,1
1513833052864604282,0.7513152151967748,1
1513839361558493444,0.808218293733763,1
1513840602549181706,0.8094541394788012,1
1514138307010003162,0.8162219923529952,1
1514212965896890031,0.8452054412085104,1
1509413590397071184,0.7926410102030171,1
1509466891238109416,0.505744279655596,0
1509484080082265693,0.7529230799598338,1
1509942076286946453,0.7474901653338589,1
1509961736811578274,0.7494385353015296,1
1510115522081214952,0.5185346152876075,0
1510127107221522731,0.7474901653338589,1
1510152479172974151,0.823277782696877,1
1510261684631116772,0.8078272392996778,1
1510310224353584308,0.41831263300388943,0
1510790688468946113,0.8107696743848704,1
1514441706846518930,0.8007040367286122,1
1514562054561375716,0.44632968450377103,0
1514644023113299430,0.7978980428285235,1
1514759418307184584,0.8060246041232211,1
1514851460322649875,0.801916631812519,1
1515318676642532804,0.8199355858678227,1
1515370744772432218,0.4406838720119377,0
1515421629070318028,0.48401207639466576,0
1515447082772342719,0.8012155134273856,1
1515521838647920579,0.8058487404962821,1
1510917353078119330,0.8107494441959398,1
1510933415195507919,0.7811845500166221,1
1511053571899453796,0.781884780212446,1
1511272103318410321,0.43128579121820276,0
1511424808096318956,0.7792681529006792,1
1511561563002603131,0.8580788618730003,1
1511587768657420161,0.8228766515046235,1
1511624482631209830,0.7822086661881468,1
1515582981814972231,0.8273285443895584,1
1515839137692006900,0.4198032754239288,0
1515865784624758141,0.7845223337307462,1
1515922404027092897,0.8447049687635466,1
1516003878001801506,0.5059457009099794,0
1516008981926592429,0.8023621444630427,1
1516051496994524089,0.7770730141872333,1
1516146845492612450,0.7925130445266658,1
1516153501298325288,0.7929178669538887,1
1511645751514360203,0.8083506388879793,1
1511650724254300460,0.7552680275450698,1
1511660499480279192,0.7552680275450698,1
1511663947669411714,0.7535234343643032,1
1511790116755528450,0.8294649329311944,1
1511861560985663642,0.7662239836306723,1
1511934060011406871,0.8217116010357104,1
1516362024491649532,0.8319891371560617,1
1516505666671183039,0.81485299937943,1
1516558507714264116,0.8102197600178966,1
1516573613977949896,0.7510305923324226,1
1516645607936376374,0.7470137801558036,0
1516646142556473611,0.749679091995714,1
1516710184083346237,0.7535234343643032,1
1516758787283856252,0.7858063132547194,1
1516830297844700858,0.7523176919362777,1
1512187318230506212,0.809580642186434,1
1512297183101953252,0.8248280921190436,1
1512355583772068367,0.8226704112605414,1
1512466468355789228,0.794623215308632,1
1512472141564897272,0.8044884159006174,1
1512506951343823488,0.7976620404650967,1
1512550756679372172,0.7529230799598338,1
1512620826158860729,0.7480284510429492,1
1512672521464396826,0.8279496600503639,1
1516830775974434631,0.7508869643881824,1
1516837851724896219,0.7795552534231637,1
1516838432464909025,0.7515963956828622,1
1516838890844261080,0.7533376886246865,1
1516839389098733031,0.8396301217278193,1
1517085784775464796,0.7846504281829421,1
1517379294907980634,0.7875408159508275,1
1517404087132926703,0.8080189810928056,1
1517404482581858896,0.7523176919362777,1
1517411633902979015,0.7506820537795265,1
1512715294981380182,0.8455698690582919,1
1512985938232949609,0.44078688792734566,0
1513055442596977277,0.8169939448098595,1
1513105895566243569,0.8058195169033986,1
1513114697250176591,0.8099766467508677,1
1513119674645493772,0.8347841254238507,1
1513171030592954156,0.8330151795965954,1
1513236196271557027,0.8092887918365004,1
1513248924720359067,0.7846106118535038,1
1513250066676885558,0.7546956290878273,1
1513256240221345163,0.7535234343643032,1
1513257553669158217,0.7552680275450698,1
1517411991425855210,0.8138717928673559,1
1517412356930547548,0.7511258541307719,1
1517412719372440487,0.7510782719894203,1
1517413221073007231,0.8340191618724174,1
1517416066466873234,0.8309870967140421,1
1517426735594168549,0.7779192050871941,1
1517491236242369826,0.812976563658865,1
1517494360924507100,0.8309839050597708,1
1517521507461964693,0.8282132703705571,1
1517555075974185062,0.7555793001098321,1
1513258797138374702,0.816931363020338,1
1513376615171579689,0.8239220335071762,1
1518890068137401134,0.7535234343643032,1
1518893855398060763,0.8236486789955428,1
1518909741653058408,0.8073284152896334,1
1518913473031405970,0.8327755564210759,1
1518915992351080055,0.858719966573507,1
1518946251605886598,0.7753551497477679,1
1518946272459046253,0.7272762998149775,0
1518946334417644182,0.7280171490606759,0
1518946458912713350,0.7265000736891519,0
1517562010347002839,0.8275661125898056,1
1517703060103038929,0.793768235371608,1
1517710826703352414,0.8122699463902183,1
1517788083577620436,0.8179173228129714,1
1517953364769362751,0.7501759610779501,1
1518946744031602482,0.7300153097445914,0
1518975266283110881,0.8073284152896334,1
1518977941633677526,0.8073284152896334,1
1519010182692976428,0.8284859841266827,1
1519045856360508874,0.789804115308759,1
1519746805848306315,0.7859611581000726,1
1519904036926125987,0.8358347383348462,1
1520412480094796137,0.7886814047229952,1
1520472004876670446,0.7960059289761534,1
1520497356518846587,0.8107108064458726,1
1518015614681274396,0.7538944607294796,1
1518103931677643407,0.7916592699895114,1
1518106211764330989,0.7499053231222277,1
1518145740023617475,0.8067637374909021,1
1518194647322488321,0.808928270941342,1
1518232643177537314,0.8115640692814342,1
1518345023898568625,0.7833641524540876,1
1518352509290380578,0.7535234343643032,1
1518873220982601935,0.7811592678105699,1
1520646116462002346,0.8168222291562262,1
1520735231137742487,0.7801120315947272,1
1520824120098138513,0.8223495600686047,1
1520972068416481281,0.8007040367286122,1
1520994819015956834,0.8063196027205404,1
1521034204132216440,0.8580814181475142,1
1521076788333154692,0.7730100048543532,1
1521123108461667324,0.8275328861379443,1
1521274508682171456,0.8093559058691888,1
1518887176820928954,0.7535234343643032,1
1518888124429817203,0.7535234343643032,1
1518888879660600883,0.7529230799598338,1
1523911966921003302,0.7795552534231637,1
1523915056123375823,0.19860349022282198,0
1524006585401756341,0.7541141889996772,1
1524009071593426399,0.8010506980526814,1
1524046452379388581,0.7961098698185513,1
1524130133553732897,0.8376943312695686,1
1524164700929701895,0.8079402772125867,1
1521283909306902565,0.7773912512232635,1
1521310964035046998,0.5413214933845505,0
1521433991882012648,0.8156350380227654,1
1521616849551765073,0.7785445998084941,1
1524193290055644735,0.8156638919708428,1
1524205188824076055,0.8017333135182046,1
1524212681897525684,0.8048294994033869,1
1524216807465890745,0.8041592772003812,1
1524221155607873995,0.803472820067203,1
1524225442089587218,0.8067093842978391,1
1524230085054816025,0.8131487788399644,1
1524238435767535401,0.7990515246442973,1
1521617109138096825,0.8222485235455098,1
1521821280114893261,0.8392823999685642,1
1521821524347376022,0.8336086878839246,1
1521841640868213735,0.7986749577811005,1
1521845093166881816,0.7989605951560966,1
1521846726137559092,0.47378797289291047,0
1521848367963498302,0.7981658807795955,1
1521862935961259342,0.8236709861572692,1
1524241352867414677,0.8163627250789082,1
1524246857841179711,0.8091388449244731,1
1524351660767372750,0.7980015914521924,1
1525382626288024837,0.8165475431686449,1
1525464535853155778,0.40992182513881603,0
1525578434378059330,0.8225864336493163,1
1525583947091186690,0.7938122609741158,1
1525640813898753041,0.7549256585804724,1
1525677531123989989,0.833581205605183,1
1525725656433922494,0.7951059348189637,1
1525729518766207947,0.7956860550968876,1
1521874757010617923,0.7628802696492063,1
1521900334878114633,0.8384342858024914,1
1521902811635943582,0.8432689287961395,1
1521905819275516912,0.8246459979447941,1
1521914399463517283,0.8276395512372741,1
1521956044679151721,0.7577486275610095,1
1522109007247042036,0.8017824080043449,1
1522149695451999687,0.7641059153259584,1
1522173509335644769,0.8046580551338296,1
1522174424159521577,0.802826557180437,1
1525732477507234950,0.7956860550968876,1
1525734613280784300,0.7950273219452715,1
1525738249333485053,0.8130867096412552,1
1525754100255323325,0.8189125693571498,1
1526078797673744570,0.8037167217966036,1
1526116898397713000,0.8073284152896334,1
1526128468216503754,0.8073284152896334,1
1526134919503477548,0.8073284152896334,1
1526136202445833601,0.8073284152896334,1
1526139245891091932,0.8899752024274413,1
1522318972045331660,0.7503519943244038,1
1522341621568800144,0.7458979708463513,0
1522468183043324066,0.7570569836583647,1
1522503727016343960,0.8363311158495358,1
1522517030737496324,0.8146664980372175,1
1522525098873387238,0.8173650104571618,1
1522567881907057745,0.8072152743865614,1
1522633918481634955,0.7483905609550565,1
1526139249393717191,0.8899752024274413,1
1526139297538997460,0.8072835460075056,1
1526139302568995407,0.8097484969658324,1
1526139323276936775,0.8097484969658324,1
1526139684637114133,0.8132298396961549,1
1526155119812458603,0.8161907402839848,1
1526174402813763683,0.7811547926711352,1
1526177620317871971,0.8203865007308997,1
1526211873627723127,0.7529230799598338,1
1526236427204070416,0.758476517783553,1
1522675213796890772,0.8210072263009794,1
1522708614887352457,0.8174927632707552,1
1522858425775477164,0.8212864716707357,1
1523141889503113937,0.7485717258630701,1
1523148022710543475,0.1676682377355842,0
1526241945964357394,0.7731363286787839,1
1526242679914920251,0.8375973583960172,1
1526253628570354787,0.8162274067683042,1
1526278815485673713,0.7953671742050553,1
1526281372188428056,0.7596365227595558,1
1526293978954423091,0.7618694554691287,1
1526295053080795071,0.7815654100644128,1
1526396069867942132,0.7862609331962167,1
1526457931972759437,0.7803876105122703,1
1526501861336512414,0.8194761901912424,1
1523152238287585609,0.17283052309417368,0
1523221340951344530,0.8159087492826363,1
1523244498154285580,0.8289273922167831,1
1523266531284286589,0.7389365213842021,0
1523301881394036427,0.7833409197691487,1
1523332157990878628,0.8182432122034076,1
1523383485759857649,0.7489545239555389,1
1523429927113259918,0.8331358480849672,1
1523436700732863137,0.7475103913295037,1
1523441220537840572,0.7475103913295037,1
1523443105843245629,0.7475326167175949,1
1526508466879246234,0.8431920729587109,1
1526743122900980568,0.7517819762925121,1
1526793684073590229,0.7870521413450006,1
1526794100790840072,0.7892267331611075,1
1526826179275117051,0.7507907176947214,1
1526826683275297457,0.7525449017669674,1
1526827188379974002,0.7801124977364603,1
1526852267480669712,0.7835466961069683,1
1526901670300547466,0.7536171421478919,1
1526916652407247576,0.8095353858252888,1
1523444380089530823,0.7475103913295037,1
1523445267369000126,0.7475326167175949,1
1523446173228110535,0.7475768102811112,1
1523448489853804569,0.7475103913295037,1
1523452097435455495,0.7475103913295037,1
1523458365956507533,0.7475103913295037,1
1523459956632449203,0.7475103913295037,1
1523461616400069846,0.7475103913295037,1
1523825526552956109,0.8262014853958701,1
1528124730777377601,0.8128622048138185,1
1527033549721520768,0.8144725072728699,1
1527034067205415406,0.8115339850529856,1
1527036515704818724,0.8203113723204594,1
1527094911129481426,0.7891261930796221,1
1527113995985355351,0.8326597022106921,1
1527115224080387094,0.7584718991362932,1
1527148434686891943,0.8604854933732382,1
1527158822281183564,0.8071111291050961,1
1527520734338587419,0.7525072459367477,1
1527563288418057875,0.8353839756259577,1
1528275721065793721,0.7807009469995402,1
1528324753515683147,0.809483659526556,1
1528328794323549967,0.8090526046121892,1
1528369413364214389,0.8305476669698437,1
1528384235212398711,0.8666449655122765,1
1528413996276956722,0.7852148199114367,1
1528478036443042989,0.7852148199114367,1
1528479737967914971,0.812039752568698,1
1528495456503802130,0.7823798299637917,1
1528590520587138754,0.8345072610448468,1
1527768915218280690,0.7846106118535038,1
1527824333935080894,0.7969950927975005,1
1527858156057360553,0.8052343629757628,1
1533448598948159299,0.8176374639376985,1
1528857384592392079,0.8116756716721351,1
1528958949653585824,0.7821673404776801,1
1528998957406950922,0.7543727611173905,1
1529013635962347543,0.8367261201429789,1
1529078564009156133,0.8203230178208146,1
1529082893232742431,0.8154218994626197,1
1529120218450956995,0.8273939408771882,1
1529187561287951625,0.8168454765964713,1
1529205884756779183,0.8121550594805942,1
1533490226387348676,0.8071179012740943,1
1533508860292696541,0.8021307676348681,1
1533540954411045753,0.8130915203250099,1
1533924563996360806,0.8204708445687515,1
1534043914855056870,0.8010977305260959,1
1534096257671828138,0.7621001980386161,1
1534103284747302168,0.784822927848353,1
1534156022499607559,0.8063752103601217,1
1534268272124651937,0.7645168778050458,1
1534413871832747608,0.8264054140282971,1
1529274495793220672,0.8271224423279809,1
1529315588810415716,0.7933766905576893,1
1529325615029692593,0.8074891422009886,1
1529773579817541199,0.814096814010678,1
1529828282757794526,0.7986888663145353,1
1529848797926738046,0.8050974390304252,1
1529862229950417023,0.8050974390304252,1
1529897385927301326,0.8074696320154383,1
1529903281532932694,0.8074928090046447,1
1530428553678742149,0.8124954686983058,1
1534966182090413735,0.7823798299637917,1
1535090795108682784,0.7846531911789125,1
1535213031671396675,0.7474901653338589,1
1535225190499382623,0.7498187149817637,1
1535229254383186109,0.7474901653338589,1
1535233314748728519,0.7498187149817637,1
1535590341108397533,0.8233947818983027,1
1535665788672003241,0.8188887502402584,1
1536092119009746298,0.816786579850111,1
1536233779774703175,0.8198254056876595,1
1536252834534517960,0.8237529753339381,1
1530439174211624040,0.7682830115879583,1
1530464837725633340,0.7716902240663367,1
1530467951796398588,0.8088207948326993,1
1530553805896431235,0.8482583429273592,1
1530562653778121332,0.802176471485588,1
1530582848138410224,0.8088318255295522,1
1530638118393571261,0.8137531680568453,1
1530640185270438223,0.8125189998101385,1
1530645881335000694,0.8130238169102114,1
1531117189811971222,0.80117996651421,1
1531153666024624351,0.8298169923124424,1
1531202173433932146,0.8489014832777805,1
1536265300093660053,0.802210892867298,1
1536294381058359697,0.8201895529977291,1
1536308921752348965,0.8447006024847127,1
1536378121404585169,0.8214478544767236,1
1536422041315008528,0.8087909221414844,1
1536451490092872578,0.7710982496645616,1
1536472668661798195,0.8045673645705991,1
1536537887867749649,0.8045150562944451,1
1536572835778909759,0.8048205202312736,1
1536614104725700878,0.7749404611362978,1
1536756318366461565,0.723129560025362,0
1531360634318161408,0.7846106118535038,1
1531363829746021422,0.760808535289651,1
1531638617353700697,0.7630110068817467,1
1531761740060488124,0.8056705679976677,1
1531930622073457216,0.8117187132756358,1
1531932699311231127,0.8242046959303533,1
1536832094626154430,0.8272887244988817,1
1536833611221565419,0.813469578558276,1
1536915698053725021,0.780592686660849,1
1536944593744034423,0.7746297903429393,1
1537001539193676836,0.8167294024022129,1
1537004308431857524,0.7774389214438243,1
1537007349949865131,0.7774389214438243,1
1537032708578710193,0.8167664159050627,1
1537033029448427202,0.7800661866267798,1
1531973451292378459,0.7947517720407112,1
1531991104985898942,0.7966472714526298,1
1532035007944142811,0.7828198105064406,1
1532046458014939636,0.8203407671269868,1
1532064451299750797,0.8103494508051605,1
1532068768734247899,0.8362534868456153,1
1532083337680184547,0.8011425118436333,1
1532123933763204899,0.8224008135720194,1
1532190440823153592,0.8010428290628006,1
1532257869684605623,0.8351259748583417,1
1537036611335961638,0.8482168473609003,1
1537043515999106005,0.7980008244168872,1
1537063534563239018,0.8021307676348681,1
1537232848789148717,0.7915067343424347,1
1537245381684060308,0.7985313621321699,1
1537309326547009534,0.43647208648645014,0
1537531713628766687,0.753161109322425,1
1537590023694920162,0.8126266297359699,1
1537609123779793071,0.4261332536621643,0
1537612205079655223,0.7793512942570155,1
1532609077690353173,0.8101167504849002,1
1532643474922732228,0.8040323730940956,1
1532694613459824084,0.8206366259319944,1
1532716809726506012,0.8256808876200477,1
1537670627085750870,0.837051327808636,1
1537735001945689549,0.8057183473362787,1
1537763443946497651,0.8196364759809459,1
1537768006423169096,0.8275231666907095,1
1537768446035877832,0.8107531971864536,1
1537769145284178615,0.8136312299278292,1
1537769909895298711,0.8218956651630163,1
1537770261764538247,0.8247171116229048,1
1537771672003969063,0.8279137832393562,1
1532718513427497970,0.7817996259434588,1
1532753794901142390,0.7967489612987214,1
1532823137285576474,0.8099159164337792,1
1532833103503827977,0.8115513122937208,1
1532858662728187165,0.802478109187872,1
1532862241384466424,0.8079371033827006,1
1532869620539152837,0.7691053284398559,1
1532878072576284420,0.7698831449211488,1
1533023242651192483,0.8146617416405992,1
1537773149764931728,0.8343635956782273,1
1537836228774277925,0.813328621581455,1
1537928416449893983,0.8060246041232211,1
1538027825681734911,0.8123579887123277,1
1538102648938215354,0.8002721993989503,1
1538144153494677616,0.7959434654836411,1
1538233845142724475,0.8383244111657546,1
1538234218418480883,0.7538253295523033,1
1538250467214735999,0.7678919690014999,1
1538250797588204468,0.7609366247435116,1
1533049199020774562,0.7968808229381733,1
1533315212542247867,0.8099986293996697,1
1533321128054191989,0.8145879864343973,1
1533377985850678157,0.7837358311196841,1
1538489467775026623,0.8213490886300508,1
1538492698822089640,0.8213490886300508,1
1538495129075425987,0.8213490886300508,1
1538497583422787902,0.834424491767363,1
1538498053410179828,0.8213490886300508,1
1538500531915622434,0.8230028672647394,1
1538504763553343187,0.8213490886300508,1
1538527041242643799,0.8057225588486507,1
1538529367540079762,0.8252202521325982,1
1538279146921446106,0.778250794819615,1
1538362180554281455,0.7638551808955256,1
1538369736523254116,0.7682263646180258,1
1538370218769286406,0.759497740230094,1
1538375117550321563,0.8213490886300508,1
1538442322705561033,0.8155803824499731,1
1542771445085221006,0.8419495555194997,1
1542825555455249612,0.8101926288102679,1
1542900724907610798,0.8019365957539963,1
1542914681472270680,0.7486817090427245,1
1538529455967624334,0.8057225588486507,1
1538542600685661918,0.8345366007625158,1
1538567474001290969,0.8063381185234241,1
1538621555866214244,0.8274798078557971,1
1538621799570585286,0.8263637927531328,1
1538695239224735928,0.7987841310953478,1
1538834790141533296,0.8181972857932434,1
1538978562821593013,0.8318379336727105,1
1538995881169227285,0.8146507577743081,1
1542922226320714444,0.7478070932192904,1
1542922765949970608,0.7481828483348825,1
1542925395234540443,0.8131259388539276,1
1542935917643002027,0.8077539894546121,1
1542972679232212270,0.851825926245583,1
1542995546796878784,0.8052785958678386,1
1543009955698357698,0.8279710496301061,1
1543048263687798894,0.8042169625233822,1
1543096915586047395,0.8044993483296283,1
1543141113944553347,0.8013813378447783,1
1539039131231446418,0.813729987514987,1
1539218113614782729,0.8260630526751251,1
1539258002471617662,0.8289740632309949,1
1539277154890285764,0.819936904273481,1
1539281031729729583,0.8161935845046214,1
1539284976295675831,0.8161935845046214,1
1539319549915039324,0.7697812173563067,1
1543142525748435769,0.8210950336969695,1
1543554069174168235,0.815028377074347,1
1543578822934402698,0.8162245450386486,1
1543630144058158526,0.8121127452486113,1
1543644045580112031,0.8306275885764035,1
1543734448427973163,0.815028377074347,1
1543739351652842293,0.8365778970899909,1
1544100012438732407,0.8085257025951638,1
1544254652623713457,0.8059161630232832,1
1544263785289619404,0.7957268292041769,1
1539325751223787689,0.8377750708308325,1
1539328549406212902,0.8121481093420331,1
1539347308694972879,0.8437730493708696,1
1539354588044168434,0.8338788587633407,1
1539377352836665964,0.8139642782007028,1
1539471364389924032,0.7876900129945081,1
1544287366277719121,0.7975893717647815,1
1544296778775722076,0.7920660612494478,1
1544307887583390573,0.8068374245863971,1
1544314693898439806,0.800451059590652,1
1544318139674199213,0.7896707583903396,1
1544320578489476359,0.7896707583903396,1
1544328486498947453,0.8068374245863971,1
1544329261243147663,0.7896707583903396,1
1544330321680826617,0.7920660612494478,1
1539874749951418787,0.8437730493708696,1
1539939761488409687,0.8769235810141541,1
1540025141403132783,0.8297620523729136,1
1540090828200782106,0.812234747065624,1
1544333060541274279,0.7920660612494478,1
1544334884319178791,0.7920660612494478,1
1544335224642772389,0.7920660612494478,1
1544336672797639560,0.7920660612494478,1
1544339029112543492,0.8068374245863971,1
1544343129576847775,0.7975893717647815,1
1544343246701785951,0.7975893717647815,1
1544344580897432844,0.7975893717647815,1
1544345427438680051,0.797196148615698,1
1540583875444392726,0.8187314144787299,1
1544368821983724524,0.822786918340899,1
1544379239683760154,0.7750901354539166,1
1544429595910354460,0.8195605870736281,1
1544461035933787341,0.8584324490109532,1
1540584177001206852,0.8353735945263983,1
1540785364063809110,0.803365243005733,1
1540828101464391771,0.8087636861622928,1
1540855273336386814,0.8161571597650553,1
1540916945233924762,0.8198476300495033,1
1540962172944987623,0.819165730318181,1
1541155808497014313,0.7290472971936296,0
1541333706859567281,0.865504742348993,1
1541342997802191207,0.8229770616734879,1
1541343372398055695,0.8167008615577267,1
1541343677500117264,0.8170775511162932,1
1541346320963078719,0.8133801478311106,1
1541410077411951700,0.8388123189388133,1
1541435541425483187,0.8320443176855652,1
1541510112827671252,0.803655207695179,1
1541627343825168427,0.769683581065113,1
1542031109068978145,0.8443078158194548,1
1542089161036624417,0.7947146850403325,1
1542100051331099683,0.7686231558578467,1
1542114861635439999,0.7798555605708424,1
1542115439204695052,0.7799445060444258,1
1542115664943971502,0.744649320873653,0
1542118595095045171,0.7722813434448834,1
1542136130893202937,0.8001306514645001,1
1542141648509956980,0.815028377074347,1
1542153262265201586,0.8176168468460353,1
1542157719473362537,0.844420485520431,1
1542161771943625141,0.8430093821134976,1
1542176879684916130,0.8248343791452601,1
1542176889136610466,0.8248343791452601,1
1542222439506758677,0.8166955784165606,1
1542263962975980893,0.8238436451023834,1
1542275351989177343,0.7816978379362068,1
1542313342236487509,0.8051980472344555,1
1542355084656952911,0.7702499717613831,1
1542679795571631886,0.8131212797209874,1
1542710071127049733,0.8011353948433942,1
1542743646453727669,0.807129693390647,1
1542754247487336803,0.8127050876864792,1
1542771093257321872,0.8218547267951049,1
